<?xml version='1.0' encoding='UTF-8'?>
<osm version='0.6' generator='JOSM'>
  <node id='-101752' action='modify' visible='true' lat='35.17938804621' lon='126.90640123889' />
  <node id='-101753' action='modify' visible='true' lat='35.17937905626' lon='126.90640495863' />
  <node id='-101754' action='modify' visible='true' lat='35.17937007952' lon='126.90640844791' />
  <node id='-101755' action='modify' visible='true' lat='35.17936084967' lon='126.90641182197' />
  <node id='-101756' action='modify' visible='true' lat='35.17935134411' lon='126.90641504241' />
  <node id='-101757' action='modify' visible='true' lat='35.17934252343' lon='126.9064179025' />
  <node id='-101758' action='modify' visible='true' lat='35.17933346275' lon='126.90642060303' />
  <node id='-101759' action='modify' visible='true' lat='35.1793241935' lon='126.90642487597' />
  <node id='-101760' action='modify' visible='true' lat='35.17931491062' lon='126.90642981742' />
  <node id='-101761' action='modify' visible='true' lat='35.17930589078' lon='126.90643447726' />
  <node id='-101762' action='modify' visible='true' lat='35.179296804' lon='126.90643817779' />
  <node id='-101763' action='modify' visible='true' lat='35.17928767688' lon='126.9064407268' />
  <node id='-101764' action='modify' visible='true' lat='35.1792787262' lon='126.9064433523' />
  <node id='-101765' action='modify' visible='true' lat='35.17926939462' lon='126.90644611365' />
  <node id='-101766' action='modify' visible='true' lat='35.17925972037' lon='126.90644883846' />
  <node id='-101767' action='modify' visible='true' lat='35.17924994128' lon='126.90645130367' />
  <node id='-101768' action='modify' visible='true' lat='35.17924036132' lon='126.90645357034' />
  <node id='-101769' action='modify' visible='true' lat='35.17923018899' lon='126.90645567251' />
  <node id='-101770' action='modify' visible='true' lat='35.17922003034' lon='126.90645770204' />
  <node id='-101771' action='modify' visible='true' lat='35.17921017443' lon='126.90646000059' />
  <node id='-101772' action='modify' visible='true' lat='35.17920017272' lon='126.90646226048' />
  <node id='-101773' action='modify' visible='true' lat='35.17919005194' lon='126.90646443589' />
  <node id='-101774' action='modify' visible='true' lat='35.17918069402' lon='126.90646608331' />
  <node id='-101775' action='modify' visible='true' lat='35.17917050844' lon='126.90646776512' />
  <node id='-101776' action='modify' visible='true' lat='35.17916038852' lon='126.90646925005' />
  <node id='-101777' action='modify' visible='true' lat='35.17915038221' lon='126.90647045637' />
  <node id='-101778' action='modify' visible='true' lat='35.17914035965' lon='126.90647154197' />
  <node id='-101779' action='modify' visible='true' lat='35.17913027219' lon='126.90647229482' />
  <node id='-101780' action='modify' visible='true' lat='35.17912067721' lon='126.9064729614' />
  <node id='-101781' action='modify' visible='true' lat='35.17911107526' lon='126.90647572322' />
  <node id='-101782' action='modify' visible='true' lat='35.17910233516' lon='126.90647870135' />
  <node id='-101783' action='modify' visible='true' lat='35.17909334728' lon='126.90648166154' />
  <node id='-101784' action='modify' visible='true' lat='35.17908433932' lon='126.90648432032' />
  <node id='-101785' action='modify' visible='true' lat='35.17907530137' lon='126.90648688287' />
  <node id='-101786' action='modify' visible='true' lat='35.17906527191' lon='126.90648948694' />
  <node id='-101787' action='modify' visible='true' lat='35.17905551197' lon='126.90649184618' />
  <node id='-101788' action='modify' visible='true' lat='35.17904654118' lon='126.90649312193' />
  <node id='-101789' action='modify' visible='true' lat='35.17904228364' lon='126.90649231551' />
  <node id='-101790' action='modify' visible='true' lat='35.17903284235' lon='126.90648837763' />
  <node id='-101791' action='modify' visible='true' lat='35.17902519432' lon='126.90648238128' />
  <node id='-101792' action='modify' visible='true' lat='35.17901751572' lon='126.90647612075' />
  <node id='-101793' action='modify' visible='true' lat='35.17900820091' lon='126.9064712639' />
  <node id='-101794' action='modify' visible='true' lat='35.17899977698' lon='126.90646682343' />
  <node id='-101795' action='modify' visible='true' lat='35.17899153158' lon='126.90646159343' />
  <node id='-101796' action='modify' visible='true' lat='35.17898333619' lon='126.90645578789' />
  <node id='-101797' action='modify' visible='true' lat='35.17897545124' lon='126.90644972541' />
  <node id='-101798' action='modify' visible='true' lat='35.17896666829' lon='126.90644350352' />
  <node id='-101799' action='modify' visible='true' lat='35.17895870283' lon='126.90643824263' />
  <node id='-101800' action='modify' visible='true' lat='35.17895019175' lon='126.90643234953' />
  <node id='-101801' action='modify' visible='true' lat='35.17894218408' lon='126.90642641352' />
  <node id='-101802' action='modify' visible='true' lat='35.17893452893' lon='126.90642047509' />
  <node id='-101803' action='modify' visible='true' lat='35.17892584764' lon='126.9064139909' />
  <node id='-101804' action='modify' visible='true' lat='35.17891731751' lon='126.9064075851' />
  <node id='-101805' action='modify' visible='true' lat='35.17890889669' lon='126.90640145504' />
  <node id='-101806' action='modify' visible='true' lat='35.1789006609' lon='126.90639524609' />
  <node id='-101807' action='modify' visible='true' lat='35.17889249949' lon='126.90638893153' />
  <node id='-101808' action='modify' visible='true' lat='35.17888424378' lon='126.90638255681' />
  <node id='-101809' action='modify' visible='true' lat='35.17887615088' lon='126.90637594026' />
  <node id='-101810' action='modify' visible='true' lat='35.17886790091' lon='126.9063698183' />
  <node id='-101811' action='modify' visible='true' lat='35.17885943056' lon='126.90636391051' />
  <node id='-101812' action='modify' visible='true' lat='35.17885110128' lon='126.90635785593' />
  <node id='-101813' action='modify' visible='true' lat='35.17884794645' lon='126.90635547556' />
  <node id='-101814' action='modify' visible='true' lat='35.17884141039' lon='126.90634720897' />
  <node id='-101815' action='modify' visible='true' lat='35.17883497897' lon='126.90633822337' />
  <node id='-101816' action='modify' visible='true' lat='35.17882977701' lon='126.90632808988' />
  <node id='-101817' action='modify' visible='true' lat='35.17882753131' lon='126.90632207376' />
  <node id='-101818' action='modify' visible='true' lat='35.17882579461' lon='126.90631115172' />
  <node id='-101819' action='modify' visible='true' lat='35.1788246177' lon='126.90629973999' />
  <node id='-101820' action='modify' visible='true' lat='35.1788237515' lon='126.90628747487' />
  <node id='-101821' action='modify' visible='true' lat='35.17882389232' lon='126.90627792694' />
  <node id='-101822' action='modify' visible='true' lat='35.17882599278' lon='126.90626849603' />
  <node id='-101823' action='modify' visible='true' lat='35.17883069118' lon='126.90625715524' />
  <node id='-101824' action='modify' visible='true' lat='35.17883644866' lon='126.90624665792' />
  <node id='-101825' action='modify' visible='true' lat='35.17884270011' lon='126.90623849816' />
  <node id='-101826' action='modify' visible='true' lat='35.17885003619' lon='126.90622998754' />
  <node id='-101827' action='modify' visible='true' lat='35.17885791127' lon='126.90622126363' />
  <node id='-101828' action='modify' visible='true' lat='35.17886623195' lon='126.90621403844' />
  <node id='-101829' action='modify' visible='true' lat='35.17887458873' lon='126.90620761193' />
  <node id='-101830' action='modify' visible='true' lat='35.1788826059' lon='126.90620184656' />
  <node id='-101831' action='modify' visible='true' lat='35.17889080043' lon='126.90619630742' />
  <node id='-101832' action='modify' visible='true' lat='35.17889990457' lon='126.906190326' />
  <node id='-101833' action='modify' visible='true' lat='35.17890819817' lon='126.90618350738' />
  <node id='-101834' action='modify' visible='true' lat='35.17891580158' lon='126.90617741727' />
  <node id='-101835' action='modify' visible='true' lat='35.17892420398' lon='126.90617101966' />
  <node id='-101836' action='modify' visible='true' lat='35.17893320378' lon='126.90616641863' />
  <node id='-101837' action='modify' visible='true' lat='35.17894274146' lon='126.9061622322' />
  <node id='-101838' action='modify' visible='true' lat='35.17895136297' lon='126.90615885587' />
  <node id='-101839' action='modify' visible='true' lat='35.17896009226' lon='126.90615569021' />
  <node id='-101840' action='modify' visible='true' lat='35.1789700712' lon='126.90615205056' />
  <node id='-101841' action='modify' visible='true' lat='35.1789801449' lon='126.90614825106' />
  <node id='-101842' action='modify' visible='true' lat='35.17898968508' lon='126.90614476583' />
  <node id='-101843' action='modify' visible='true' lat='35.17899978581' lon='126.90614123287' />
  <node id='-101844' action='modify' visible='true' lat='35.17900948608' lon='126.90613783329' />
  <node id='-101845' action='modify' visible='true' lat='35.17901926378' lon='126.90613426632' />
  <node id='-101846' action='modify' visible='true' lat='35.17902850354' lon='126.90613109179' />
  <node id='-101847' action='modify' visible='true' lat='35.17903550022' lon='126.90612832218' />
  <node id='-101848' action='modify' visible='true' lat='35.1790435169' lon='126.9061222741' />
  <node id='-101849' action='modify' visible='true' lat='35.17905238964' lon='126.90611916311' />
  <node id='-101850' action='modify' visible='true' lat='35.1790621656' lon='126.90611588498' />
  <node id='-101851' action='modify' visible='true' lat='35.17907226427' lon='126.90611249532' />
  <node id='-101852' action='modify' visible='true' lat='35.17908090115' lon='126.90610902156' />
  <node id='-101853' action='modify' visible='true' lat='35.17908982069' lon='126.90610615901' />
  <node id='-101854' action='modify' visible='true' lat='35.17909853312' lon='126.90610341067' />
  <node id='-101855' action='modify' visible='true' lat='35.17910765024' lon='126.90610017658' />
  <node id='-101856' action='modify' visible='true' lat='35.17911677243' lon='126.90609729877' />
  <node id='-101857' action='modify' visible='true' lat='35.17912590532' lon='126.90609459468' />
  <node id='-101858' action='modify' visible='true' lat='35.17913468388' lon='126.90609209922' />
  <node id='-101859' action='modify' visible='true' lat='35.1791387118' lon='126.90609128147' />
  <node id='-101860' action='modify' visible='true' lat='35.17914140854' lon='126.90609175957' />
  <node id='-101861' action='modify' visible='true' lat='35.17914642957' lon='126.90609454837' />
  <node id='-101862' action='modify' visible='true' lat='35.17914760863' lon='126.90609536971' />
  <node id='-101863' action='modify' visible='true' lat='35.17914895555' lon='126.9060958266' />
  <node id='-101864' action='modify' visible='true' lat='35.17914964022' lon='126.90609583668' />
  <node id='-101865' action='modify' visible='true' lat='35.17915132825' lon='126.90609510661' />
  <node id='-101866' action='modify' visible='true' lat='35.17915294242' lon='126.90609324775' />
  <node id='-101867' action='modify' visible='true' lat='35.17915754285' lon='126.90608436395' />
  <node id='-101868' action='modify' visible='true' lat='35.17915927436' lon='126.90608249735' />
  <node id='-101869' action='modify' visible='true' lat='35.17916087384' lon='126.90608144363' />
  <node id='-101870' action='modify' visible='true' lat='35.17917046557' lon='126.90607872001' />
  <node id='-101871' action='modify' visible='true' lat='35.17917925526' lon='126.90607583372' />
  <node id='-101872' action='modify' visible='true' lat='35.17918888541' lon='126.90607244451' />
  <node id='-101873' action='modify' visible='true' lat='35.17919767804' lon='126.90606944983' />
  <node id='-101874' action='modify' visible='true' lat='35.17920642612' lon='126.90606659958' />
  <node id='-101875' action='modify' visible='true' lat='35.17921535064' lon='126.90606384202' />
  <node id='-101876' action='modify' visible='true' lat='35.17922581141' lon='126.90606089245' />
  <node id='-101877' action='modify' visible='true' lat='35.17923555888' lon='126.90605831336' />
  <node id='-101878' action='modify' visible='true' lat='35.17924477828' lon='126.90605598226' />
  <node id='-101879' action='modify' visible='true' lat='35.1792540227' lon='126.90605376177' />
  <node id='-101880' action='modify' visible='true' lat='35.17926438022' lon='126.90605021043' />
  <node id='-101881' action='modify' visible='true' lat='35.17927336251' lon='126.90604670488' />
  <node id='-101882' action='modify' visible='true' lat='35.1792826578' lon='126.90604321045' />
  <node id='-101883' action='modify' visible='true' lat='35.17929249761' lon='126.90603965937' />
  <node id='-101884' action='modify' visible='true' lat='35.1793025144' lon='126.90603633114' />
  <node id='-101885' action='modify' visible='true' lat='35.17931193032' lon='126.90603340464' />
  <node id='-101886' action='modify' visible='true' lat='35.17932105511' lon='126.90603072144' />
  <node id='-101887' action='modify' visible='true' lat='35.17933000764' lon='126.90602802837' />
  <node id='-101888' action='modify' visible='true' lat='35.17933939157' lon='126.90602492635' />
  <node id='-101889' action='modify' visible='true' lat='35.17934873179' lon='126.9060219574' />
  <node id='-101890' action='modify' visible='true' lat='35.17935805634' lon='126.90601918056' />
  <node id='-101891' action='modify' visible='true' lat='35.17936726341' lon='126.90601669721' />
  <node id='-101892' action='modify' visible='true' lat='35.17937614427' lon='126.90601448537' />
  <node id='-101893' action='modify' visible='true' lat='35.17938663007' lon='126.90601211179' />
  <node id='-101894' action='modify' visible='true' lat='35.17939560946' lon='126.90600992573' />
  <node id='-101895' action='modify' visible='true' lat='35.1794045485' lon='126.90600798817' />
  <node id='-101896' action='modify' visible='true' lat='35.17941448465' lon='126.90600546551' />
  <node id='-101897' action='modify' visible='true' lat='35.17942403079' lon='126.90600217842' />
  <node id='-101898' action='modify' visible='true' lat='35.17943269138' lon='126.90599687435' />
  <node id='-101899' action='modify' visible='true' lat='35.17944094822' lon='126.90599130746' />
  <node id='-101900' action='modify' visible='true' lat='35.17945049498' lon='126.90598527227' />
  <node id='-101901' action='modify' visible='true' lat='35.17945924092' lon='126.90598027019' />
  <node id='-101902' action='modify' visible='true' lat='35.17946830531' lon='126.9059768945' />
  <node id='-101903' action='modify' visible='true' lat='35.1794774409' lon='126.90597399709' />
  <node id='-101904' action='modify' visible='true' lat='35.17948811317' lon='126.90597097573' />
  <node id='-101905' action='modify' visible='true' lat='35.17949785223' lon='126.90596789073' />
  <node id='-101906' action='modify' visible='true' lat='35.17950782399' lon='126.90596483498' />
  <node id='-101907' action='modify' visible='true' lat='35.17951851751' lon='126.9059618374' />
  <node id='-101908' action='modify' visible='true' lat='35.17952918359' lon='126.90595906692' />
  <node id='-101909' action='modify' visible='true' lat='35.1795400314' lon='126.90595636885' />
  <node id='-101910' action='modify' visible='true' lat='35.17955006771' lon='126.90595306008' />
  <node id='-101911' action='modify' visible='true' lat='35.17956024908' lon='126.90594980321' />
  <node id='-101912' action='modify' visible='true' lat='35.1795705198' lon='126.90594659465' />
  <node id='-101913' action='modify' visible='true' lat='35.17958056107' lon='126.90594341405' />
  <node id='-101914' action='modify' visible='true' lat='35.17959071764' lon='126.90594003568' />
  <node id='-101915' action='modify' visible='true' lat='35.17960133198' lon='126.90593661196' />
  <node id='-101916' action='modify' visible='true' lat='35.17961153988' lon='126.90593344962' />
  <node id='-101917' action='modify' visible='true' lat='35.17962169985' lon='126.90592976266' />
  <node id='-101918' action='modify' visible='true' lat='35.17963231084' lon='126.90592570022' />
  <node id='-101919' action='modify' visible='true' lat='35.17964303676' lon='126.90592199111' />
  <node id='-101920' action='modify' visible='true' lat='35.17965374547' lon='126.90591858399' />
  <node id='-101921' action='modify' visible='true' lat='35.17966392558' lon='126.90591552049' />
  <node id='-101922' action='modify' visible='true' lat='35.1796744527' lon='126.90591263767' />
  <node id='-101923' action='modify' visible='true' lat='35.17968497418' lon='126.90590907396' />
  <node id='-101924' action='modify' visible='true' lat='35.17969502604' lon='126.90590580201' />
  <node id='-101925' action='modify' visible='true' lat='35.17970506946' lon='126.90590267408' />
  <node id='-101926' action='modify' visible='true' lat='35.17971508029' lon='126.90589969346' />
  <node id='-101927' action='modify' visible='true' lat='35.17972507976' lon='126.90589677232' />
  <node id='-101928' action='modify' visible='true' lat='35.17973456761' lon='126.90589373789' />
  <node id='-101929' action='modify' visible='true' lat='35.17974371474' lon='126.9058907403' />
  <node id='-101930' action='modify' visible='true' lat='35.17975338967' lon='126.90588763803' />
  <node id='-101931' action='modify' visible='true' lat='35.17976307541' lon='126.90588463195' />
  <node id='-101932' action='modify' visible='true' lat='35.17977255597' lon='126.90588175201' />
  <node id='-101933' action='modify' visible='true' lat='35.17978231852' lon='126.90587889223' />
  <node id='-101934' action='modify' visible='true' lat='35.17979253436' lon='126.90587614166' />
  <node id='-101935' action='modify' visible='true' lat='35.17980168119' lon='126.90587361158' />
  <node id='-101936' action='modify' visible='true' lat='35.17981152947' lon='126.90586925609' />
  <node id='-101937' action='modify' visible='true' lat='35.17982237193' lon='126.90586604164' />
  <node id='-101938' action='modify' visible='true' lat='35.17983800832' lon='126.90586102748' />
  <node id='-101939' action='modify' visible='true' lat='35.17985701626' lon='126.90585530824' />
  <node id='-101940' action='modify' visible='true' lat='35.17987006913' lon='126.90585152275' />
  <node id='-101941' action='modify' visible='true' lat='35.17988421621' lon='126.90584696711' />
  <node id='-101942' action='modify' visible='true' lat='35.179897153' lon='126.90584225244' />
  <node id='-101943' action='modify' visible='true' lat='35.17991107394' lon='126.90583868337' />
  <node id='-101944' action='modify' visible='true' lat='35.17992793338' lon='126.90583413041' />
  <node id='-101945' action='modify' visible='true' lat='35.17993996344' lon='126.90582969088' />
  <node id='-101946' action='modify' visible='true' lat='35.17995832519' lon='126.90582411396' />
  <node id='-101947' action='modify' visible='true' lat='35.17997332328' lon='126.90581939486' />
  <node id='-101948' action='modify' visible='true' lat='35.17998600404' lon='126.90581482618' />
  <node id='-101949' action='modify' visible='true' lat='35.17999895778' lon='126.90581097638' />
  <node id='-101950' action='modify' visible='true' lat='35.18000934378' lon='126.90580702721' />
  <node id='-101951' action='modify' visible='true' lat='35.18002193479' lon='126.90580368199' />
  <node id='-101952' action='modify' visible='true' lat='35.18003059782' lon='126.90580095014' />
  <node id='-101953' action='modify' visible='true' lat='35.18003925798' lon='126.90579779481' />
  <node id='-101954' action='modify' visible='true' lat='35.1800475278' lon='126.90579510916' />
  <node id='-101955' action='modify' visible='true' lat='35.18005456949' lon='126.90579251904' />
  <node id='-101956' action='modify' visible='true' lat='35.18006222631' lon='126.90579043723' />
  <node id='-101957' action='modify' visible='true' lat='35.18006930944' lon='126.90578799929' />
  <node id='-101958' action='modify' visible='true' lat='35.18007753233' lon='126.90578570111' />
  <node id='-101959' action='modify' visible='true' lat='35.18008363921' lon='126.90578400508' />
  <node id='-101960' action='modify' visible='true' lat='35.18009343144' lon='126.9057755238' />
  <node id='-101961' action='modify' visible='true' lat='35.18009266644' lon='126.90576990802' />
  <node id='-101962' action='modify' visible='true' lat='35.18009191553' lon='126.9057642388' />
  <node id='-101963' action='modify' visible='true' lat='35.18009093929' lon='126.90575740571' />
  <node id='-101964' action='modify' visible='true' lat='35.18009003722' lon='126.90575089365' />
  <node id='-101965' action='modify' visible='true' lat='35.18008925941' lon='126.90574386571' />
  <node id='-101966' action='modify' visible='true' lat='35.18008869458' lon='126.90573826657' />
  <node id='-101967' action='modify' visible='true' lat='35.18008756841' lon='126.90572732672' />
  <node id='-101968' action='modify' visible='true' lat='35.18008628193' lon='126.90571462218' />
  <node id='-101969' action='modify' visible='true' lat='35.18008500001' lon='126.90570154876' />
  <node id='-101970' action='modify' visible='true' lat='35.18008304293' lon='126.90568833941' />
  <node id='-101971' action='modify' visible='true' lat='35.18008064442' lon='126.90567551972' />
  <node id='-101972' action='modify' visible='true' lat='35.1800781283' lon='126.90566253528' />
  <node id='-101973' action='modify' visible='true' lat='35.18007536401' lon='126.90564948451' />
  <node id='-101974' action='modify' visible='true' lat='35.18007216204' lon='126.9056392189' />
  <node id='-101975' action='modify' visible='true' lat='35.18006883704' lon='126.90562637055' />
  <node id='-101976' action='modify' visible='true' lat='35.18006584473' lon='126.90561307063' />
  <node id='-101977' action='modify' visible='true' lat='35.18006310391' lon='126.90560015651' />
  <node id='-101978' action='modify' visible='true' lat='35.1800606597' lon='126.90558729388' />
  <node id='-101979' action='modify' visible='true' lat='35.18005834759' lon='126.90557440572' />
  <node id='-101980' action='modify' visible='true' lat='35.18005612059' lon='126.90556214794' />
  <node id='-101981' action='modify' visible='true' lat='35.18005350088' lon='126.90554972817' />
  <node id='-101982' action='modify' visible='true' lat='35.18005075675' lon='126.9055370945' />
  <node id='-101983' action='modify' visible='true' lat='35.18004822689' lon='126.9055244915' />
  <node id='-101984' action='modify' visible='true' lat='35.18004577301' lon='126.90551228682' />
  <node id='-101985' action='modify' visible='true' lat='35.18004327154' lon='126.90550030535' />
  <node id='-101986' action='modify' visible='true' lat='35.18004080193' lon='126.90548817147' />
  <node id='-101987' action='modify' visible='true' lat='35.18003856213' lon='126.90547639496' />
  <node id='-101988' action='modify' visible='true' lat='35.18003567054' lon='126.90546445131' />
  <node id='-101989' action='modify' visible='true' lat='35.18003299336' lon='126.9054522426' />
  <node id='-101990' action='modify' visible='true' lat='35.18002998563' lon='126.90544064849' />
  <node id='-101991' action='modify' visible='true' lat='35.18002702464' lon='126.90542900155' />
  <node id='-101992' action='modify' visible='true' lat='35.18002424912' lon='126.90541748179' />
  <node id='-101993' action='modify' visible='true' lat='35.18002101773' lon='126.90540625677' />
  <node id='-101994' action='modify' visible='true' lat='35.1800175449' lon='126.9053957122' />
  <node id='-101995' action='modify' visible='true' lat='35.18001364748' lon='126.90538538329' />
  <node id='-101996' action='modify' visible='true' lat='35.18000942572' lon='126.90537503039' />
  <node id='-101997' action='modify' visible='true' lat='35.1800052145' lon='126.90536461153' />
  <node id='-101998' action='modify' visible='true' lat='35.18000127106' lon='126.90535440207' />
  <node id='-101999' action='modify' visible='true' lat='35.1799972327' lon='126.90534350645' />
  <node id='-102000' action='modify' visible='true' lat='35.17999328862' lon='126.90533327771' />
  <node id='-102001' action='modify' visible='true' lat='35.17998902851' lon='126.90532354939' />
  <node id='-102002' action='modify' visible='true' lat='35.17998478645' lon='126.90531684983' />
  <node id='-102003' action='modify' visible='true' lat='35.17997917753' lon='126.9053113627' />
  <node id='-102004' action='modify' visible='true' lat='35.17997143632' lon='126.90530566655' />
  <node id='-102005' action='modify' visible='true' lat='35.17996229696' lon='126.90529873115' />
  <node id='-102006' action='modify' visible='true' lat='35.17995419303' lon='126.90529302055' />
  <node id='-102007' action='modify' visible='true' lat='35.17994716835' lon='126.90528987959' />
  <node id='-102008' action='modify' visible='true' lat='35.17993812002' lon='126.90528727128' />
  <node id='-102009' action='modify' visible='true' lat='35.17992898368' lon='126.90528583295' />
  <node id='-102010' action='modify' visible='true' lat='35.17991992396' lon='126.90528693099' />
  <node id='-102011' action='modify' visible='true' lat='35.17991042416' lon='126.90528842501' />
  <node id='-102012' action='modify' visible='true' lat='35.1799013883' lon='126.9052910216' />
  <node id='-102013' action='modify' visible='true' lat='35.17989240437' lon='126.90529427427' />
  <node id='-102014' action='modify' visible='true' lat='35.17988322247' lon='126.90529749563' />
  <node id='-102015' action='modify' visible='true' lat='35.17987403473' lon='126.90530059808' />
  <node id='-102016' action='modify' visible='true' lat='35.17986437392' lon='126.90530337255' />
  <node id='-102017' action='modify' visible='true' lat='35.17985470481' lon='126.90530579611' />
  <node id='-102018' action='modify' visible='true' lat='35.17984508718' lon='126.90530784457' />
  <node id='-102019' action='modify' visible='true' lat='35.1798353575' lon='126.90530981655' />
  <node id='-102020' action='modify' visible='true' lat='35.17982498858' lon='126.90531156663' />
  <node id='-102021' action='modify' visible='true' lat='35.17981493938' lon='126.90531343281' />
  <node id='-102022' action='modify' visible='true' lat='35.17980527223' lon='126.90531606154' />
  <node id='-102023' action='modify' visible='true' lat='35.17979459782' lon='126.90531887251' />
  <node id='-102024' action='modify' visible='true' lat='35.17978470959' lon='126.90532138459' />
  <node id='-102025' action='modify' visible='true' lat='35.17977494753' lon='126.90532367984' />
  <node id='-102026' action='modify' visible='true' lat='35.17976538175' lon='126.90532647876' />
  <node id='-102027' action='modify' visible='true' lat='35.17975627513' lon='126.90532972244' />
  <node id='-102028' action='modify' visible='true' lat='35.17974695356' lon='126.90533304421' />
  <node id='-102029' action='modify' visible='true' lat='35.17973813309' lon='126.90533638838' />
  <node id='-102030' action='modify' visible='true' lat='35.17972923389' lon='126.90534045766' />
  <node id='-102031' action='modify' visible='true' lat='35.17972072022' lon='126.90534665079' />
  <node id='-102032' action='modify' visible='true' lat='35.17971543158' lon='126.90535285964' />
  <node id='-102033' action='modify' visible='true' lat='35.17970957131' lon='126.90536259167' />
  <node id='-102034' action='modify' visible='true' lat='35.17970493294' lon='126.90537267005' />
  <node id='-102035' action='modify' visible='true' lat='35.17970073592' lon='126.90538315369' />
  <node id='-102036' action='modify' visible='true' lat='35.1796971387' lon='126.90539388234' />
  <node id='-102037' action='modify' visible='true' lat='35.1796936266' lon='126.90540517761' />
  <node id='-102038' action='modify' visible='true' lat='35.17969182053' lon='126.90541613981' />
  <node id='-102039' action='modify' visible='true' lat='35.17969058367' lon='126.90542772574' />
  <node id='-102040' action='modify' visible='true' lat='35.17969114596' lon='126.90543881828' />
  <node id='-102041' action='modify' visible='true' lat='35.17969227053' lon='126.90545026537' />
  <node id='-102042' action='modify' visible='true' lat='35.17969336206' lon='126.90546130114' />
  <node id='-102043' action='modify' visible='true' lat='35.17969490063' lon='126.90547381847' />
  <node id='-102044' action='modify' visible='true' lat='35.17969722392' lon='126.90548676538' />
  <node id='-102045' action='modify' visible='true' lat='35.17969902603' lon='126.90549754818' />
  <node id='-102046' action='modify' visible='true' lat='35.17970077697' lon='126.90550833503' />
  <node id='-102047' action='modify' visible='true' lat='35.17970327229' lon='126.90552086961' />
  <node id='-102048' action='modify' visible='true' lat='35.17970547602' lon='126.90553178792' />
  <node id='-102049' action='modify' visible='true' lat='35.17970788817' lon='126.90554455684' />
  <node id='-102050' action='modify' visible='true' lat='35.17970999895' lon='126.90555696059' />
  <node id='-102051' action='modify' visible='true' lat='35.1797119997' lon='126.90556959285' />
  <node id='-102052' action='modify' visible='true' lat='35.17971388164' lon='126.90558188509' />
  <node id='-102053' action='modify' visible='true' lat='35.17971513653' lon='126.90559277898' />
  <node id='-102054' action='modify' visible='true' lat='35.17971662516' lon='126.90560522125' />
  <node id='-102055' action='modify' visible='true' lat='35.17971813443' lon='126.90561796203' />
  <node id='-102056' action='modify' visible='true' lat='35.17971998087' lon='126.90563040938' />
  <node id='-102057' action='modify' visible='true' lat='35.17972174294' lon='126.90564148611' />
  <node id='-102058' action='modify' visible='true' lat='35.17972328283' lon='126.9056524109' />
  <node id='-102059' action='modify' visible='true' lat='35.17972494588' lon='126.90566344552' />
  <node id='-102060' action='modify' visible='true' lat='35.17972675396' lon='126.90567451053' />
  <node id='-102061' action='modify' visible='true' lat='35.17972844373' lon='126.90568591259' />
  <node id='-102062' action='modify' visible='true' lat='35.17973024392' lon='126.90569872872' />
  <node id='-102063' action='modify' visible='true' lat='35.179731904' lon='126.90571101141' />
  <node id='-102064' action='modify' visible='true' lat='35.17973360482' lon='126.90572376044' />
  <node id='-102065' action='modify' visible='true' lat='35.17973519306' lon='126.90573673689' />
  <node id='-102066' action='modify' visible='true' lat='35.17973719267' lon='126.90574920894' />
  <node id='-102067' action='modify' visible='true' lat='35.1797394973' lon='126.90576021181' />
  <node id='-102068' action='modify' visible='true' lat='35.17974171251' lon='126.90577136203' />
  <node id='-102069' action='modify' visible='true' lat='35.17974397011' lon='126.90578326497' />
  <node id='-102070' action='modify' visible='true' lat='35.17974599186' lon='126.90579440885' />
  <node id='-102071' action='modify' visible='true' lat='35.17974787871' lon='126.90580540774' />
  <node id='-102072' action='modify' visible='true' lat='35.17975042787' lon='126.9058167584' />
  <node id='-102073' action='modify' visible='true' lat='35.17975301935' lon='126.90582867077' />
  <node id='-102074' action='modify' visible='true' lat='35.17975636928' lon='126.90583924396' />
  <node id='-102075' action='modify' visible='true' lat='35.17975849979' lon='126.90584694822' />
  <node id='-102076' action='modify' visible='true' lat='35.1797611019' lon='126.90585581018' />
  <node id='-102077' action='modify' visible='true' lat='35.17976279877' lon='126.90586283947' />
  <node id='-102078' action='modify' visible='true' lat='35.17976422951' lon='126.90587007417' />
  <node id='-102079' action='modify' visible='true' lat='35.17976573536' lon='126.90587624073' />
  <node id='-102080' action='modify' visible='true' lat='35.17976709006' lon='126.90588337563' />
  <node id='-102081' action='modify' visible='true' lat='35.18009757867' lon='126.90577974564' />
  <node id='-102082' action='modify' visible='true' lat='35.1801077452' lon='126.90577583419' />
  <node id='-102083' action='modify' visible='true' lat='35.18011792547' lon='126.90577216333' />
  <node id='-102084' action='modify' visible='true' lat='35.18012791123' lon='126.90576882563' />
  <node id='-102085' action='modify' visible='true' lat='35.18013774038' lon='126.90576562997' />
  <node id='-102086' action='modify' visible='true' lat='35.18014723731' lon='126.9057624001' />
  <node id='-102087' action='modify' visible='true' lat='35.18015633742' lon='126.90575903584' />
  <node id='-102088' action='modify' visible='true' lat='35.18016531509' lon='126.905755942' />
  <node id='-102089' action='modify' visible='true' lat='35.18017482448' lon='126.90575263028' />
  <node id='-102090' action='modify' visible='true' lat='35.18018415769' lon='126.90574927208' />
  <node id='-102091' action='modify' visible='true' lat='35.18019353386' lon='126.90574606418' />
  <node id='-102092' action='modify' visible='true' lat='35.18020297828' lon='126.90574295683' />
  <node id='-102093' action='modify' visible='true' lat='35.18021200941' lon='126.90573983081' />
  <node id='-102094' action='modify' visible='true' lat='35.18022115362' lon='126.90573665827' />
  <node id='-102095' action='modify' visible='true' lat='35.18023026189' lon='126.90573365592' />
  <node id='-102096' action='modify' visible='true' lat='35.18023929295' lon='126.90573047426' />
  <node id='-102097' action='modify' visible='true' lat='35.18024858517' lon='126.9057272999' />
  <node id='-102098' action='modify' visible='true' lat='35.1802579773' lon='126.90572441319' />
  <node id='-102099' action='modify' visible='true' lat='35.18026711532' lon='126.90572157505' />
  <node id='-102100' action='modify' visible='true' lat='35.18027619533' lon='126.90571843969' />
  <node id='-102101' action='modify' visible='true' lat='35.18028533631' lon='126.90571543673' />
  <node id='-102102' action='modify' visible='true' lat='35.18029501203' lon='126.90571239209' />
  <node id='-102103' action='modify' visible='true' lat='35.18030449975' lon='126.90570948852' />
  <node id='-102104' action='modify' visible='true' lat='35.18031380991' lon='126.90570690819' />
  <node id='-102105' action='modify' visible='true' lat='35.1803228288' lon='126.90570349652' />
  <node id='-102106' action='modify' visible='true' lat='35.18033186617' lon='126.90569978444' />
  <node id='-102107' action='modify' visible='true' lat='35.18034077363' lon='126.9056967079' />
  <node id='-102108' action='modify' visible='true' lat='35.18034980389' lon='126.90569388019' />
  <node id='-102109' action='modify' visible='true' lat='35.18036025341' lon='126.90569047036' />
  <node id='-102110' action='modify' visible='true' lat='35.18036920007' lon='126.905687316' />
  <node id='-102111' action='modify' visible='true' lat='35.18037802556' lon='126.90568442533' />
  <node id='-102112' action='modify' visible='true' lat='35.18038822255' lon='126.90568097765' />
  <node id='-102113' action='modify' visible='true' lat='35.18039699298' lon='126.90567830842' />
  <node id='-102114' action='modify' visible='true' lat='35.18040607613' lon='126.90567586115' />
  <node id='-102115' action='modify' visible='true' lat='35.18041494973' lon='126.90567355532' />
  <node id='-102116' action='modify' visible='true' lat='35.18042404987' lon='126.90567127854' />
  <node id='-102117' action='modify' visible='true' lat='35.18043447396' lon='126.90566806836' />
  <node id='-102118' action='modify' visible='true' lat='35.18044490975' lon='126.90566488204' />
  <node id='-102119' action='modify' visible='true' lat='35.18045528091' lon='126.90566185622' />
  <node id='-102120' action='modify' visible='true' lat='35.18046554243' lon='126.9056583629' />
  <node id='-102121' action='modify' visible='true' lat='35.18048095455' lon='126.90565284173' />
  <node id='-102122' action='modify' visible='true' lat='35.18049100473' lon='126.90564948812' />
  <node id='-102123' action='modify' visible='true' lat='35.18050088096' lon='126.9056463481' />
  <node id='-102124' action='modify' visible='true' lat='35.18051044604' lon='126.90564358313' />
  <node id='-102125' action='modify' visible='true' lat='35.18051952709' lon='126.90564018388' />
  <node id='-102126' action='modify' visible='true' lat='35.18052942902' lon='126.90563664203' />
  <node id='-102127' action='modify' visible='true' lat='35.18053577254' lon='126.90563412447' />
  <node id='-102128' action='modify' visible='true' lat='35.18054123557' lon='126.90563193385' />
  <node id='-102129' action='modify' visible='true' lat='35.18055393577' lon='126.9056275243' />
  <node id='-102130' action='modify' visible='true' lat='35.18054617838' lon='126.90558713404' />
  <node id='-102131' action='modify' visible='true' lat='35.18054383224' lon='126.90557719732' />
  <node id='-102132' action='modify' visible='true' lat='35.18054166047' lon='126.90556751396' />
  <node id='-102133' action='modify' visible='true' lat='35.18053967043' lon='126.90555658276' />
  <node id='-102134' action='modify' visible='true' lat='35.18053788818' lon='126.90554745494' />
  <node id='-102135' action='modify' visible='true' lat='35.18053559418' lon='126.90553450899' />
  <node id='-102136' action='modify' visible='true' lat='35.18053314762' lon='126.90552289542' />
  <node id='-102137' action='modify' visible='true' lat='35.18053063849' lon='126.90550723277' />
  <node id='-102138' action='modify' visible='true' lat='35.18052673243' lon='126.905490164' />
  <node id='-102139' action='modify' visible='true' lat='35.18052395973' lon='126.90547618765' />
  <node id='-102140' action='modify' visible='true' lat='35.18051970163' lon='126.90544964457' />
  <node id='-102141' action='modify' visible='true' lat='35.18037186534' lon='126.90475911662' />
  <node id='-102142' action='modify' visible='true' lat='35.18036404262' lon='126.90476088258' />
  <node id='-102143' action='modify' visible='true' lat='35.18035175866' lon='126.90476419712' />
  <node id='-102144' action='modify' visible='true' lat='35.18034044603' lon='126.90476634923' />
  <node id='-102145' action='modify' visible='true' lat='35.18033056748' lon='126.90476799199' />
  <node id='-102146' action='modify' visible='true' lat='35.18032045397' lon='126.90477031055' />
  <node id='-102147' action='modify' visible='true' lat='35.18030871092' lon='126.90477233034' />
  <node id='-102148' action='modify' visible='true' lat='35.18029990917' lon='126.9047739154' />
  <node id='-102149' action='modify' visible='true' lat='35.1802902462' lon='126.904775607' />
  <node id='-102150' action='modify' visible='true' lat='35.18028099993' lon='126.90477705139' />
  <node id='-102151' action='modify' visible='true' lat='35.18027085634' lon='126.90477903585' />
  <node id='-102152' action='modify' visible='true' lat='35.18026044879' lon='126.90478098242' />
  <node id='-102153' action='modify' visible='true' lat='35.18025199501' lon='126.90478287115' />
  <node id='-102154' action='modify' visible='true' lat='35.18025421564' lon='126.90479146268' />
  <node id='-102155' action='modify' visible='true' lat='35.18025574779' lon='126.90479918492' />
  <node id='-102156' action='modify' visible='true' lat='35.18025705303' lon='126.90480614677' />
  <node id='-102157' action='modify' visible='true' lat='35.18025892632' lon='126.90481830795' />
  <node id='-102158' action='modify' visible='true' lat='35.18026145011' lon='126.90483019985' />
  <node id='-102159' action='modify' visible='true' lat='35.18026370775' lon='126.90484214579' />
  <node id='-102160' action='modify' visible='true' lat='35.18026593006' lon='126.90485406123' />
  <node id='-102161' action='modify' visible='true' lat='35.18026803983' lon='126.90486595224' />
  <node id='-102162' action='modify' visible='true' lat='35.18026991212' lon='126.90487774987' />
  <node id='-102163' action='modify' visible='true' lat='35.18027172356' lon='126.90488997857' />
  <node id='-102164' action='modify' visible='true' lat='35.1802732603' lon='126.90490199203' />
  <node id='-102165' action='modify' visible='true' lat='35.18027515242' lon='126.90491444167' />
  <node id='-102166' action='modify' visible='true' lat='35.18027750124' lon='126.9049262282' />
  <node id='-102167' action='modify' visible='true' lat='35.18027989571' lon='126.90493875914' />
  <node id='-102168' action='modify' visible='true' lat='35.18028223218' lon='126.90495188155' />
  <node id='-102169' action='modify' visible='true' lat='35.18028418595' lon='126.90496438636' />
  <node id='-102170' action='modify' visible='true' lat='35.18028605511' lon='126.90497713922' />
  <node id='-102171' action='modify' visible='true' lat='35.180287975' lon='126.90498941817' />
  <node id='-102172' action='modify' visible='true' lat='35.18029058515' lon='126.90500126075' />
  <node id='-102173' action='modify' visible='true' lat='35.18029326781' lon='126.9050137626' />
  <node id='-102174' action='modify' visible='true' lat='35.18029581709' lon='126.9050262807' />
  <node id='-102175' action='modify' visible='true' lat='35.18029825841' lon='126.90503901414' />
  <node id='-102176' action='modify' visible='true' lat='35.18030036098' lon='126.9050515233' />
  <node id='-102177' action='modify' visible='true' lat='35.18030225913' lon='126.90506375205' />
  <node id='-102178' action='modify' visible='true' lat='35.18030524624' lon='126.90507576177' />
  <node id='-102179' action='modify' visible='true' lat='35.18030879824' lon='126.90508816232' />
  <node id='-102180' action='modify' visible='true' lat='35.18031237093' lon='126.90510089787' />
  <node id='-102181' action='modify' visible='true' lat='35.18031570313' lon='126.90511344387' />
  <node id='-102182' action='modify' visible='true' lat='35.18031896723' lon='126.90512643221' />
  <node id='-102183' action='modify' visible='true' lat='35.18032188435' lon='126.90513897417' />
  <node id='-102184' action='modify' visible='true' lat='35.18032475965' lon='126.90515179458' />
  <node id='-102185' action='modify' visible='true' lat='35.18032734331' lon='126.90516479294' />
  <node id='-102186' action='modify' visible='true' lat='35.18032970788' lon='126.90517741267' />
  <node id='-102187' action='modify' visible='true' lat='35.18033183577' lon='126.90518992023' />
  <node id='-102188' action='modify' visible='true' lat='35.18033419016' lon='126.90520227675' />
  <node id='-102189' action='modify' visible='true' lat='35.18033730648' lon='126.90521401627' />
  <node id='-102190' action='modify' visible='true' lat='35.18034070003' lon='126.90522645468' />
  <node id='-102191' action='modify' visible='true' lat='35.18034395558' lon='126.90523899254' />
  <node id='-102192' action='modify' visible='true' lat='35.18034706334' lon='126.90525143193' />
  <node id='-102193' action='modify' visible='true' lat='35.18034957335' lon='126.90526230183' />
  <node id='-102194' action='modify' visible='true' lat='35.18035226882' lon='126.90527481388' />
  <node id='-102195' action='modify' visible='true' lat='35.18035451761' lon='126.90528570104' />
  <node id='-102196' action='modify' visible='true' lat='35.18035662195' lon='126.90529667815' />
  <node id='-102197' action='modify' visible='true' lat='35.18035900183' lon='126.90531013156' />
  <node id='-102198' action='modify' visible='true' lat='35.18036094753' lon='126.90532216214' />
  <node id='-102199' action='modify' visible='true' lat='35.18036309359' lon='126.90533506116' />
  <node id='-102200' action='modify' visible='true' lat='35.18036564096' lon='126.90534676323' />
  <node id='-102201' action='modify' visible='true' lat='35.18036824552' lon='126.90535735449' />
  <node id='-102202' action='modify' visible='true' lat='35.18037075754' lon='126.90536805529' />
  <node id='-102203' action='modify' visible='true' lat='35.18037398451' lon='126.90538211306' />
  <node id='-102204' action='modify' visible='true' lat='35.18037618954' lon='126.90539276557' />
  <node id='-102205' action='modify' visible='true' lat='35.18037876362' lon='126.90540582109' />
  <node id='-102206' action='modify' visible='true' lat='35.18038076954' lon='126.90541656222' />
  <node id='-102207' action='modify' visible='true' lat='35.18038286747' lon='126.90542924323' />
  <node id='-102208' action='modify' visible='true' lat='35.1803846845' lon='126.90544110265' />
  <node id='-102209' action='modify' visible='true' lat='35.18038656018' lon='126.90545188337' />
  <node id='-102210' action='modify' visible='true' lat='35.18038922537' lon='126.90546291275' />
  <node id='-102211' action='modify' visible='true' lat='35.18039188306' lon='126.90547425699' />
  <node id='-102212' action='modify' visible='true' lat='35.18039451921' lon='126.90548295224' />
  <node id='-102213' action='modify' visible='true' lat='35.18039971912' lon='126.90548041578' />
  <node id='-102214' action='modify' visible='true' lat='35.18040436772' lon='126.90547831399' />
  <node id='-102215' action='modify' visible='true' lat='35.18040835029' lon='126.90547553588' />
  <node id='-102216' action='modify' visible='true' lat='35.18041300133' lon='126.9054736386' />
  <node id='-102217' action='modify' visible='true' lat='35.18041748065' lon='126.90547146719' />
  <node id='-102218' action='modify' visible='true' lat='35.18042219632' lon='126.90546918008' />
  <node id='-102219' action='modify' visible='true' lat='35.18042724364' lon='126.90546634158' />
  <node id='-102220' action='modify' visible='true' lat='35.18043530377' lon='126.90546343968' />
  <node id='-102221' action='modify' visible='true' lat='35.18044180672' lon='126.90546105813' />
  <node id='-102222' action='modify' visible='true' lat='35.18044953042' lon='126.90545881262' />
  <node id='-102223' action='modify' visible='true' lat='35.1804595279' lon='126.90545560367' />
  <node id='-102224' action='modify' visible='true' lat='35.18047042505' lon='126.90545174102' />
  <node id='-102225' action='modify' visible='true' lat='35.18047992845' lon='126.90544860971' />
  <node id='-102226' action='modify' visible='true' lat='35.18048897327' lon='126.90544635657' />
  <node id='-102227' action='modify' visible='true' lat='35.18049836464' lon='126.90544293627' />
  <node id='-102228' action='modify' visible='true' lat='35.18050667128' lon='126.90544006147' />
  <node id='-102229' action='modify' visible='true' lat='35.18051712406' lon='126.90543717179' />
  <node id='-102230' action='modify' visible='true' lat='35.18051250143' lon='126.90541794851' />
  <node id='-102231' action='modify' visible='true' lat='35.18050971275' lon='126.90540214138' />
  <node id='-102232' action='modify' visible='true' lat='35.18050624186' lon='126.90538465285' />
  <node id='-102233' action='modify' visible='true' lat='35.18050358627' lon='126.9053738019' />
  <node id='-102234' action='modify' visible='true' lat='35.1805011964' lon='126.90536175015' />
  <node id='-102235' action='modify' visible='true' lat='35.1804978681' lon='126.90534652344' />
  <node id='-102236' action='modify' visible='true' lat='35.18049601004' lon='126.90533176187' />
  <node id='-102237' action='modify' visible='true' lat='35.18049429224' lon='126.90531967441' />
  <node id='-102238' action='modify' visible='true' lat='35.1804920213' lon='126.90530707172' />
  <node id='-102239' action='modify' visible='true' lat='35.18048823749' lon='126.90529304172' />
  <node id='-102240' action='modify' visible='true' lat='35.18048651024' lon='126.90528185811' />
  <node id='-102241' action='modify' visible='true' lat='35.18048448744' lon='126.90527087762' />
  <node id='-102242' action='modify' visible='true' lat='35.18048184733' lon='126.90525869279' />
  <node id='-102243' action='modify' visible='true' lat='35.18047907943' lon='126.90524615152' />
  <node id='-102244' action='modify' visible='true' lat='35.18047655293' lon='126.90523396099' />
  <node id='-102245' action='modify' visible='true' lat='35.18047414807' lon='126.90522169487' />
  <node id='-102246' action='modify' visible='true' lat='35.18047156694' lon='126.90520894142' />
  <node id='-102247' action='modify' visible='true' lat='35.18046896525' lon='126.90519687119' />
  <node id='-102248' action='modify' visible='true' lat='35.1804660792' lon='126.90518388596' />
  <node id='-102249' action='modify' visible='true' lat='35.18046335573' lon='126.90517110463' />
  <node id='-102250' action='modify' visible='true' lat='35.18046087098' lon='126.90515962326' />
  <node id='-102251' action='modify' visible='true' lat='35.18045827579' lon='126.90514693521' />
  <node id='-102252' action='modify' visible='true' lat='35.18045576211' lon='126.90513390729' />
  <node id='-102253' action='modify' visible='true' lat='35.18045326769' lon='126.90512164274' />
  <node id='-102254' action='modify' visible='true' lat='35.18045101089' lon='126.90511059163' />
  <node id='-102255' action='modify' visible='true' lat='35.18044870311' lon='126.90509836898' />
  <node id='-102256' action='modify' visible='true' lat='35.18044641968' lon='126.90508712391' />
  <node id='-102257' action='modify' visible='true' lat='35.18044350714' lon='126.90507495438' />
  <node id='-102258' action='modify' visible='true' lat='35.18044096471' lon='126.90506421747' />
  <node id='-102259' action='modify' visible='true' lat='35.18043829638' lon='126.90505241389' />
  <node id='-102260' action='modify' visible='true' lat='35.1804356559' lon='126.90503985908' />
  <node id='-102261' action='modify' visible='true' lat='35.18043300966' lon='126.90502897419' />
  <node id='-102262' action='modify' visible='true' lat='35.18042972501' lon='126.90501661527' />
  <node id='-102263' action='modify' visible='true' lat='35.18042672697' lon='126.90500450342' />
  <node id='-102264' action='modify' visible='true' lat='35.18042403122' lon='126.90499328069' />
  <node id='-102265' action='modify' visible='true' lat='35.18042123616' lon='126.90498067334' />
  <node id='-102266' action='modify' visible='true' lat='35.18041883599' lon='126.90496914173' />
  <node id='-102267' action='modify' visible='true' lat='35.18041640544' lon='126.90495692379' />
  <node id='-102268' action='modify' visible='true' lat='35.18041357938' lon='126.90494535373' />
  <node id='-102269' action='modify' visible='true' lat='35.18041059401' lon='126.90493292744' />
  <node id='-102270' action='modify' visible='true' lat='35.18040779601' lon='126.90492083438' />
  <node id='-102271' action='modify' visible='true' lat='35.1804053289' lon='126.90490913116' />
  <node id='-102272' action='modify' visible='true' lat='35.18040297844' lon='126.90489760381' />
  <node id='-102273' action='modify' visible='true' lat='35.1804007299' lon='126.90488530543' />
  <node id='-102274' action='modify' visible='true' lat='35.18039807564' lon='126.90487439068' />
  <node id='-102275' action='modify' visible='true' lat='35.18039516309' lon='126.9048638853' />
  <node id='-102276' action='modify' visible='true' lat='35.18039265518' lon='126.90485321996' />
  <node id='-102277' action='modify' visible='true' lat='35.18039039302' lon='126.90484101404' />
  <node id='-102278' action='modify' visible='true' lat='35.18038788892' lon='126.90482868884' />
  <node id='-102279' action='modify' visible='true' lat='35.18038566379' lon='126.90481794508' />
  <node id='-102280' action='modify' visible='true' lat='35.18038337436' lon='126.90480684081' />
  <node id='-102281' action='modify' visible='true' lat='35.18038101125' lon='126.90479541738' />
  <node id='-102282' action='modify' visible='true' lat='35.18037815812' lon='126.90478438723' />
  <node id='-102283' action='modify' visible='true' lat='35.18037538187' lon='126.90477330824' />
  <node id='-102284' action='modify' visible='true' lat='35.18037261765' lon='126.90476181607' />
  <node id='-102285' action='modify' visible='true' lat='35.18037010574' lon='126.90475082512' />
  <node id='-102286' action='modify' visible='true' lat='35.18036769358' lon='126.90473970416' />
  <node id='-102287' action='modify' visible='true' lat='35.18036618991' lon='126.90473036846' />
  <node id='-102288' action='modify' visible='true' lat='35.18036669395' lon='126.90471798203' />
  <node id='-102289' action='modify' visible='true' lat='35.18036890278' lon='126.90470604329' />
  <node id='-102290' action='modify' visible='true' lat='35.18037187893' lon='126.90469460475' />
  <node id='-102291' action='modify' visible='true' lat='35.18037520886' lon='126.90468262383' />
  <node id='-102292' action='modify' visible='true' lat='35.18037869875' lon='126.9046713285' />
  <node id='-102293' action='modify' visible='true' lat='35.18038264513' lon='126.90465961046' />
  <node id='-102294' action='modify' visible='true' lat='35.18038696691' lon='126.90464869354' />
  <node id='-102295' action='modify' visible='true' lat='35.18039224925' lon='126.90463786338' />
  <node id='-102296' action='modify' visible='true' lat='35.18039807852' lon='126.90462764044' />
  <node id='-102297' action='modify' visible='true' lat='35.18040402158' lon='126.90461761873' />
  <node id='-102298' action='modify' visible='true' lat='35.1804103449' lon='126.9046072117' />
  <node id='-102299' action='modify' visible='true' lat='35.1804166956' lon='126.90459700284' />
  <node id='-102300' action='modify' visible='true' lat='35.18042343596' lon='126.90458684672' />
  <node id='-102301' action='modify' visible='true' lat='35.18042999101' lon='126.90457713023' />
  <node id='-102302' action='modify' visible='true' lat='35.18043671408' lon='126.90456742073' />
  <node id='-102303' action='modify' visible='true' lat='35.18044330476' lon='126.90455768539' />
  <node id='-102304' action='modify' visible='true' lat='35.180449913' lon='126.90454739142' />
  <node id='-102305' action='modify' visible='true' lat='35.18045647813' lon='126.90453745358' />
  <node id='-102306' action='modify' visible='true' lat='35.18046329102' lon='126.90452741363' />
  <node id='-102307' action='modify' visible='true' lat='35.18047015684' lon='126.90451769183' />
  <node id='-102308' action='modify' visible='true' lat='35.18047686574' lon='126.90450855536' />
  <node id='-102309' action='modify' visible='true' lat='35.18048409611' lon='126.9044989512' />
  <node id='-102310' action='modify' visible='true' lat='35.18049151276' lon='126.90448978675' />
  <node id='-102311' action='modify' visible='true' lat='35.18049936848' lon='126.90448099547' />
  <node id='-102312' action='modify' visible='true' lat='35.18050730732' lon='126.90447267939' />
  <node id='-102313' action='modify' visible='true' lat='35.18051542521' lon='126.90446461255' />
  <node id='-102314' action='modify' visible='true' lat='35.18052339508' lon='126.90445696134' />
  <node id='-102315' action='modify' visible='true' lat='35.18053136286' lon='126.90444892315' />
  <node id='-102316' action='modify' visible='true' lat='35.18054006007' lon='126.90444038938' />
  <node id='-102317' action='modify' visible='true' lat='35.18054736651' lon='126.90443379324' />
  <node id='-102318' action='modify' visible='true' lat='35.18055698108' lon='126.90442697925' />
  <node id='-102319' action='modify' visible='true' lat='35.1805668412' lon='126.90442184591' />
  <node id='-102320' action='modify' visible='true' lat='35.18057724365' lon='126.90441755446' />
  <node id='-102321' action='modify' visible='true' lat='35.18058592949' lon='126.90441435645' />
  <node id='-102322' action='modify' visible='true' lat='35.18059647265' lon='126.90441254026' />
  <node id='-102323' action='modify' visible='true' lat='35.18060658811' lon='126.90441163772' />
  <node id='-102324' action='modify' visible='true' lat='35.18061676412' lon='126.90441149404' />
  <node id='-102325' action='modify' visible='true' lat='35.18062688571' lon='126.90441226489' />
  <node id='-102326' action='modify' visible='true' lat='35.18063700768' lon='126.9044142187' />
  <node id='-102327' action='modify' visible='true' lat='35.18064648329' lon='126.90441639519' />
  <node id='-102328' action='modify' visible='true' lat='35.18065607132' lon='126.90441881919' />
  <node id='-102329' action='modify' visible='true' lat='35.18066576272' lon='126.90442121106' />
  <node id='-102330' action='modify' visible='true' lat='35.18067545585' lon='126.90442379765' />
  <node id='-102331' action='modify' visible='true' lat='35.18068536675' lon='126.90442633417' />
  <node id='-102332' action='modify' visible='true' lat='35.18069529935' lon='126.90442853621' />
  <node id='-102333' action='modify' visible='true' lat='35.1807053436' lon='126.90443037205' />
  <node id='-102334' action='modify' visible='true' lat='35.18071526343' lon='126.90443166983' />
  <node id='-102335' action='modify' visible='true' lat='35.1807250104' lon='126.90443291281' />
  <node id='-102336' action='modify' visible='true' lat='35.18073482634' lon='126.90443425808' />
  <node id='-102337' action='modify' visible='true' lat='35.18074484847' lon='126.90443601407' />
  <node id='-102338' action='modify' visible='true' lat='35.18075497559' lon='126.9044383604' />
  <node id='-102339' action='modify' visible='true' lat='35.18076478714' lon='126.90444088062' />
  <node id='-102340' action='modify' visible='true' lat='35.18077465946' lon='126.90444358803' />
  <node id='-102341' action='modify' visible='true' lat='35.18078437698' lon='126.90444646344' />
  <node id='-102342' action='modify' visible='true' lat='35.18079390161' lon='126.90444943839' />
  <node id='-102343' action='modify' visible='true' lat='35.18080318783' lon='126.90445246846' />
  <node id='-102344' action='modify' visible='true' lat='35.18081322669' lon='126.90445498394' />
  <node id='-102345' action='modify' visible='true' lat='35.18082313089' lon='126.90445744901' />
  <node id='-102346' action='modify' visible='true' lat='35.18083310554' lon='126.90446004849' />
  <node id='-102347' action='modify' visible='true' lat='35.18084289032' lon='126.9044624445' />
  <node id='-102348' action='modify' visible='true' lat='35.18085301474' lon='126.90446482333' />
  <node id='-102349' action='modify' visible='true' lat='35.18086295765' lon='126.90446733541' />
  <node id='-102350' action='modify' visible='true' lat='35.18087258304' lon='126.90446994838' />
  <node id='-102351' action='modify' visible='true' lat='35.18088210714' lon='126.90447277791' />
  <node id='-102352' action='modify' visible='true' lat='35.18089124842' lon='126.90447555193' />
  <node id='-102353' action='modify' visible='true' lat='35.18090085663' lon='126.90447871868' />
  <node id='-102354' action='modify' visible='true' lat='35.1809107005' lon='126.9044820233' />
  <node id='-102355' action='modify' visible='true' lat='35.18092048437' lon='126.90448449071' />
  <node id='-102356' action='modify' visible='true' lat='35.18093056122' lon='126.90448691273' />
  <node id='-102357' action='modify' visible='true' lat='35.18094029105' lon='126.90448950376' />
  <node id='-102358' action='modify' visible='true' lat='35.18095010187' lon='126.90449223261' />
  <node id='-102359' action='modify' visible='true' lat='35.18095948767' lon='126.9044949831' />
  <node id='-102360' action='modify' visible='true' lat='35.18096870488' lon='126.9044979956' />
  <node id='-102361' action='modify' visible='true' lat='35.18097751537' lon='126.90450079236' />
  <node id='-102362' action='modify' visible='true' lat='35.18098819324' lon='126.90450395862' />
  <node id='-102363' action='modify' visible='true' lat='35.18099801501' lon='126.90450675556' />
  <node id='-102364' action='modify' visible='true' lat='35.18100787814' lon='126.90450954204' />
  <node id='-102365' action='modify' visible='true' lat='35.18101774897' lon='126.90451252671' />
  <node id='-102366' action='modify' visible='true' lat='35.18102767586' lon='126.90451584194' />
  <node id='-102367' action='modify' visible='true' lat='35.18103760424' lon='126.90451932225' />
  <node id='-102368' action='modify' visible='true' lat='35.18104762164' lon='126.90452312582' />
  <node id='-102369' action='modify' visible='true' lat='35.18105757575' lon='126.90452724282' />
  <node id='-102370' action='modify' visible='true' lat='35.18106652879' lon='126.90453106677' />
  <node id='-102371' action='modify' visible='true' lat='35.18107543267' lon='126.90453522909' />
  <node id='-102372' action='modify' visible='true' lat='35.18108431914' lon='126.90454023413' />
  <node id='-102373' action='modify' visible='true' lat='35.18109213435' lon='126.90454577074' />
  <node id='-102374' action='modify' visible='true' lat='35.1810994927' lon='126.90455278807' />
  <node id='-102375' action='modify' visible='true' lat='35.18110507604' lon='126.90456207426' />
  <node id='-102376' action='modify' visible='true' lat='35.18111041338' lon='126.90457114754' />
  <node id='-102377' action='modify' visible='true' lat='35.18111622258' lon='126.90457984503' />
  <node id='-102378' action='modify' visible='true' lat='35.18112233764' lon='126.90458872149' />
  <node id='-102379' action='modify' visible='true' lat='35.18112779956' lon='126.90459834004' />
  <node id='-102380' action='modify' visible='true' lat='35.18113322226' lon='126.90460923397' />
  <node id='-102381' action='modify' visible='true' lat='35.18113740874' lon='126.9046206106' />
  <node id='-102382' action='modify' visible='true' lat='35.18114099881' lon='126.90463242704' />
  <node id='-102383' action='modify' visible='true' lat='35.18114436788' lon='126.90464441778' />
  <node id='-102384' action='modify' visible='true' lat='35.1811474507' lon='126.90465611974' />
  <node id='-102385' action='modify' visible='true' lat='35.18115050096' lon='126.90466809789' />
  <node id='-102386' action='modify' visible='true' lat='35.18115348287' lon='126.90468011701' />
  <node id='-102387' action='modify' visible='true' lat='35.18115631699' lon='126.90469211312' />
  <node id='-102388' action='modify' visible='true' lat='35.18115859473' lon='126.90470400514' />
  <node id='-102389' action='modify' visible='true' lat='35.18116086616' lon='126.90471566372' />
  <node id='-102390' action='modify' visible='true' lat='35.18116292192' lon='126.90472712891' />
  <node id='-102391' action='modify' visible='true' lat='35.18116474451' lon='126.90473805359' />
  <node id='-102392' action='modify' visible='true' lat='35.18116660232' lon='126.9047496066' />
  <node id='-102393' action='modify' visible='true' lat='35.18116819965' lon='126.90476055097' />
  <node id='-102394' action='modify' visible='true' lat='35.18116998208' lon='126.90477342317' />
  <node id='-102395' action='modify' visible='true' lat='35.18117150596' lon='126.90478443951' />
  <node id='-102396' action='modify' visible='true' lat='35.18117307647' lon='126.90479564649' />
  <node id='-102397' action='modify' visible='true' lat='35.18117467887' lon='126.90480678881' />
  <node id='-102398' action='modify' visible='true' lat='35.18117559795' lon='126.90481793511' />
  <node id='-102399' action='modify' visible='true' lat='35.18117602429' lon='126.90482942359' />
  <node id='-102400' action='modify' visible='true' lat='35.18117644105' lon='126.90484152336' />
  <node id='-102401' action='modify' visible='true' lat='35.181177992' lon='126.90485301078' />
  <node id='-102402' action='modify' visible='true' lat='35.18117976986' lon='126.90486486089' />
  <node id='-102403' action='modify' visible='true' lat='35.18118138899' lon='126.90487649333' />
  <node id='-102404' action='modify' visible='true' lat='35.18118304365' lon='126.90488808017' />
  <node id='-102405' action='modify' visible='true' lat='35.18118538924' lon='126.90489916044' />
  <node id='-102406' action='modify' visible='true' lat='35.18118809757' lon='126.90491006955' />
  <node id='-102407' action='modify' visible='true' lat='35.181190552' lon='126.90491604022' />
  <node id='-102408' action='modify' visible='true' lat='35.18119708487' lon='126.90492484014' />
  <node id='-102409' action='modify' visible='true' lat='35.18120333602' lon='126.90493386377' />
  <node id='-102410' action='modify' visible='true' lat='35.18120949944' lon='126.90494124704' />
  <node id='-102411' action='modify' visible='true' lat='35.18121417521' lon='126.90495218326' />
  <node id='-102412' action='modify' visible='true' lat='35.181218133' lon='126.90496352998' />
  <node id='-102413' action='modify' visible='true' lat='35.18122202897' lon='126.9049747347' />
  <node id='-102414' action='modify' visible='true' lat='35.18122607907' lon='126.90498696028' />
  <node id='-102415' action='modify' visible='true' lat='35.18122866577' lon='126.90499843264' />
  <node id='-102416' action='modify' visible='true' lat='35.1812306222' lon='126.90500975547' />
  <node id='-102417' action='modify' visible='true' lat='35.18123263475' lon='126.90502081205' />
  <node id='-102418' action='modify' visible='true' lat='35.18123519717' lon='126.90503162522' />
  <node id='-102419' action='modify' visible='true' lat='35.18123814091' lon='126.90504325676' />
  <node id='-102420' action='modify' visible='true' lat='35.18124099599' lon='126.90505480515' />
  <node id='-102421' action='modify' visible='true' lat='35.18124366751' lon='126.90506637802' />
  <node id='-102422' action='modify' visible='true' lat='35.18124628199' lon='126.90507794594' />
  <node id='-102423' action='modify' visible='true' lat='35.18124864066' lon='126.90508978661' />
  <node id='-102424' action='modify' visible='true' lat='35.18125088057' lon='126.90510163328' />
  <node id='-102425' action='modify' visible='true' lat='35.1812528718' lon='126.9051130959' />
  <node id='-102426' action='modify' visible='true' lat='35.18125490288' lon='126.90512529953' />
  <node id='-102427' action='modify' visible='true' lat='35.18125680341' lon='126.90513687481' />
  <node id='-102428' action='modify' visible='true' lat='35.18125930341' lon='126.9051491049' />
  <node id='-102429' action='modify' visible='true' lat='35.18126270194' lon='126.90516071424' />
  <node id='-102430' action='modify' visible='true' lat='35.18126592402' lon='126.90517217547' />
  <node id='-102431' action='modify' visible='true' lat='35.18126893634' lon='126.9051839749' />
  <node id='-102432' action='modify' visible='true' lat='35.18127175867' lon='126.90519590891' />
  <node id='-102433' action='modify' visible='true' lat='35.18127464347' lon='126.9052087942' />
  <node id='-102434' action='modify' visible='true' lat='35.18127685274' lon='126.9052195187' />
  <node id='-102435' action='modify' visible='true' lat='35.18127892503' lon='126.90523029636' />
  <node id='-102436' action='modify' visible='true' lat='35.18128188338' lon='126.90524327811' />
  <node id='-102437' action='modify' visible='true' lat='35.18128437599' lon='126.90525383766' />
  <node id='-102438' action='modify' visible='true' lat='35.18128701524' lon='126.90526618605' />
  <node id='-102439' action='modify' visible='true' lat='35.18128959792' lon='126.90527883105' />
  <node id='-102440' action='modify' visible='true' lat='35.18129192145' lon='126.90529086475' />
  <node id='-102441' action='modify' visible='true' lat='35.18129407911' lon='126.90530270453' />
  <node id='-102442' action='modify' visible='true' lat='35.18129618723' lon='126.90531351047' />
  <node id='-102443' action='modify' visible='true' lat='35.18129891037' lon='126.90532660142' />
  <node id='-102444' action='modify' visible='true' lat='35.18130148779' lon='126.90533729293' />
  <node id='-102445' action='modify' visible='true' lat='35.18130385688' lon='126.90534845776' />
  <node id='-102446' action='modify' visible='true' lat='35.18130594577' lon='126.90535920141' />
  <node id='-102447' action='modify' visible='true' lat='35.18130826671' lon='126.90537229435' />
  <node id='-102448' action='modify' visible='true' lat='35.18131035103' lon='126.90538478951' />
  <node id='-102449' action='modify' visible='true' lat='35.18131254328' lon='126.90539724225' />
  <node id='-102450' action='modify' visible='true' lat='35.18131498733' lon='126.90540981846' />
  <node id='-102451' action='modify' visible='true' lat='35.18131746155' lon='126.90542190392' />
  <node id='-102452' action='modify' visible='true' lat='35.1813199816' lon='126.90543395863' />
  <node id='-102453' action='modify' visible='true' lat='35.1813223673' lon='126.905446267' />
  <node id='-102454' action='modify' visible='true' lat='35.18132502003' lon='126.90545828649' />
  <node id='-102455' action='modify' visible='true' lat='35.1813277138' lon='126.90547070655' />
  <node id='-102456' action='modify' visible='true' lat='35.18133032095' lon='126.90548290241' />
  <node id='-102457' action='modify' visible='true' lat='35.18133341923' lon='126.90549509644' />
  <node id='-102458' action='modify' visible='true' lat='35.18133644309' lon='126.90550775608' />
  <node id='-102459' action='modify' visible='true' lat='35.18133917422' lon='126.90552018084' />
  <node id='-102460' action='modify' visible='true' lat='35.18134168817' lon='126.90553240106' />
  <node id='-102461' action='modify' visible='true' lat='35.18134409637' lon='126.90554476178' />
  <node id='-102462' action='modify' visible='true' lat='35.1813464306' lon='126.90555620647' />
  <node id='-102463' action='modify' visible='true' lat='35.18134889177' lon='126.90556753844' />
  <node id='-102464' action='modify' visible='true' lat='35.18135106616' lon='126.90557859816' />
  <node id='-102465' action='modify' visible='true' lat='35.18135340046' lon='126.90558989241' />
  <node id='-102466' action='modify' visible='true' lat='35.18135584214' lon='126.90560109938' />
  <node id='-102467' action='modify' visible='true' lat='35.18135840357' lon='126.90561239086' />
  <node id='-102468' action='modify' visible='true' lat='35.18136079929' lon='126.90562358574' />
  <node id='-102469' action='modify' visible='true' lat='35.18136297787' lon='126.90563476836' />
  <node id='-102470' action='modify' visible='true' lat='35.18136514615' lon='126.90564611132' />
  <node id='-102471' action='modify' visible='true' lat='35.18136738147' lon='126.90565721026' />
  <node id='-102472' action='modify' visible='true' lat='35.18136956455' lon='126.90566819194' />
  <node id='-102473' action='modify' visible='true' lat='35.18137189901' lon='126.90567895923' />
  <node id='-102474' action='modify' visible='true' lat='35.18137417787' lon='126.90568981225' />
  <node id='-102475' action='modify' visible='true' lat='35.18137657519' lon='126.90570106789' />
  <node id='-102476' action='modify' visible='true' lat='35.18137915269' lon='126.90571214749' />
  <node id='-102477' action='modify' visible='true' lat='35.18138162779' lon='126.90572318407' />
  <node id='-102478' action='modify' visible='true' lat='35.18138424272' lon='126.9057358033' />
  <node id='-102479' action='modify' visible='true' lat='35.18138664984' lon='126.90574757423' />
  <node id='-102480' action='modify' visible='true' lat='35.18138912146' lon='126.90576011994' />
  <node id='-102481' action='modify' visible='true' lat='35.18139126897' lon='126.90577102624' />
  <node id='-102482' action='modify' visible='true' lat='35.18139370653' lon='126.90578242955' />
  <node id='-102483' action='modify' visible='true' lat='35.18139617495' lon='126.90579432516' />
  <node id='-102484' action='modify' visible='true' lat='35.18139845604' lon='126.90580681083' />
  <node id='-102485' action='modify' visible='true' lat='35.18140097676' lon='126.90581938372' />
  <node id='-102486' action='modify' visible='true' lat='35.18140331473' lon='126.90583222737' />
  <node id='-102487' action='modify' visible='true' lat='35.18140549648' lon='126.90584469189' />
  <node id='-102488' action='modify' visible='true' lat='35.1814074451' lon='126.90585719828' />
  <node id='-102489' action='modify' visible='true' lat='35.18140922727' lon='126.90586994339' />
  <node id='-102490' action='modify' visible='true' lat='35.18141087543' lon='126.90588232878' />
  <node id='-102491' action='modify' visible='true' lat='35.18141220429' lon='126.90589449056' />
  <node id='-102492' action='modify' visible='true' lat='35.18141372482' lon='126.90590600671' />
  <node id='-102493' action='modify' visible='true' lat='35.18141516609' lon='126.90591770052' />
  <node id='-102494' action='modify' visible='true' lat='35.18141545301' lon='126.90592951281' />
  <node id='-102495' action='modify' visible='true' lat='35.18141526522' lon='126.90594114333' />
  <node id='-102496' action='modify' visible='true' lat='35.18141494472' lon='126.9059523898' />
  <node id='-102497' action='modify' visible='true' lat='35.18141465604' lon='126.9059645138' />
  <node id='-102498' action='modify' visible='true' lat='35.18141442607' lon='126.90597629406' />
  <node id='-102499' action='modify' visible='true' lat='35.18141448775' lon='126.90598822668' />
  <node id='-102500' action='modify' visible='true' lat='35.18141446596' lon='126.90600061848' />
  <node id='-102501' action='modify' visible='true' lat='35.18141423234' lon='126.90601282052' />
  <node id='-102502' action='modify' visible='true' lat='35.18141378574' lon='126.90602482512' />
  <node id='-102503' action='modify' visible='true' lat='35.18141318046' lon='126.90603696541' />
  <node id='-102504' action='modify' visible='true' lat='35.1814123752' lon='126.9060490913' />
  <node id='-102505' action='modify' visible='true' lat='35.18141113192' lon='126.90606108045' />
  <node id='-102506' action='modify' visible='true' lat='35.18140935789' lon='126.90607296329' />
  <node id='-102507' action='modify' visible='true' lat='35.18140732243' lon='126.90608501779' />
  <node id='-102508' action='modify' visible='true' lat='35.18140506433' lon='126.90609685797' />
  <node id='-102509' action='modify' visible='true' lat='35.18140269941' lon='126.90610865774' />
  <node id='-102510' action='modify' visible='true' lat='35.18140013591' lon='126.90612009526' />
  <node id='-102511' action='modify' visible='true' lat='35.18139704016' lon='126.90613145528' />
  <node id='-102512' action='modify' visible='true' lat='35.18139347873' lon='126.90614294822' />
  <node id='-102513' action='modify' visible='true' lat='35.18138967516' lon='126.90615430848' />
  <node id='-102514' action='modify' visible='true' lat='35.18138551767' lon='126.90616567355' />
  <node id='-102515' action='modify' visible='true' lat='35.18138127793' lon='126.90617692394' />
  <node id='-102516' action='modify' visible='true' lat='35.18137702681' lon='126.90618798981' />
  <node id='-102517' action='modify' visible='true' lat='35.18137275423' lon='126.90619891265' />
  <node id='-102518' action='modify' visible='true' lat='35.1813681823' lon='126.90620992199' />
  <node id='-102519' action='modify' visible='true' lat='35.18136339821' lon='126.90622080961' />
  <node id='-102520' action='modify' visible='true' lat='35.18135838541' lon='126.90623189494' />
  <node id='-102521' action='modify' visible='true' lat='35.18135307284' lon='126.90624299483' />
  <node id='-102522' action='modify' visible='true' lat='35.18134770462' lon='126.90625402686' />
  <node id='-102523' action='modify' visible='true' lat='35.18134183186' lon='126.9062650168' />
  <node id='-102524' action='modify' visible='true' lat='35.18133565433' lon='126.90627534234' />
  <node id='-102525' action='modify' visible='true' lat='35.1813287669' lon='126.90628546368' />
  <node id='-102526' action='modify' visible='true' lat='35.18132147682' lon='126.90629513123' />
  <node id='-102527' action='modify' visible='true' lat='35.18131281281' lon='126.90630325664' />
  <node id='-102528' action='modify' visible='true' lat='35.18130367436' lon='126.90631003808' />
  <node id='-102529' action='modify' visible='true' lat='35.18129424828' lon='126.9063165176' />
  <node id='-102530' action='modify' visible='true' lat='35.18128502982' lon='126.90632247833' />
  <node id='-102531' action='modify' visible='true' lat='35.1812755584' lon='126.90632841666' />
  <node id='-102532' action='modify' visible='true' lat='35.18126634281' lon='126.90633353714' />
  <node id='-102533' action='modify' visible='true' lat='35.18125682893' lon='126.90633713941' />
  <node id='-102534' action='modify' visible='true' lat='35.1812476901' lon='126.90634000522' />
  <node id='-102535' action='modify' visible='true' lat='35.18123835956' lon='126.90634374093' />
  <node id='-102536' action='modify' visible='true' lat='35.18122952681' lon='126.90634737464' />
  <node id='-102537' action='modify' visible='true' lat='35.18122033307' lon='126.90635107056' />
  <node id='-102538' action='modify' visible='true' lat='35.18121074689' lon='126.90635472344' />
  <node id='-102539' action='modify' visible='true' lat='35.18120069331' lon='126.90635837817' />
  <node id='-102540' action='modify' visible='true' lat='35.18119070488' lon='126.90636153678' />
  <node id='-102541' action='modify' visible='true' lat='35.18118053309' lon='126.90636363349' />
  <node id='-102542' action='modify' visible='true' lat='35.18117026252' lon='126.9063649145' />
  <node id='-102543' action='modify' visible='true' lat='35.18116000259' lon='126.90636601128' />
  <node id='-102544' action='modify' visible='true' lat='35.18114958434' lon='126.90636679058' />
  <node id='-102545' action='modify' visible='true' lat='35.18113955148' lon='126.90636731991' />
  <node id='-102546' action='modify' visible='true' lat='35.18113051817' lon='126.90636761691' />
  <node id='-102547' action='modify' visible='true' lat='35.18112130328' lon='126.90636776309' />
  <node id='-102548' action='modify' visible='true' lat='35.18111201804' lon='126.90636854584' />
  <node id='-102549' action='modify' visible='true' lat='35.18110262817' lon='126.90636955092' />
  <node id='-102550' action='modify' visible='true' lat='35.18109284783' lon='126.90637043584' />
  <node id='-102551' action='modify' visible='true' lat='35.18108254594' lon='126.90637121048' />
  <node id='-102552' action='modify' visible='true' lat='35.18107285956' lon='126.90637172203' />
  <node id='-102553' action='modify' visible='true' lat='35.18106364579' lon='126.90637209572' />
  <node id='-102554' action='modify' visible='true' lat='35.18105319924' lon='126.90637290113' />
  <node id='-102555' action='modify' visible='true' lat='35.18104255723' lon='126.90637398525' />
  <node id='-102556' action='modify' visible='true' lat='35.18103183835' lon='126.90637512739' />
  <node id='-102557' action='modify' visible='true' lat='35.1810228232' lon='126.90637628353' />
  <node id='-102558' action='modify' visible='true' lat='35.18101391708' lon='126.90637796977' />
  <node id='-102559' action='modify' visible='true' lat='35.18100449937' lon='126.90637997365' />
  <node id='-102560' action='modify' visible='true' lat='35.18099486576' lon='126.90638195786' />
  <node id='-102561' action='modify' visible='true' lat='35.18098501227' lon='126.90638401464' />
  <node id='-102562' action='modify' visible='true' lat='35.18097497824' lon='126.90638579273' />
  <node id='-102563' action='modify' visible='true' lat='35.18096525936' lon='126.90638732456' />
  <node id='-102564' action='modify' visible='true' lat='35.18095579722' lon='126.90638866047' />
  <node id='-102565' action='modify' visible='true' lat='35.18094625031' lon='126.9063897361' />
  <node id='-102566' action='modify' visible='true' lat='35.18093617779' lon='126.90639066729' />
  <node id='-102567' action='modify' visible='true' lat='35.18092655014' lon='126.90639128599' />
  <node id='-102568' action='modify' visible='true' lat='35.18091684882' lon='126.90639129326' />
  <node id='-102569' action='modify' visible='true' lat='35.1809070639' lon='126.90639029915' />
  <node id='-102570' action='modify' visible='true' lat='35.18089745437' lon='126.90638907175' />
  <node id='-102571' action='modify' visible='true' lat='35.18088819289' lon='126.90638804696' />
  <node id='-102572' action='modify' visible='true' lat='35.1808788158' lon='126.90638696305' />
  <node id='-102573' action='modify' visible='true' lat='35.18086945586' lon='126.90638569742' />
  <node id='-102574' action='modify' visible='true' lat='35.18086008875' lon='126.90638437944' />
  <node id='-102575' action='modify' visible='true' lat='35.18085039317' lon='126.90638278003' />
  <node id='-102576' action='modify' visible='true' lat='35.18084134424' lon='126.90638112759' />
  <node id='-102577' action='modify' visible='true' lat='35.18083102569' lon='126.90637826025' />
  <node id='-102578' action='modify' visible='true' lat='35.18082166264' lon='126.90637535708' />
  <node id='-102579' action='modify' visible='true' lat='35.18081286585' lon='126.90637218128' />
  <node id='-102580' action='modify' visible='true' lat='35.18080249351' lon='126.90636831279' />
  <node id='-102581' action='modify' visible='true' lat='35.18079249808' lon='126.90636415742' />
  <node id='-102582' action='modify' visible='true' lat='35.1807825972' lon='126.90635999578' />
  <node id='-102583' action='modify' visible='true' lat='35.18077272469' lon='126.90635497036' />
  <node id='-102584' action='modify' visible='true' lat='35.18076345734' lon='126.90634922288' />
  <node id='-102585' action='modify' visible='true' lat='35.18075497138' lon='126.9063428639' />
  <node id='-102586' action='modify' visible='true' lat='35.18074677036' lon='126.90633632128' />
  <node id='-102587' action='modify' visible='true' lat='35.18073853975' lon='126.90632924434' />
  <node id='-102588' action='modify' visible='true' lat='35.18073058461' lon='126.90632207305' />
  <node id='-102589' action='modify' visible='true' lat='35.18072325678' lon='126.90631438043' />
  <node id='-102590' action='modify' visible='true' lat='35.18071624636' lon='126.90630614217' />
  <node id='-102591' action='modify' visible='true' lat='35.18070906916' lon='126.90629681327' />
  <node id='-102592' action='modify' visible='true' lat='35.18070404245' lon='126.90628673965' />
  <node id='-102593' action='modify' visible='true' lat='35.18069987039' lon='126.90627609237' />
  <node id='-102594' action='modify' visible='true' lat='35.18069608087' lon='126.90626555013' />
  <node id='-102595' action='modify' visible='true' lat='35.18069242155' lon='126.90625473489' />
  <node id='-102596' action='modify' visible='true' lat='35.18068916813' lon='126.90624420629' />
  <node id='-102597' action='modify' visible='true' lat='35.18068642462' lon='126.90623325228' />
  <node id='-102598' action='modify' visible='true' lat='35.18068376805' lon='126.90622195876' />
  <node id='-102599' action='modify' visible='true' lat='35.18068128831' lon='126.90621099128' />
  <node id='-102600' action='modify' visible='true' lat='35.18067893793' lon='126.90619991736' />
  <node id='-102601' action='modify' visible='true' lat='35.18067667281' lon='126.90618875069' />
  <node id='-102602' action='modify' visible='true' lat='35.18067411409' lon='126.90617600001' />
  <node id='-102603' action='modify' visible='true' lat='35.18067172139' lon='126.9061652296' />
  <node id='-102604' action='modify' visible='true' lat='35.18066938989' lon='126.90615435684' />
  <node id='-102605' action='modify' visible='true' lat='35.18066711261' lon='126.90614337378' />
  <node id='-102606' action='modify' visible='true' lat='35.18066498684' lon='126.906132657' />
  <node id='-102607' action='modify' visible='true' lat='35.180662717' lon='126.90612046565' />
  <node id='-102608' action='modify' visible='true' lat='35.18066048057' lon='126.90610764983' />
  <node id='-102609' action='modify' visible='true' lat='35.18065825985' lon='126.90609483478' />
  <node id='-102610' action='modify' visible='true' lat='35.18065571151' lon='126.90608210274' />
  <node id='-102611' action='modify' visible='true' lat='35.18065328718' lon='126.90606942414' />
  <node id='-102612' action='modify' visible='true' lat='35.18065099843' lon='126.90605678832' />
  <node id='-102613' action='modify' visible='true' lat='35.18064881141' lon='126.90604607471' />
  <node id='-102614' action='modify' visible='true' lat='35.18064643457' lon='126.90603445493' />
  <node id='-102615' action='modify' visible='true' lat='35.18064380711' lon='126.90602295104' />
  <node id='-102616' action='modify' visible='true' lat='35.18064104328' lon='126.9060107141' />
  <node id='-102617' action='modify' visible='true' lat='35.18063840836' lon='126.90599838259' />
  <node id='-102618' action='modify' visible='true' lat='35.18063585248' lon='126.90598604712' />
  <node id='-102619' action='modify' visible='true' lat='35.18063362714' lon='126.90597471428' />
  <node id='-102620' action='modify' visible='true' lat='35.18063156154' lon='126.90596329952' />
  <node id='-102621' action='modify' visible='true' lat='35.18062944116' lon='126.90595206267' />
  <node id='-102622' action='modify' visible='true' lat='35.1806268321' lon='126.90594071061' />
  <node id='-102623' action='modify' visible='true' lat='35.18062446397' lon='126.90592934395' />
  <node id='-102624' action='modify' visible='true' lat='35.18062184227' lon='126.90591839601' />
  <node id='-102625' action='modify' visible='true' lat='35.18061923161' lon='126.90590725397' />
  <node id='-102626' action='modify' visible='true' lat='35.18061668508' lon='126.9058962408' />
  <node id='-102627' action='modify' visible='true' lat='35.18061435441' lon='126.90588529846' />
  <node id='-102628' action='modify' visible='true' lat='35.18061202113' lon='126.90587433893' />
  <node id='-102629' action='modify' visible='true' lat='35.18060966301' lon='126.90586322388' />
  <node id='-102630' action='modify' visible='true' lat='35.18060741755' lon='126.90585217858' />
  <node id='-102631' action='modify' visible='true' lat='35.18060520963' lon='126.90584124574' />
  <node id='-102632' action='modify' visible='true' lat='35.18060305827' lon='126.90583039979' />
  <node id='-102633' action='modify' visible='true' lat='35.1806008714' lon='126.90581934703' />
  <node id='-102634' action='modify' visible='true' lat='35.18059845743' lon='126.90580850187' />
  <node id='-102635' action='modify' visible='true' lat='35.18059593602' lon='126.90579763346' />
  <node id='-102636' action='modify' visible='true' lat='35.18059326128' lon='126.90578671595' />
  <node id='-102637' action='modify' visible='true' lat='35.18059031078' lon='126.90577406299' />
  <node id='-102638' action='modify' visible='true' lat='35.18058794606' lon='126.90576314923' />
  <node id='-102639' action='modify' visible='true' lat='35.18058565233' lon='126.90575191465' />
  <node id='-102640' action='modify' visible='true' lat='35.18058352477' lon='126.90574120858' />
  <node id='-102641' action='modify' visible='true' lat='35.18058116781' lon='126.90573015197' />
  <node id='-102642' action='modify' visible='true' lat='35.180578205' lon='126.90571950945' />
  <node id='-102643' action='modify' visible='true' lat='35.18057525216' lon='126.90570875451' />
  <node id='-102644' action='modify' visible='true' lat='35.18057230972' lon='126.905697712' />
  <node id='-102645' action='modify' visible='true' lat='35.1805694686' lon='126.90568671843' />
  <node id='-102646' action='modify' visible='true' lat='35.18056685611' lon='126.90567600104' />
  <node id='-102647' action='modify' visible='true' lat='35.18056358356' lon='126.90566422996' />
  <node id='-102648' action='modify' visible='true' lat='35.18056082176' lon='126.9056527158' />
  <node id='-102649' action='modify' visible='true' lat='35.18055817048' lon='126.90563980287' />
  <node id='-102650' action='modify' visible='true' lat='35.18055529383' lon='126.90562731335' />
  <node id='-102651' action='modify' visible='true' lat='35.18055256763' lon='126.90561493564' />
  <node id='-102652' action='modify' visible='true' lat='35.18055018514' lon='126.90560370257' />
  <node id='-102653' action='modify' visible='true' lat='35.18054703836' lon='126.90559033609' />
  <node id='-102654' action='modify' visible='true' lat='35.18053736243' lon='126.90559380029' />
  <node id='-102655' action='modify' visible='true' lat='35.18052757053' lon='126.90559694768' />
  <node id='-102656' action='modify' visible='true' lat='35.18051683402' lon='126.90560013901' />
  <node id='-102657' action='modify' visible='true' lat='35.18050690298' lon='126.90560320221' />
  <node id='-102658' action='modify' visible='true' lat='35.18049691741' lon='126.90560631715' />
  <node id='-102659' action='modify' visible='true' lat='35.18047943365' lon='126.90561074756' />
  <node id='-102660' action='modify' visible='true' lat='35.18047073847' lon='126.90561395272' />
  <node id='-102661' action='modify' visible='true' lat='35.1804614317' lon='126.90561743867' />
  <node id='-102662' action='modify' visible='true' lat='35.1804518298' lon='126.90562089969' />
  <node id='-102663' action='modify' visible='true' lat='35.18044194359' lon='126.90562435352' />
  <node id='-102664' action='modify' visible='true' lat='35.18043236353' lon='126.90562799034' />
  <node id='-102665' action='modify' visible='true' lat='35.18042239064' lon='126.90563159865' />
  <node id='-102666' action='modify' visible='true' lat='35.18041304418' lon='126.90563465261' />
  <node id='-102667' action='modify' visible='true' lat='35.18040203386' lon='126.90563820153' />
  <node id='-102668' action='modify' visible='true' lat='35.18039192498' lon='126.90564132611' />
  <node id='-102669' action='modify' visible='true' lat='35.18038089306' lon='126.90564550646' />
  <node id='-102670' action='modify' visible='true' lat='35.18037085426' lon='126.90564938126' />
  <node id='-102671' action='modify' visible='true' lat='35.18035873897' lon='126.905653862' />
  <node id='-102672' action='modify' visible='true' lat='35.18034752779' lon='126.90565777956' />
  <node id='-102673' action='modify' visible='true' lat='35.18033790227' lon='126.90566090765' />
  <node id='-102674' action='modify' visible='true' lat='35.18032631516' lon='126.90566474333' />
  <node id='-102675' action='modify' visible='true' lat='35.18031698331' lon='126.90566824673' />
  <node id='-102676' action='modify' visible='true' lat='35.18030680295' lon='126.90567183518' />
  <node id='-102677' action='modify' visible='true' lat='35.18029696288' lon='126.90567514815' />
  <node id='-102678' action='modify' visible='true' lat='35.18028728701' lon='126.90567854329' />
  <node id='-102679' action='modify' visible='true' lat='35.18027697021' lon='126.90568247912' />
  <node id='-102680' action='modify' visible='true' lat='35.18026565333' lon='126.9056870617' />
  <node id='-102681' action='modify' visible='true' lat='35.18025625597' lon='126.90569030412' />
  <node id='-102682' action='modify' visible='true' lat='35.18024665292' lon='126.90569373896' />
  <node id='-102683' action='modify' visible='true' lat='35.18023748702' lon='126.90569770967' />
  <node id='-102684' action='modify' visible='true' lat='35.18022819765' lon='126.90570122461' />
  <node id='-102685' action='modify' visible='true' lat='35.18021698661' lon='126.90570498672' />
  <node id='-102686' action='modify' visible='true' lat='35.18020758825' lon='126.90570792826' />
  <node id='-102687' action='modify' visible='true' lat='35.1801985405' lon='126.9057104561' />
  <node id='-102688' action='modify' visible='true' lat='35.180186746' lon='126.9057138502' />
  <node id='-102689' action='modify' visible='true' lat='35.18017599001' lon='126.90571775998' />
  <node id='-102690' action='modify' visible='true' lat='35.1801669404' lon='126.90572091397' />
  <node id='-102691' action='modify' visible='true' lat='35.18015801551' lon='126.90572381043' />
  <node id='-102692' action='modify' visible='true' lat='35.18014712496' lon='126.90572676214' />
  <node id='-102693' action='modify' visible='true' lat='35.18013790218' lon='126.90572911413' />
  <node id='-102694' action='modify' visible='true' lat='35.18012611188' lon='126.90573178741' />
  <node id='-102695' action='modify' visible='true' lat='35.18011734355' lon='126.90573475271' />
  <node id='-102696' action='modify' visible='true' lat='35.18010660052' lon='126.90573834768' />
  <node id='-102697' action='modify' visible='true' lat='35.18009596148' lon='126.90574178427' />
  <node id='-102698' action='modify' visible='true' lat='35.18008535739' lon='126.90574490872' />
  <node id='-102699' action='modify' visible='true' lat='35.18007527965' lon='126.90574758325' />
  <node id='-102700' action='modify' visible='true' lat='35.18006481219' lon='126.90575028084' />
  <node id='-102701' action='modify' visible='true' lat='35.18005310251' lon='126.90575365156' />
  <node id='-102702' action='modify' visible='true' lat='35.18004301309' lon='126.90575677599' />
  <node id='-102703' action='modify' visible='true' lat='35.18003224677' lon='126.90576064978' />
  <node id='-102704' action='modify' visible='true' lat='35.18002200091' lon='126.90576430717' />
  <node id='-102705' action='modify' visible='true' lat='35.18001192991' lon='126.905767815' />
  <node id='-102706' action='modify' visible='true' lat='35.18000159258' lon='126.90577149857' />
  <node id='-102707' action='modify' visible='true' lat='35.17999117063' lon='126.90577529423' />
  <node id='-102708' action='modify' visible='true' lat='35.17998016895' lon='126.90577921064' />
  <node id='-102709' action='modify' visible='true' lat='35.17997082268' lon='126.90578243741' />
  <node id='-102710' action='modify' visible='true' lat='35.17996078041' lon='126.90578560014' />
  <node id='-102711' action='modify' visible='true' lat='35.17995084114' lon='126.90578902685' />
  <node id='-102712' action='modify' visible='true' lat='35.17994148123' lon='126.90579240789' />
  <node id='-102713' action='modify' visible='true' lat='35.17993272011' lon='126.90579535664' />
  <node id='-102714' action='modify' visible='true' lat='35.17992387365' lon='126.90579874629' />
  <node id='-102715' action='modify' visible='true' lat='35.17991441966' lon='126.90580237395' />
  <node id='-102716' action='modify' visible='true' lat='35.17990279822' lon='126.90580641242' />
  <node id='-102717' action='modify' visible='true' lat='35.17989327431' lon='126.90580964039' />
  <node id='-102718' action='modify' visible='true' lat='35.17988424538' lon='126.90581291873' />
  <node id='-102719' action='modify' visible='true' lat='35.17987408784' lon='126.90581652657' />
  <node id='-102720' action='modify' visible='true' lat='35.17986378287' lon='126.90581999009' />
  <node id='-102721' action='modify' visible='true' lat='35.17985390739' lon='126.90582313836' />
  <node id='-102722' action='modify' visible='true' lat='35.17984405691' lon='126.90582603433' />
  <node id='-102723' action='modify' visible='true' lat='35.17983379017' lon='126.90582869787' />
  <node id='-102724' action='modify' visible='true' lat='35.17982437731' lon='126.90583113498' />
  <node id='-102725' action='modify' visible='true' lat='35.17981547669' lon='126.90583415456' />
  <node id='-102726' action='modify' visible='true' lat='35.17980656905' lon='126.90583780614' />
  <node id='-102727' action='modify' visible='true' lat='35.17979765229' lon='126.90584108156' />
  <node id='-102728' action='modify' visible='true' lat='35.17978722773' lon='126.90584410074' />
  <node id='-102729' action='modify' visible='true' lat='35.17977813204' lon='126.90584694253' />
  <node id='-102730' action='modify' visible='true' lat='35.17976712334' lon='126.90585070951' />
  <node id='-102731' action='modify' visible='true' lat='35.17975737511' lon='126.90585429436' />
  <node id='-102732' action='modify' visible='true' lat='35.17974742238' lon='126.90585786187' />
  <node id='-102733' action='modify' visible='true' lat='35.17973754132' lon='126.90586132589' />
  <node id='-102734' action='modify' visible='true' lat='35.17972753031' lon='126.90586468543' />
  <node id='-102735' action='modify' visible='true' lat='35.17971725987' lon='126.90586792592' />
  <node id='-102736' action='modify' visible='true' lat='35.17970718719' lon='126.90587127514' />
  <node id='-102737' action='modify' visible='true' lat='35.17969705365' lon='126.90587450914' />
  <node id='-102738' action='modify' visible='true' lat='35.17968780637' lon='126.90587726794' />
  <node id='-102739' action='modify' visible='true' lat='35.17967857483' lon='126.90587995475' />
  <node id='-102740' action='modify' visible='true' lat='35.179668713' lon='126.90588404954' />
  <node id='-102741' action='modify' visible='true' lat='35.17965986108' lon='126.90588811758' />
  <node id='-102742' action='modify' visible='true' lat='35.17965098386' lon='126.90589180028' />
  <node id='-102743' action='modify' visible='true' lat='35.17964177309' lon='126.90589523075' />
  <node id='-102744' action='modify' visible='true' lat='35.17963282902' lon='126.90589834514' />
  <node id='-102745' action='modify' visible='true' lat='35.17962380578' lon='126.90590134775' />
  <node id='-102746' action='modify' visible='true' lat='35.17961461468' lon='126.90590422921' />
  <node id='-102747' action='modify' visible='true' lat='35.17960559448' lon='126.90590682322' />
  <node id='-102748' action='modify' visible='true' lat='35.17959546909' lon='126.90590985649' />
  <node id='-102749' action='modify' visible='true' lat='35.17958517218' lon='126.90591369868' />
  <node id='-102750' action='modify' visible='true' lat='35.17957650642' lon='126.90591693761' />
  <node id='-102751' action='modify' visible='true' lat='35.17956777634' lon='126.9059198699' />
  <node id='-102752' action='modify' visible='true' lat='35.17955879379' lon='126.90592256142' />
  <node id='-102753' action='modify' visible='true' lat='35.17954983307' lon='126.90592514242' />
  <node id='-102754' action='modify' visible='true' lat='35.17953939406' lon='126.90592789472' />
  <node id='-102755' action='modify' visible='true' lat='35.17953042357' lon='126.90593009799' />
  <node id='-102756' action='modify' visible='true' lat='35.17951985117' lon='126.90593248297' />
  <node id='-102757' action='modify' visible='true' lat='35.17950966983' lon='126.90593482638' />
  <node id='-102758' action='modify' visible='true' lat='35.17950084808' lon='126.90593756118' />
  <node id='-102759' action='modify' visible='true' lat='35.17949192455' lon='126.90594030408' />
  <node id='-102760' action='modify' visible='true' lat='35.1794827974' lon='126.9059429025' />
  <node id='-102761' action='modify' visible='true' lat='35.17947380423' lon='126.90594559579' />
  <node id='-102762' action='modify' visible='true' lat='35.17946377699' lon='126.90594873272' />
  <node id='-102763' action='modify' visible='true' lat='35.17945477275' lon='126.9059516335' />
  <node id='-102764' action='modify' visible='true' lat='35.17944600459' lon='126.90595458306' />
  <node id='-102765' action='modify' visible='true' lat='35.17943727906' lon='126.90595751636' />
  <node id='-102766' action='modify' visible='true' lat='35.17942846097' lon='126.90596021156' />
  <node id='-102767' action='modify' visible='true' lat='35.17941960017' lon='126.90596275238' />
  <node id='-102768' action='modify' visible='true' lat='35.17940965031' lon='126.90596581795' />
  <node id='-102769' action='modify' visible='true' lat='35.17940099006' lon='126.90596891062' />
  <node id='-102770' action='modify' visible='true' lat='35.17939042123' lon='126.90597301695' />
  <node id='-102771' action='modify' visible='true' lat='35.17938178071' lon='126.90597630426' />
  <node id='-102772' action='modify' visible='true' lat='35.1793718172' lon='126.90597989682' />
  <node id='-102773' action='modify' visible='true' lat='35.17936278309' lon='126.90598298689' />
  <node id='-102774' action='modify' visible='true' lat='35.17935349859' lon='126.90598604368' />
  <node id='-102775' action='modify' visible='true' lat='35.17934446862' lon='126.90598928997' />
  <node id='-102776' action='modify' visible='true' lat='35.17933465318' lon='126.90599313243' />
  <node id='-102777' action='modify' visible='true' lat='35.17932552552' lon='126.9059965881' />
  <node id='-102778' action='modify' visible='true' lat='35.17931623562' lon='126.90599999289' />
  <node id='-102779' action='modify' visible='true' lat='35.1793065661' lon='126.90600330073' />
  <node id='-102780' action='modify' visible='true' lat='35.17929748837' lon='126.90600625508' />
  <node id='-102781' action='modify' visible='true' lat='35.17928829453' lon='126.90600911715' />
  <node id='-102782' action='modify' visible='true' lat='35.17927926687' lon='126.90601214351' />
  <node id='-102783' action='modify' visible='true' lat='35.17927034004' lon='126.90601506575' />
  <node id='-102784' action='modify' visible='true' lat='35.17926151688' lon='126.90601788162' />
  <node id='-102785' action='modify' visible='true' lat='35.17925256296' lon='126.90602072878' />
  <node id='-102786' action='modify' visible='true' lat='35.17924221434' lon='126.90602391163' />
  <node id='-102787' action='modify' visible='true' lat='35.17923183942' lon='126.90602708854' />
  <node id='-102788' action='modify' visible='true' lat='35.17922254469' lon='126.90602967708' />
  <node id='-102789' action='modify' visible='true' lat='35.17921283337' lon='126.90603225462' />
  <node id='-102790' action='modify' visible='true' lat='35.1792038516' lon='126.90603550397' />
  <node id='-102791' action='modify' visible='true' lat='35.17919396169' lon='126.90603978139' />
  <node id='-102792' action='modify' visible='true' lat='35.17918539867' lon='126.90604346118' />
  <node id='-102793' action='modify' visible='true' lat='35.17917522817' lon='126.90604700872' />
  <node id='-102794' action='modify' visible='true' lat='35.17916547237' lon='126.9060498135' />
  <node id='-102795' action='modify' visible='true' lat='35.17915570219' lon='126.90605263853' />
  <node id='-102796' action='modify' visible='true' lat='35.1791459793' lon='126.90605556494' />
  <node id='-102797' action='modify' visible='true' lat='35.17913713615' lon='126.90605814356' />
  <node id='-102798' action='modify' visible='true' lat='35.17912748424' lon='126.90606088728' />
  <node id='-102799' action='modify' visible='true' lat='35.17911711619' lon='126.90606363827' />
  <node id='-102800' action='modify' visible='true' lat='35.17910794649' lon='126.90606603561' />
  <node id='-102801' action='modify' visible='true' lat='35.17909809027' lon='126.90606884861' />
  <node id='-102802' action='modify' visible='true' lat='35.17908782556' lon='126.90607162576' />
  <node id='-102803' action='modify' visible='true' lat='35.17907865104' lon='126.90607398281' />
  <node id='-102804' action='modify' visible='true' lat='35.17906869722' lon='126.90607762652' />
  <node id='-102805' action='modify' visible='true' lat='35.17905983532' lon='126.90608090332' />
  <node id='-102806' action='modify' visible='true' lat='35.17905113788' lon='126.90608400132' />
  <node id='-102807' action='modify' visible='true' lat='35.17904176861' lon='126.90608737026' />
  <node id='-102808' action='modify' visible='true' lat='35.17903217273' lon='126.90609086422' />
  <node id='-102809' action='modify' visible='true' lat='35.17902261326' lon='126.9060942679' />
  <node id='-102810' action='modify' visible='true' lat='35.17901347479' lon='126.90609729336' />
  <node id='-102811' action='modify' visible='true' lat='35.17900406426' lon='126.90610057556' />
  <node id='-102812' action='modify' visible='true' lat='35.17899448739' lon='126.90610394333' />
  <node id='-102813' action='modify' visible='true' lat='35.17898431651' lon='126.90610734196' />
  <node id='-102814' action='modify' visible='true' lat='35.17897398819' lon='126.90611045766' />
  <node id='-102815' action='modify' visible='true' lat='35.17896384719' lon='126.90611338008' />
  <node id='-102816' action='modify' visible='true' lat='35.17895498696' lon='126.90611618875' />
  <node id='-102817' action='modify' visible='true' lat='35.17894636872' lon='126.9061193485' />
  <node id='-102818' action='modify' visible='true' lat='35.17893605225' lon='126.90612334016' />
  <node id='-102819' action='modify' visible='true' lat='35.17892603095' lon='126.90612708335' />
  <node id='-102820' action='modify' visible='true' lat='35.17891732216' lon='126.90613063869' />
  <node id='-102821' action='modify' visible='true' lat='35.17890819032' lon='126.9061345334' />
  <node id='-102822' action='modify' visible='true' lat='35.17889873871' lon='126.90613839098' />
  <node id='-102823' action='modify' visible='true' lat='35.17888972708' lon='126.90614215686' />
  <node id='-102824' action='modify' visible='true' lat='35.17888088252' lon='126.90614579983' />
  <node id='-102825' action='modify' visible='true' lat='35.17887187262' lon='126.90614927614' />
  <node id='-102826' action='modify' visible='true' lat='35.17886245838' lon='126.90615275805' />
  <node id='-102827' action='modify' visible='true' lat='35.17885344988' lon='126.90615586155' />
  <node id='-102828' action='modify' visible='true' lat='35.17884419142' lon='126.90615889321' />
  <node id='-102829' action='modify' visible='true' lat='35.17883484669' lon='126.90616239331' />
  <node id='-102830' action='modify' visible='true' lat='35.17882556328' lon='126.90616578772' />
  <node id='-102831' action='modify' visible='true' lat='35.17881632644' lon='126.90616921833' />
  <node id='-102832' action='modify' visible='true' lat='35.17880682742' lon='126.90617270484' />
  <node id='-102833' action='modify' visible='true' lat='35.17879727136' lon='126.90617650495' />
  <node id='-102834' action='modify' visible='true' lat='35.17878810989' lon='126.90618032434' />
  <node id='-102835' action='modify' visible='true' lat='35.17877951338' lon='126.90618451818' />
  <node id='-102836' action='modify' visible='true' lat='35.17877059356' lon='126.9061893296' />
  <node id='-102837' action='modify' visible='true' lat='35.17876274812' lon='126.90619489093' />
  <node id='-102838' action='modify' visible='true' lat='35.17875438045' lon='126.90620240574' />
  <node id='-102839' action='modify' visible='true' lat='35.17874684794' lon='126.90621180804' />
  <node id='-102840' action='modify' visible='true' lat='35.17874061022' lon='126.90622054647' />
  <node id='-102841' action='modify' visible='true' lat='35.17873446826' lon='126.90622926997' />
  <node id='-102842' action='modify' visible='true' lat='35.17873169326' lon='126.90623485411' />
  <node id='-102843' action='modify' visible='true' lat='35.17872874522' lon='126.90624544982' />
  <node id='-102844' action='modify' visible='true' lat='35.17872654374' lon='126.90625650027' />
  <node id='-102845' action='modify' visible='true' lat='35.17872577988' lon='126.90626770861' />
  <node id='-102846' action='modify' visible='true' lat='35.1787253681' lon='126.90627927099' />
  <node id='-102847' action='modify' visible='true' lat='35.17872569637' lon='126.90628601995' />
  <node id='-102848' action='modify' visible='true' lat='35.17872800713' lon='126.90629703859' />
  <node id='-102849' action='modify' visible='true' lat='35.1787319688' lon='126.9063072249' />
  <node id='-102850' action='modify' visible='true' lat='35.17873757673' lon='126.90631694653' />
  <node id='-102851' action='modify' visible='true' lat='35.17874391792' lon='126.90632619471' />
  <node id='-102852' action='modify' visible='true' lat='35.17875059181' lon='126.90633405598' />
  <node id='-102853' action='modify' visible='true' lat='35.17875803936' lon='126.90634120193' />
  <node id='-102854' action='modify' visible='true' lat='35.17876548946' lon='126.90634775605' />
  <node id='-102855' action='modify' visible='true' lat='35.17877337248' lon='126.90635421555' />
  <node id='-102856' action='modify' visible='true' lat='35.17878208428' lon='126.90636125476' />
  <node id='-102857' action='modify' visible='true' lat='35.17879098496' lon='126.90636834224' />
  <node id='-102858' action='modify' visible='true' lat='35.17879973099' lon='126.90637542775' />
  <node id='-102859' action='modify' visible='true' lat='35.17880859118' lon='126.90638229034' />
  <node id='-102860' action='modify' visible='true' lat='35.17881732931' lon='126.90638933232' />
  <node id='-102861' action='modify' visible='true' lat='35.17882542628' lon='126.90639589834' />
  <node id='-102862' action='modify' visible='true' lat='35.17883303773' lon='126.90640250764' />
  <node id='-102863' action='modify' visible='true' lat='35.17884212794' lon='126.90640964137' />
  <node id='-102864' action='modify' visible='true' lat='35.17885107492' lon='126.90641678146' />
  <node id='-102865' action='modify' visible='true' lat='35.17885855407' lon='126.9064230109' />
  <node id='-102866' action='modify' visible='true' lat='35.17886627526' lon='126.90642943535' />
  <node id='-102867' action='modify' visible='true' lat='35.17887443768' lon='126.90643459157' />
  <node id='-102868' action='modify' visible='true' lat='35.17888282113' lon='126.90643971431' />
  <node id='-102869' action='modify' visible='true' lat='35.17889267321' lon='126.90644591271' />
  <node id='-102870' action='modify' visible='true' lat='35.17890155484' lon='126.90645125472' />
  <node id='-102871' action='modify' visible='true' lat='35.17891144819' lon='126.90645678524' />
  <node id='-102872' action='modify' visible='true' lat='35.17892000274' lon='126.90646214545' />
  <node id='-102873' action='modify' visible='true' lat='35.17892919916' lon='126.90646889807' />
  <node id='-102874' action='modify' visible='true' lat='35.17893788785' lon='126.90647530132' />
  <node id='-102875' action='modify' visible='true' lat='35.17894704306' lon='126.9064820736' />
  <node id='-102876' action='modify' visible='true' lat='35.1789553463' lon='126.90648829356' />
  <node id='-102877' action='modify' visible='true' lat='35.17896442278' lon='126.90649532562' />
  <node id='-102878' action='modify' visible='true' lat='35.17897326098' lon='126.90650247531' />
  <node id='-102879' action='modify' visible='true' lat='35.17898154629' lon='126.90650951184' />
  <node id='-102880' action='modify' visible='true' lat='35.17898935667' lon='126.90651557372' />
  <node id='-102881' action='modify' visible='true' lat='35.17899743367' lon='126.9065210643' />
  <node id='-102882' action='modify' visible='true' lat='35.17900625021' lon='126.90652716053' />
  <node id='-102883' action='modify' visible='true' lat='35.17901570645' lon='126.90653298123' />
  <node id='-102884' action='modify' visible='true' lat='35.17902226762' lon='126.90653391806' />
  <node id='-102885' action='modify' visible='true' lat='35.1790322559' lon='126.90653392883' />
  <node id='-102886' action='modify' visible='true' lat='35.17904412371' lon='126.90653392633' />
  <node id='-102887' action='modify' visible='true' lat='35.17905150114' lon='126.90653253086' />
  <node id='-102888' action='modify' visible='true' lat='35.179060532' lon='126.90652909651' />
  <node id='-102889' action='modify' visible='true' lat='35.17906933116' lon='126.90652561985' />
  <node id='-102890' action='modify' visible='true' lat='35.17907993289' lon='126.9065215294' />
  <node id='-102891' action='modify' visible='true' lat='35.17909120006' lon='126.90651665461' />
  <node id='-102892' action='modify' visible='true' lat='35.17910170581' lon='126.90651111886' />
  <node id='-102893' action='modify' visible='true' lat='35.17911197106' lon='126.90650608924' />
  <node id='-102894' action='modify' visible='true' lat='35.17912066232' lon='126.90650210827' />
  <node id='-102895' action='modify' visible='true' lat='35.17912936963' lon='126.90649872109' />
  <node id='-102896' action='modify' visible='true' lat='35.1791400754' lon='126.90649507061' />
  <node id='-102897' action='modify' visible='true' lat='35.17914898406' lon='126.90649227799' />
  <node id='-102898' action='modify' visible='true' lat='35.17916042552' lon='126.90648901888' />
  <node id='-102899' action='modify' visible='true' lat='35.17917177716' lon='126.90648604614' />
  <node id='-102900' action='modify' visible='true' lat='35.17918215515' lon='126.90648283516' />
  <node id='-102901' action='modify' visible='true' lat='35.17919171258' lon='126.90647988574' />
  <node id='-102902' action='modify' visible='true' lat='35.17920229776' lon='126.90647679527' />
  <node id='-102903' action='modify' visible='true' lat='35.17921190054' lon='126.90647363635' />
  <node id='-102904' action='modify' visible='true' lat='35.17922226788' lon='126.90646995266' />
  <node id='-102905' action='modify' visible='true' lat='35.17923231068' lon='126.90646645757' />
  <node id='-102906' action='modify' visible='true' lat='35.17924279677' lon='126.9064627318' />
  <node id='-102907' action='modify' visible='true' lat='35.17925218467' lon='126.90645919068' />
  <node id='-102908' action='modify' visible='true' lat='35.17926209724' lon='126.90645563418' />
  <node id='-102909' action='modify' visible='true' lat='35.17927204312' lon='126.90645203561' />
  <node id='-102910' action='modify' visible='true' lat='35.17928267663' lon='126.9064479852' />
  <node id='-102911' action='modify' visible='true' lat='35.17929300684' lon='126.90644409914' />
  <node id='-102912' action='modify' visible='true' lat='35.17930237479' lon='126.90644092353' />
  <node id='-102913' action='modify' visible='true' lat='35.17931202795' lon='126.90643748392' />
  <node id='-102914' action='modify' visible='true' lat='35.17932303037' lon='126.90643332075' />
  <node id='-102915' action='modify' visible='true' lat='35.17933280711' lon='126.9064297374' />
  <node id='-102916' action='modify' visible='true' lat='35.17934153522' lon='126.90642670621' />
  <node id='-102917' action='modify' visible='true' lat='35.17935256322' lon='126.90642314345' />
  <node id='-102918' action='modify' visible='true' lat='35.17935838966' lon='126.9064311034' />
  <node id='-102919' action='modify' visible='true' lat='35.17936804049' lon='126.90641617992' />
  <node id='-102920' action='modify' visible='true' lat='35.17937901074' lon='126.90643157962' />
  <node id='-102921' action='modify' visible='true' lat='35.17938839155' lon='126.9064086305' />
  <node id='-102922' action='modify' visible='true' lat='35.17939940106' lon='126.90642594983' />
  <node id='-102923' action='modify' visible='true' lat='35.17940753395' lon='126.90640026353' />
  <node id='-102924' action='modify' visible='true' lat='35.17942303334' lon='126.90641836877' />
  <node id='-102925' action='modify' visible='true' lat='35.17944712972' lon='126.90641384538' />
  <node id='-102926' action='modify' visible='true' lat='35.1800942465' lon='126.90578112125' />
  <node id='-102927' action='modify' visible='true' lat='35.18053210159' lon='126.90551636583' />
  <node id='-106461' action='modify' visible='true' lat='35.17949848453' lon='126.90634507728' />
  <node id='-106462' action='modify' visible='true' lat='35.17950423934' lon='126.90636821133' />
  <node id='-106463' action='modify' visible='true' lat='35.1795097201' lon='126.90639134538' />
  <node id='-106464' action='modify' visible='true' lat='35.17951273452' lon='126.90641045612' />
  <node id='-106465' action='modify' visible='true' lat='35.1794968403' lon='126.90641582054' />
  <node id='-106466' action='modify' visible='true' lat='35.1794817682' lon='126.90642185551' />
  <node id='-106467' action='modify' visible='true' lat='35.17947656146' lon='126.9064037506' />
  <node id='-106468' action='modify' visible='true' lat='35.17947190281' lon='126.90638396931' />
  <node id='-106469' action='modify' visible='true' lat='35.17946806627' lon='126.90636619967' />
  <node id='-106470' action='modify' visible='true' lat='35.17947190281' lon='126.90635278863' />
  <node id='-106471' action='modify' visible='true' lat='35.17948450858' lon='126.90634876531' />
  <way id='-101782' action='modify' visible='true'>
    <nd ref='-102141' />
    <nd ref='-102142' />
    <nd ref='-102143' />
    <nd ref='-102144' />
    <nd ref='-102145' />
    <nd ref='-102146' />
    <nd ref='-102147' />
    <nd ref='-102148' />
    <nd ref='-102149' />
    <nd ref='-102150' />
    <nd ref='-102151' />
    <nd ref='-102152' />
    <nd ref='-102153' />
    <nd ref='-102154' />
    <nd ref='-102155' />
    <nd ref='-102156' />
    <nd ref='-102157' />
    <nd ref='-102158' />
    <nd ref='-102159' />
    <nd ref='-102160' />
    <nd ref='-102161' />
    <nd ref='-102162' />
    <nd ref='-102163' />
    <nd ref='-102164' />
    <nd ref='-102165' />
    <nd ref='-102166' />
    <nd ref='-102167' />
    <nd ref='-102168' />
    <nd ref='-102169' />
    <nd ref='-102170' />
    <nd ref='-102171' />
    <nd ref='-102172' />
    <nd ref='-102173' />
    <nd ref='-102174' />
    <nd ref='-102175' />
    <nd ref='-102176' />
    <nd ref='-102177' />
    <nd ref='-102178' />
    <nd ref='-102179' />
    <nd ref='-102180' />
    <nd ref='-102181' />
    <nd ref='-102182' />
    <nd ref='-102183' />
    <nd ref='-102184' />
    <nd ref='-102185' />
    <nd ref='-102186' />
    <nd ref='-102187' />
    <nd ref='-102188' />
    <nd ref='-102189' />
    <nd ref='-102190' />
    <nd ref='-102191' />
    <nd ref='-102192' />
    <nd ref='-102193' />
    <nd ref='-102194' />
    <nd ref='-102195' />
    <nd ref='-102196' />
    <nd ref='-102197' />
    <nd ref='-102198' />
    <nd ref='-102199' />
    <nd ref='-102200' />
    <nd ref='-102201' />
    <nd ref='-102202' />
    <nd ref='-102203' />
    <nd ref='-102204' />
    <nd ref='-102205' />
    <nd ref='-102206' />
    <nd ref='-102207' />
    <nd ref='-102208' />
    <nd ref='-102209' />
    <nd ref='-102210' />
    <nd ref='-102211' />
    <nd ref='-102212' />
    <nd ref='-102213' />
    <nd ref='-102214' />
    <nd ref='-102215' />
    <nd ref='-102216' />
    <nd ref='-102217' />
    <nd ref='-102218' />
    <nd ref='-102219' />
    <nd ref='-102220' />
    <nd ref='-102221' />
    <nd ref='-102222' />
    <nd ref='-102223' />
    <nd ref='-102224' />
    <nd ref='-102225' />
    <nd ref='-102226' />
    <nd ref='-102227' />
    <nd ref='-102228' />
    <nd ref='-102229' />
    <nd ref='-102230' />
    <nd ref='-102231' />
    <nd ref='-102232' />
    <nd ref='-102233' />
    <nd ref='-102234' />
    <nd ref='-102235' />
    <nd ref='-102236' />
    <nd ref='-102237' />
    <nd ref='-102238' />
    <nd ref='-102239' />
    <nd ref='-102240' />
    <nd ref='-102241' />
    <nd ref='-102242' />
    <nd ref='-102243' />
    <nd ref='-102244' />
    <nd ref='-102245' />
    <nd ref='-102246' />
    <nd ref='-102247' />
    <nd ref='-102248' />
    <nd ref='-102249' />
    <nd ref='-102250' />
    <nd ref='-102251' />
    <nd ref='-102252' />
    <nd ref='-102253' />
    <nd ref='-102254' />
    <nd ref='-102255' />
    <nd ref='-102256' />
    <nd ref='-102257' />
    <nd ref='-102258' />
    <nd ref='-102259' />
    <nd ref='-102260' />
    <nd ref='-102261' />
    <nd ref='-102262' />
    <nd ref='-102263' />
    <nd ref='-102264' />
    <nd ref='-102265' />
    <nd ref='-102266' />
    <nd ref='-102267' />
    <nd ref='-102268' />
    <nd ref='-102269' />
    <nd ref='-102270' />
    <nd ref='-102271' />
    <nd ref='-102272' />
    <nd ref='-102273' />
    <nd ref='-102274' />
    <nd ref='-102275' />
    <nd ref='-102276' />
    <nd ref='-102277' />
    <nd ref='-102278' />
    <nd ref='-102279' />
    <nd ref='-102280' />
    <nd ref='-102281' />
    <nd ref='-102282' />
    <nd ref='-102283' />
    <nd ref='-102284' />
    <nd ref='-102285' />
    <nd ref='-102286' />
    <nd ref='-102287' />
    <nd ref='-102288' />
    <nd ref='-102289' />
    <nd ref='-102290' />
    <nd ref='-102291' />
    <nd ref='-102292' />
    <nd ref='-102293' />
    <nd ref='-102294' />
    <nd ref='-102295' />
    <nd ref='-102296' />
    <nd ref='-102297' />
    <nd ref='-102298' />
    <nd ref='-102299' />
    <nd ref='-102300' />
    <nd ref='-102301' />
    <nd ref='-102302' />
    <nd ref='-102303' />
    <nd ref='-102304' />
    <nd ref='-102305' />
    <nd ref='-102306' />
    <nd ref='-102307' />
    <nd ref='-102308' />
    <nd ref='-102309' />
    <nd ref='-102310' />
    <nd ref='-102311' />
    <nd ref='-102312' />
    <nd ref='-102313' />
    <nd ref='-102314' />
    <nd ref='-102315' />
    <nd ref='-102316' />
    <nd ref='-102317' />
    <nd ref='-102318' />
    <nd ref='-102319' />
    <nd ref='-102320' />
    <nd ref='-102321' />
    <nd ref='-102322' />
    <nd ref='-102323' />
    <nd ref='-102324' />
    <nd ref='-102325' />
    <nd ref='-102326' />
    <nd ref='-102327' />
    <nd ref='-102328' />
    <nd ref='-102329' />
    <nd ref='-102330' />
    <nd ref='-102331' />
    <nd ref='-102332' />
    <nd ref='-102333' />
    <nd ref='-102334' />
    <nd ref='-102335' />
    <nd ref='-102336' />
    <nd ref='-102337' />
    <nd ref='-102338' />
    <nd ref='-102339' />
    <nd ref='-102340' />
    <nd ref='-102341' />
    <nd ref='-102342' />
    <nd ref='-102343' />
    <nd ref='-102344' />
    <nd ref='-102345' />
    <nd ref='-102346' />
    <nd ref='-102347' />
    <nd ref='-102348' />
    <nd ref='-102349' />
    <nd ref='-102350' />
    <nd ref='-102351' />
    <nd ref='-102352' />
    <nd ref='-102353' />
    <nd ref='-102354' />
    <nd ref='-102355' />
    <nd ref='-102356' />
    <nd ref='-102357' />
    <nd ref='-102358' />
    <nd ref='-102359' />
    <nd ref='-102360' />
    <nd ref='-102361' />
    <nd ref='-102362' />
    <nd ref='-102363' />
    <nd ref='-102364' />
    <nd ref='-102365' />
    <nd ref='-102366' />
    <nd ref='-102367' />
    <nd ref='-102368' />
    <nd ref='-102369' />
    <nd ref='-102370' />
    <nd ref='-102371' />
    <nd ref='-102372' />
    <nd ref='-102373' />
    <nd ref='-102374' />
    <nd ref='-102375' />
    <nd ref='-102376' />
    <nd ref='-102377' />
    <nd ref='-102378' />
    <nd ref='-102379' />
    <nd ref='-102380' />
    <nd ref='-102381' />
    <nd ref='-102382' />
    <nd ref='-102383' />
    <nd ref='-102384' />
    <nd ref='-102385' />
    <nd ref='-102386' />
    <nd ref='-102387' />
    <nd ref='-102388' />
    <nd ref='-102389' />
    <nd ref='-102390' />
    <nd ref='-102391' />
    <nd ref='-102392' />
    <nd ref='-102393' />
    <nd ref='-102394' />
    <nd ref='-102395' />
    <nd ref='-102396' />
    <nd ref='-102397' />
    <nd ref='-102398' />
    <nd ref='-102399' />
    <nd ref='-102400' />
    <nd ref='-102401' />
    <nd ref='-102402' />
    <nd ref='-102403' />
    <nd ref='-102404' />
    <nd ref='-102405' />
    <nd ref='-102406' />
    <nd ref='-102407' />
    <nd ref='-102408' />
    <nd ref='-102409' />
    <nd ref='-102410' />
    <nd ref='-102411' />
    <nd ref='-102412' />
    <nd ref='-102413' />
    <nd ref='-102414' />
    <nd ref='-102415' />
    <nd ref='-102416' />
    <nd ref='-102417' />
    <nd ref='-102418' />
    <nd ref='-102419' />
    <nd ref='-102420' />
    <nd ref='-102421' />
    <nd ref='-102422' />
    <nd ref='-102423' />
    <nd ref='-102424' />
    <nd ref='-102425' />
    <nd ref='-102426' />
    <nd ref='-102427' />
    <nd ref='-102428' />
    <nd ref='-102429' />
    <nd ref='-102430' />
    <nd ref='-102431' />
    <nd ref='-102432' />
    <nd ref='-102433' />
    <nd ref='-102434' />
    <nd ref='-102435' />
    <nd ref='-102436' />
    <nd ref='-102437' />
    <nd ref='-102438' />
    <nd ref='-102439' />
    <nd ref='-102440' />
    <nd ref='-102441' />
    <nd ref='-102442' />
    <nd ref='-102443' />
    <nd ref='-102444' />
    <nd ref='-102445' />
    <nd ref='-102446' />
    <nd ref='-102447' />
    <nd ref='-102448' />
    <nd ref='-102449' />
    <nd ref='-102450' />
    <nd ref='-102451' />
    <nd ref='-102452' />
    <nd ref='-102453' />
    <nd ref='-102454' />
    <nd ref='-102455' />
    <nd ref='-102456' />
    <nd ref='-102457' />
    <nd ref='-102458' />
    <nd ref='-102459' />
    <nd ref='-102460' />
    <nd ref='-102461' />
    <nd ref='-102462' />
    <nd ref='-102463' />
    <nd ref='-102464' />
    <nd ref='-102465' />
    <nd ref='-102466' />
    <nd ref='-102467' />
    <nd ref='-102468' />
    <nd ref='-102469' />
    <nd ref='-102470' />
    <nd ref='-102471' />
    <nd ref='-102472' />
    <nd ref='-102473' />
    <nd ref='-102474' />
    <nd ref='-102475' />
    <nd ref='-102476' />
    <nd ref='-102477' />
    <nd ref='-102478' />
    <nd ref='-102479' />
    <nd ref='-102480' />
    <nd ref='-102481' />
    <nd ref='-102482' />
    <nd ref='-102483' />
    <nd ref='-102484' />
    <nd ref='-102485' />
    <nd ref='-102486' />
    <nd ref='-102487' />
    <nd ref='-102488' />
    <nd ref='-102489' />
    <nd ref='-102490' />
    <nd ref='-102491' />
    <nd ref='-102492' />
    <nd ref='-102493' />
    <nd ref='-102494' />
    <nd ref='-102495' />
    <nd ref='-102496' />
    <nd ref='-102497' />
    <nd ref='-102498' />
    <nd ref='-102499' />
    <nd ref='-102500' />
    <nd ref='-102501' />
    <nd ref='-102502' />
    <nd ref='-102503' />
    <nd ref='-102504' />
    <nd ref='-102505' />
    <nd ref='-102506' />
    <nd ref='-102507' />
    <nd ref='-102508' />
    <nd ref='-102509' />
    <nd ref='-102510' />
    <nd ref='-102511' />
    <nd ref='-102512' />
    <nd ref='-102513' />
    <nd ref='-102514' />
    <nd ref='-102515' />
    <nd ref='-102516' />
    <nd ref='-102517' />
    <nd ref='-102518' />
    <nd ref='-102519' />
    <nd ref='-102520' />
    <nd ref='-102521' />
    <nd ref='-102522' />
    <nd ref='-102523' />
    <nd ref='-102524' />
    <nd ref='-102525' />
    <nd ref='-102526' />
    <nd ref='-102527' />
    <nd ref='-102528' />
    <nd ref='-102529' />
    <nd ref='-102530' />
    <nd ref='-102531' />
    <nd ref='-102532' />
    <nd ref='-102533' />
    <nd ref='-102534' />
    <nd ref='-102535' />
    <nd ref='-102536' />
    <nd ref='-102537' />
    <nd ref='-102538' />
    <nd ref='-102539' />
    <nd ref='-102540' />
    <nd ref='-102541' />
    <nd ref='-102542' />
    <nd ref='-102543' />
    <nd ref='-102544' />
    <nd ref='-102545' />
    <nd ref='-102546' />
    <nd ref='-102547' />
    <nd ref='-102548' />
    <nd ref='-102549' />
    <nd ref='-102550' />
    <nd ref='-102551' />
    <nd ref='-102552' />
    <nd ref='-102553' />
    <nd ref='-102554' />
    <nd ref='-102555' />
    <nd ref='-102556' />
    <nd ref='-102557' />
    <nd ref='-102558' />
    <nd ref='-102559' />
    <nd ref='-102560' />
    <nd ref='-102561' />
    <nd ref='-102562' />
    <nd ref='-102563' />
    <nd ref='-102564' />
    <nd ref='-102565' />
    <nd ref='-102566' />
    <nd ref='-102567' />
    <nd ref='-102568' />
    <nd ref='-102569' />
    <nd ref='-102570' />
    <nd ref='-102571' />
    <nd ref='-102572' />
    <nd ref='-102573' />
    <nd ref='-102574' />
    <nd ref='-102575' />
    <nd ref='-102576' />
    <nd ref='-102577' />
    <nd ref='-102578' />
    <nd ref='-102579' />
    <nd ref='-102580' />
    <nd ref='-102581' />
    <nd ref='-102582' />
    <nd ref='-102583' />
    <nd ref='-102584' />
    <nd ref='-102585' />
    <nd ref='-102586' />
    <nd ref='-102587' />
    <nd ref='-102588' />
    <nd ref='-102589' />
    <nd ref='-102590' />
    <nd ref='-102591' />
    <nd ref='-102592' />
    <nd ref='-102593' />
    <nd ref='-102594' />
    <nd ref='-102595' />
    <nd ref='-102596' />
    <nd ref='-102597' />
    <nd ref='-102598' />
    <nd ref='-102599' />
    <nd ref='-102600' />
    <nd ref='-102601' />
    <nd ref='-102602' />
    <nd ref='-102603' />
    <nd ref='-102604' />
    <nd ref='-102605' />
    <nd ref='-102606' />
    <nd ref='-102607' />
    <nd ref='-102608' />
    <nd ref='-102609' />
    <nd ref='-102610' />
    <nd ref='-102611' />
    <nd ref='-102612' />
    <nd ref='-102613' />
    <nd ref='-102614' />
    <nd ref='-102615' />
    <nd ref='-102616' />
    <nd ref='-102617' />
    <nd ref='-102618' />
    <nd ref='-102619' />
    <nd ref='-102620' />
    <nd ref='-102621' />
    <nd ref='-102622' />
    <nd ref='-102623' />
    <nd ref='-102624' />
    <nd ref='-102625' />
    <nd ref='-102626' />
    <nd ref='-102627' />
    <nd ref='-102628' />
    <nd ref='-102629' />
    <nd ref='-102630' />
    <nd ref='-102631' />
    <nd ref='-102632' />
    <nd ref='-102633' />
    <nd ref='-102634' />
    <nd ref='-102635' />
    <nd ref='-102636' />
    <nd ref='-102637' />
    <nd ref='-102638' />
    <nd ref='-102639' />
    <nd ref='-102640' />
    <nd ref='-102641' />
    <nd ref='-102642' />
    <nd ref='-102643' />
    <nd ref='-102644' />
    <nd ref='-102645' />
    <nd ref='-102646' />
    <nd ref='-102647' />
    <nd ref='-102648' />
    <nd ref='-102649' />
    <nd ref='-102650' />
    <nd ref='-102651' />
    <nd ref='-102652' />
    <nd ref='-102653' />
    <nd ref='-102654' />
    <nd ref='-102655' />
    <nd ref='-102656' />
    <nd ref='-102657' />
    <nd ref='-102658' />
    <nd ref='-102659' />
    <nd ref='-102660' />
    <nd ref='-102661' />
    <nd ref='-102662' />
    <nd ref='-102663' />
    <nd ref='-102664' />
    <nd ref='-102665' />
    <nd ref='-102666' />
    <nd ref='-102667' />
    <nd ref='-102668' />
    <nd ref='-102669' />
    <nd ref='-102670' />
    <nd ref='-102671' />
    <nd ref='-102672' />
    <nd ref='-102673' />
    <nd ref='-102674' />
    <nd ref='-102675' />
    <nd ref='-102676' />
    <nd ref='-102677' />
    <nd ref='-102678' />
    <nd ref='-102679' />
    <nd ref='-102680' />
    <nd ref='-102681' />
    <nd ref='-102682' />
    <nd ref='-102683' />
    <nd ref='-102684' />
    <nd ref='-102685' />
    <nd ref='-102686' />
    <nd ref='-102687' />
    <nd ref='-102688' />
    <nd ref='-102689' />
    <nd ref='-102690' />
    <nd ref='-102691' />
    <nd ref='-102692' />
    <nd ref='-102693' />
    <nd ref='-102694' />
    <nd ref='-102695' />
    <nd ref='-102696' />
    <nd ref='-102697' />
    <nd ref='-102698' />
    <nd ref='-102699' />
    <nd ref='-102700' />
    <nd ref='-102701' />
    <nd ref='-102702' />
    <nd ref='-102703' />
    <nd ref='-102704' />
    <nd ref='-102705' />
    <nd ref='-102706' />
    <nd ref='-102707' />
    <nd ref='-102708' />
    <nd ref='-102709' />
    <nd ref='-102710' />
    <nd ref='-102711' />
    <nd ref='-102712' />
    <nd ref='-102713' />
    <nd ref='-102714' />
    <nd ref='-102715' />
    <nd ref='-102716' />
    <nd ref='-102717' />
    <nd ref='-102718' />
    <nd ref='-102719' />
    <nd ref='-102720' />
    <nd ref='-102721' />
    <nd ref='-102722' />
    <nd ref='-102723' />
    <nd ref='-102724' />
    <nd ref='-102725' />
    <nd ref='-102726' />
    <nd ref='-102727' />
    <nd ref='-102728' />
    <nd ref='-102729' />
    <nd ref='-102730' />
    <nd ref='-102731' />
    <nd ref='-102732' />
    <nd ref='-102733' />
    <nd ref='-102734' />
    <nd ref='-102735' />
    <nd ref='-102736' />
    <nd ref='-102737' />
    <nd ref='-102738' />
    <nd ref='-102739' />
    <nd ref='-102740' />
    <nd ref='-102741' />
    <nd ref='-102742' />
    <nd ref='-102743' />
    <nd ref='-102744' />
    <nd ref='-102745' />
    <nd ref='-102746' />
    <nd ref='-102747' />
    <nd ref='-102748' />
    <nd ref='-102749' />
    <nd ref='-102750' />
    <nd ref='-102751' />
    <nd ref='-102752' />
    <nd ref='-102753' />
    <nd ref='-102754' />
    <nd ref='-102755' />
    <nd ref='-102756' />
    <nd ref='-102757' />
    <nd ref='-102758' />
    <nd ref='-102759' />
    <nd ref='-102760' />
    <nd ref='-102761' />
    <nd ref='-102762' />
    <nd ref='-102763' />
    <nd ref='-102764' />
    <nd ref='-102765' />
    <nd ref='-102766' />
    <nd ref='-102767' />
    <nd ref='-102768' />
    <nd ref='-102769' />
    <nd ref='-102770' />
    <nd ref='-102771' />
    <nd ref='-102772' />
    <nd ref='-102773' />
    <nd ref='-102774' />
    <nd ref='-102775' />
    <nd ref='-102776' />
    <nd ref='-102777' />
    <nd ref='-102778' />
    <nd ref='-102779' />
    <nd ref='-102780' />
    <nd ref='-102781' />
    <nd ref='-102782' />
    <nd ref='-102783' />
    <nd ref='-102784' />
    <nd ref='-102785' />
    <nd ref='-102786' />
    <nd ref='-102787' />
    <nd ref='-102788' />
    <nd ref='-102789' />
    <nd ref='-102790' />
    <nd ref='-102791' />
    <nd ref='-102792' />
    <nd ref='-102793' />
    <nd ref='-102794' />
    <nd ref='-102795' />
    <nd ref='-102796' />
    <nd ref='-102797' />
    <nd ref='-102798' />
    <nd ref='-102799' />
    <nd ref='-102800' />
    <nd ref='-102801' />
    <nd ref='-102802' />
    <nd ref='-102803' />
    <nd ref='-102804' />
    <nd ref='-102805' />
    <nd ref='-102806' />
    <nd ref='-102807' />
    <nd ref='-102808' />
    <nd ref='-102809' />
    <nd ref='-102810' />
    <nd ref='-102811' />
    <nd ref='-102812' />
    <nd ref='-102813' />
    <nd ref='-102814' />
    <nd ref='-102815' />
    <nd ref='-102816' />
    <nd ref='-102817' />
    <nd ref='-102818' />
    <nd ref='-102819' />
    <nd ref='-102820' />
    <nd ref='-102821' />
    <nd ref='-102822' />
    <nd ref='-102823' />
    <nd ref='-102824' />
    <nd ref='-102825' />
    <nd ref='-102826' />
    <nd ref='-102827' />
    <nd ref='-102828' />
    <nd ref='-102829' />
    <nd ref='-102830' />
    <nd ref='-102831' />
    <nd ref='-102832' />
    <nd ref='-102833' />
    <nd ref='-102834' />
    <nd ref='-102835' />
    <nd ref='-102836' />
    <nd ref='-102837' />
    <nd ref='-102838' />
    <nd ref='-102839' />
    <nd ref='-102840' />
    <nd ref='-102841' />
    <nd ref='-102842' />
    <nd ref='-102843' />
    <nd ref='-102844' />
    <nd ref='-102845' />
    <nd ref='-102846' />
    <nd ref='-102847' />
    <nd ref='-102848' />
    <nd ref='-102849' />
    <nd ref='-102850' />
    <nd ref='-102851' />
    <nd ref='-102852' />
    <nd ref='-102853' />
    <nd ref='-102854' />
    <nd ref='-102855' />
    <nd ref='-102856' />
    <nd ref='-102857' />
    <nd ref='-102858' />
    <nd ref='-102859' />
    <nd ref='-102860' />
    <nd ref='-102861' />
    <nd ref='-102862' />
    <nd ref='-102863' />
    <nd ref='-102864' />
    <nd ref='-102865' />
    <nd ref='-102866' />
    <nd ref='-102867' />
    <nd ref='-102868' />
    <nd ref='-102869' />
    <nd ref='-102870' />
    <nd ref='-102871' />
    <nd ref='-102872' />
    <nd ref='-102873' />
    <nd ref='-102874' />
    <nd ref='-102875' />
    <nd ref='-102876' />
    <nd ref='-102877' />
    <nd ref='-102878' />
    <nd ref='-102879' />
    <nd ref='-102880' />
    <nd ref='-102881' />
    <nd ref='-102882' />
    <nd ref='-102883' />
    <nd ref='-102884' />
    <nd ref='-102885' />
    <nd ref='-102886' />
    <nd ref='-102887' />
    <nd ref='-102888' />
    <nd ref='-102889' />
    <nd ref='-102890' />
    <nd ref='-102891' />
    <nd ref='-102892' />
    <nd ref='-102893' />
    <nd ref='-102894' />
    <nd ref='-102895' />
    <nd ref='-102896' />
    <nd ref='-102897' />
    <nd ref='-102898' />
    <nd ref='-102899' />
    <nd ref='-102900' />
    <nd ref='-102901' />
    <nd ref='-102902' />
    <nd ref='-102903' />
    <nd ref='-102904' />
    <nd ref='-102905' />
    <nd ref='-102906' />
    <nd ref='-102907' />
    <nd ref='-102908' />
    <nd ref='-102909' />
    <nd ref='-102910' />
    <nd ref='-102911' />
    <nd ref='-102912' />
    <nd ref='-102913' />
    <nd ref='-102914' />
    <nd ref='-102915' />
    <nd ref='-102916' />
    <nd ref='-102917' />
    <nd ref='-102918' />
    <nd ref='-102919' />
    <nd ref='-102920' />
    <nd ref='-102921' />
    <nd ref='-102922' />
    <nd ref='-102923' />
    <nd ref='-102924' />
    <nd ref='-102925' />
  </way>
  <way id='-101783' action='modify' visible='true'>
    <nd ref='-101752' />
    <nd ref='-101753' />
    <nd ref='-101754' />
    <nd ref='-101755' />
    <nd ref='-101756' />
    <nd ref='-101757' />
    <nd ref='-101758' />
    <nd ref='-101759' />
    <nd ref='-101760' />
    <nd ref='-101761' />
    <nd ref='-101762' />
    <nd ref='-101763' />
    <nd ref='-101764' />
    <nd ref='-101765' />
    <nd ref='-101766' />
    <nd ref='-101767' />
    <nd ref='-101768' />
    <nd ref='-101769' />
    <nd ref='-101770' />
    <nd ref='-101771' />
    <nd ref='-101772' />
    <nd ref='-101773' />
    <nd ref='-101774' />
    <nd ref='-101775' />
    <nd ref='-101776' />
    <nd ref='-101777' />
    <nd ref='-101778' />
    <nd ref='-101779' />
    <nd ref='-101780' />
    <nd ref='-101781' />
    <nd ref='-101782' />
    <nd ref='-101783' />
    <nd ref='-101784' />
    <nd ref='-101785' />
    <nd ref='-101786' />
    <nd ref='-101787' />
    <nd ref='-101788' />
    <nd ref='-101789' />
    <nd ref='-101790' />
    <nd ref='-101791' />
    <nd ref='-101792' />
    <nd ref='-101793' />
    <nd ref='-101794' />
    <nd ref='-101795' />
    <nd ref='-101796' />
    <nd ref='-101797' />
    <nd ref='-101798' />
    <nd ref='-101799' />
    <nd ref='-101800' />
    <nd ref='-101801' />
    <nd ref='-101802' />
    <nd ref='-101803' />
    <nd ref='-101804' />
    <nd ref='-101805' />
    <nd ref='-101806' />
    <nd ref='-101807' />
    <nd ref='-101808' />
    <nd ref='-101809' />
    <nd ref='-101810' />
    <nd ref='-101811' />
    <nd ref='-101812' />
    <nd ref='-101813' />
    <nd ref='-101814' />
    <nd ref='-101815' />
    <nd ref='-101816' />
    <nd ref='-101817' />
    <nd ref='-101818' />
    <nd ref='-101819' />
    <nd ref='-101820' />
    <nd ref='-101821' />
    <nd ref='-101822' />
    <nd ref='-101823' />
    <nd ref='-101824' />
    <nd ref='-101825' />
    <nd ref='-101826' />
    <nd ref='-101827' />
    <nd ref='-101828' />
    <nd ref='-101829' />
    <nd ref='-101830' />
    <nd ref='-101831' />
    <nd ref='-101832' />
    <nd ref='-101833' />
    <nd ref='-101834' />
    <nd ref='-101835' />
    <nd ref='-101836' />
    <nd ref='-101837' />
    <nd ref='-101838' />
    <nd ref='-101839' />
    <nd ref='-101840' />
    <nd ref='-101841' />
    <nd ref='-101842' />
    <nd ref='-101843' />
    <nd ref='-101844' />
    <nd ref='-101845' />
    <nd ref='-101846' />
    <nd ref='-101847' />
    <nd ref='-101848' />
    <nd ref='-101849' />
    <nd ref='-101850' />
    <nd ref='-101851' />
    <nd ref='-101852' />
    <nd ref='-101853' />
    <nd ref='-101854' />
    <nd ref='-101855' />
    <nd ref='-101856' />
    <nd ref='-101857' />
    <nd ref='-101858' />
    <nd ref='-101859' />
    <nd ref='-101860' />
    <nd ref='-101861' />
    <nd ref='-101862' />
    <nd ref='-101863' />
    <nd ref='-101864' />
    <nd ref='-101865' />
    <nd ref='-101866' />
    <nd ref='-101867' />
    <nd ref='-101868' />
    <nd ref='-101869' />
    <nd ref='-101870' />
    <nd ref='-101871' />
    <nd ref='-101872' />
    <nd ref='-101873' />
    <nd ref='-101874' />
    <nd ref='-101875' />
    <nd ref='-101876' />
    <nd ref='-101877' />
    <nd ref='-101878' />
    <nd ref='-101879' />
    <nd ref='-101880' />
    <nd ref='-101881' />
    <nd ref='-101882' />
    <nd ref='-101883' />
    <nd ref='-101884' />
    <nd ref='-101885' />
    <nd ref='-101886' />
    <nd ref='-101887' />
    <nd ref='-101888' />
    <nd ref='-101889' />
    <nd ref='-101890' />
    <nd ref='-101891' />
    <nd ref='-101892' />
    <nd ref='-101893' />
    <nd ref='-101894' />
    <nd ref='-101895' />
    <nd ref='-101896' />
    <nd ref='-101897' />
    <nd ref='-101898' />
    <nd ref='-101899' />
    <nd ref='-101900' />
    <nd ref='-101901' />
    <nd ref='-101902' />
    <nd ref='-101903' />
    <nd ref='-101904' />
    <nd ref='-101905' />
    <nd ref='-101906' />
    <nd ref='-101907' />
    <nd ref='-101908' />
    <nd ref='-101909' />
    <nd ref='-101910' />
    <nd ref='-101911' />
    <nd ref='-101912' />
    <nd ref='-101913' />
    <nd ref='-101914' />
    <nd ref='-101915' />
    <nd ref='-101916' />
    <nd ref='-101917' />
    <nd ref='-101918' />
    <nd ref='-101919' />
    <nd ref='-101920' />
    <nd ref='-101921' />
    <nd ref='-101922' />
    <nd ref='-101923' />
    <nd ref='-101924' />
    <nd ref='-101925' />
    <nd ref='-101926' />
    <nd ref='-101927' />
    <nd ref='-101928' />
    <nd ref='-101929' />
    <nd ref='-101930' />
    <nd ref='-101931' />
    <nd ref='-101932' />
    <nd ref='-101933' />
    <nd ref='-101934' />
    <nd ref='-101935' />
    <nd ref='-101936' />
    <nd ref='-101937' />
    <nd ref='-101938' />
    <nd ref='-101939' />
    <nd ref='-101940' />
    <nd ref='-101941' />
    <nd ref='-101942' />
    <nd ref='-101943' />
    <nd ref='-101944' />
    <nd ref='-101945' />
    <nd ref='-101946' />
    <nd ref='-101947' />
    <nd ref='-101948' />
    <nd ref='-101949' />
    <nd ref='-101950' />
    <nd ref='-101951' />
    <nd ref='-101952' />
    <nd ref='-101953' />
    <nd ref='-101954' />
    <nd ref='-101955' />
    <nd ref='-101956' />
    <nd ref='-101957' />
    <nd ref='-101958' />
    <nd ref='-101959' />
    <nd ref='-102926' />
    <nd ref='-101960' />
    <nd ref='-101961' />
    <nd ref='-101962' />
    <nd ref='-101963' />
    <nd ref='-101964' />
    <nd ref='-101965' />
    <nd ref='-101966' />
    <nd ref='-101967' />
    <nd ref='-101968' />
    <nd ref='-101969' />
    <nd ref='-101970' />
    <nd ref='-101971' />
    <nd ref='-101972' />
    <nd ref='-101973' />
    <nd ref='-101974' />
    <nd ref='-101975' />
    <nd ref='-101976' />
    <nd ref='-101977' />
    <nd ref='-101978' />
    <nd ref='-101979' />
    <nd ref='-101980' />
    <nd ref='-101981' />
    <nd ref='-101982' />
    <nd ref='-101983' />
    <nd ref='-101984' />
    <nd ref='-101985' />
    <nd ref='-101986' />
    <nd ref='-101987' />
    <nd ref='-101988' />
    <nd ref='-101989' />
    <nd ref='-101990' />
    <nd ref='-101991' />
    <nd ref='-101992' />
    <nd ref='-101993' />
    <nd ref='-101994' />
    <nd ref='-101995' />
    <nd ref='-101996' />
    <nd ref='-101997' />
    <nd ref='-101998' />
    <nd ref='-101999' />
    <nd ref='-102000' />
    <nd ref='-102001' />
    <nd ref='-102002' />
    <nd ref='-102003' />
    <nd ref='-102004' />
    <nd ref='-102005' />
    <nd ref='-102006' />
    <nd ref='-102007' />
    <nd ref='-102008' />
    <nd ref='-102009' />
    <nd ref='-102010' />
    <nd ref='-102011' />
    <nd ref='-102012' />
    <nd ref='-102013' />
    <nd ref='-102014' />
    <nd ref='-102015' />
    <nd ref='-102016' />
    <nd ref='-102017' />
    <nd ref='-102018' />
    <nd ref='-102019' />
    <nd ref='-102020' />
    <nd ref='-102021' />
    <nd ref='-102022' />
    <nd ref='-102023' />
    <nd ref='-102024' />
    <nd ref='-102025' />
    <nd ref='-102026' />
    <nd ref='-102027' />
    <nd ref='-102028' />
    <nd ref='-102029' />
    <nd ref='-102030' />
    <nd ref='-102031' />
    <nd ref='-102032' />
    <nd ref='-102033' />
    <nd ref='-102034' />
    <nd ref='-102035' />
    <nd ref='-102036' />
    <nd ref='-102037' />
    <nd ref='-102038' />
    <nd ref='-102039' />
    <nd ref='-102040' />
    <nd ref='-102041' />
    <nd ref='-102042' />
    <nd ref='-102043' />
    <nd ref='-102044' />
    <nd ref='-102045' />
    <nd ref='-102046' />
    <nd ref='-102047' />
    <nd ref='-102048' />
    <nd ref='-102049' />
    <nd ref='-102050' />
    <nd ref='-102051' />
    <nd ref='-102052' />
    <nd ref='-102053' />
    <nd ref='-102054' />
    <nd ref='-102055' />
    <nd ref='-102056' />
    <nd ref='-102057' />
    <nd ref='-102058' />
    <nd ref='-102059' />
    <nd ref='-102060' />
    <nd ref='-102061' />
    <nd ref='-102062' />
    <nd ref='-102063' />
    <nd ref='-102064' />
    <nd ref='-102065' />
    <nd ref='-102066' />
    <nd ref='-102067' />
    <nd ref='-102068' />
    <nd ref='-102069' />
    <nd ref='-102070' />
    <nd ref='-102071' />
    <nd ref='-102072' />
    <nd ref='-102073' />
    <nd ref='-102074' />
    <nd ref='-102075' />
    <nd ref='-102076' />
    <nd ref='-102077' />
    <nd ref='-102078' />
    <nd ref='-102079' />
    <nd ref='-102080' />
  </way>
  <way id='-101784' action='modify' visible='true'>
    <nd ref='-102926' />
    <nd ref='-102081' />
  </way>
  <way id='-101785' action='modify' visible='true'>
    <nd ref='-102081' />
    <nd ref='-102082' />
    <nd ref='-102083' />
    <nd ref='-102084' />
    <nd ref='-102085' />
    <nd ref='-102086' />
    <nd ref='-102087' />
    <nd ref='-102088' />
    <nd ref='-102089' />
    <nd ref='-102090' />
    <nd ref='-102091' />
    <nd ref='-102092' />
    <nd ref='-102093' />
    <nd ref='-102094' />
    <nd ref='-102095' />
    <nd ref='-102096' />
    <nd ref='-102097' />
    <nd ref='-102098' />
    <nd ref='-102099' />
    <nd ref='-102100' />
    <nd ref='-102101' />
    <nd ref='-102102' />
    <nd ref='-102103' />
    <nd ref='-102104' />
    <nd ref='-102105' />
    <nd ref='-102106' />
    <nd ref='-102107' />
    <nd ref='-102108' />
    <nd ref='-102109' />
    <nd ref='-102110' />
    <nd ref='-102111' />
    <nd ref='-102112' />
    <nd ref='-102113' />
    <nd ref='-102114' />
    <nd ref='-102115' />
    <nd ref='-102116' />
    <nd ref='-102117' />
    <nd ref='-102118' />
    <nd ref='-102119' />
    <nd ref='-102120' />
    <nd ref='-102121' />
    <nd ref='-102122' />
    <nd ref='-102123' />
    <nd ref='-102124' />
    <nd ref='-102125' />
    <nd ref='-102126' />
    <nd ref='-102127' />
    <nd ref='-102128' />
    <nd ref='-102129' />
    <nd ref='-102650' />
  </way>
  <way id='-101786' action='modify' visible='true'>
    <nd ref='-102130' />
    <nd ref='-102131' />
    <nd ref='-102132' />
    <nd ref='-102133' />
    <nd ref='-102134' />
    <nd ref='-102135' />
    <nd ref='-102136' />
    <nd ref='-102927' />
    <nd ref='-102137' />
    <nd ref='-102138' />
    <nd ref='-102139' />
    <nd ref='-102140' />
    <nd ref='-102229' />
  </way>
  <way id='-101787' action='modify' visible='true'>
    <nd ref='-102653' />
    <nd ref='-102130' />
  </way>
  <way id='-101827' action='modify' visible='true'>
    <nd ref='-106461' />
    <nd ref='-106462' />
    <nd ref='-106463' />
    <nd ref='-106464' />
    <nd ref='-106465' />
    <nd ref='-106466' />
    <nd ref='-106467' />
    <nd ref='-106468' />
    <nd ref='-106469' />
    <nd ref='-106470' />
    <nd ref='-106471' />
  </way>
</osm>
