<?xml version='1.0' encoding='UTF-8'?>
<osm version='0.6' generator='JOSM'>
  <node id='-25356' action='modify' visible='true' lat='35.17938804621' lon='126.90640123889' />
  <node id='-25357' action='modify' visible='true' lat='35.17937905626' lon='126.90640495863' />
  <node id='-25358' action='modify' visible='true' lat='35.17937007952' lon='126.90640844791' />
  <node id='-25359' action='modify' visible='true' lat='35.17936084967' lon='126.90641182197' />
  <node id='-25360' action='modify' visible='true' lat='35.17935134411' lon='126.90641504241' />
  <node id='-25361' action='modify' visible='true' lat='35.17934252343' lon='126.9064179025' />
  <node id='-25362' action='modify' visible='true' lat='35.17933346275' lon='126.90642060303' />
  <node id='-25363' action='modify' visible='true' lat='35.1793241935' lon='126.90642487597' />
  <node id='-25364' action='modify' visible='true' lat='35.17931491062' lon='126.90642981742' />
  <node id='-25365' action='modify' visible='true' lat='35.17930589078' lon='126.90643447726' />
  <node id='-25366' action='modify' visible='true' lat='35.179296804' lon='126.90643817779' />
  <node id='-25367' action='modify' visible='true' lat='35.17928767688' lon='126.9064407268' />
  <node id='-25368' action='modify' visible='true' lat='35.1792787262' lon='126.9064433523' />
  <node id='-25369' action='modify' visible='true' lat='35.17926939462' lon='126.90644611365' />
  <node id='-25370' action='modify' visible='true' lat='35.17925972037' lon='126.90644883846' />
  <node id='-25371' action='modify' visible='true' lat='35.17924994128' lon='126.90645130367' />
  <node id='-25372' action='modify' visible='true' lat='35.17924036132' lon='126.90645357034' />
  <node id='-25373' action='modify' visible='true' lat='35.17923018899' lon='126.90645567251' />
  <node id='-25374' action='modify' visible='true' lat='35.17922003034' lon='126.90645770204' />
  <node id='-25375' action='modify' visible='true' lat='35.17921017443' lon='126.90646000059' />
  <node id='-25376' action='modify' visible='true' lat='35.17920017272' lon='126.90646226048' />
  <node id='-25377' action='modify' visible='true' lat='35.17919005194' lon='126.90646443589' />
  <node id='-25378' action='modify' visible='true' lat='35.17918069402' lon='126.90646608331' />
  <node id='-25379' action='modify' visible='true' lat='35.17917050844' lon='126.90646776512' />
  <node id='-25380' action='modify' visible='true' lat='35.17916038852' lon='126.90646925005' />
  <node id='-25381' action='modify' visible='true' lat='35.17915038221' lon='126.90647045637' />
  <node id='-25382' action='modify' visible='true' lat='35.17914035965' lon='126.90647154197' />
  <node id='-25383' action='modify' visible='true' lat='35.17913027219' lon='126.90647229482' />
  <node id='-25384' action='modify' visible='true' lat='35.17912067721' lon='126.9064729614' />
  <node id='-25385' action='modify' visible='true' lat='35.17911107526' lon='126.90647572322' />
  <node id='-25386' action='modify' visible='true' lat='35.17910233516' lon='126.90647870135' />
  <node id='-25387' action='modify' visible='true' lat='35.17909334728' lon='126.90648166154' />
  <node id='-25388' action='modify' visible='true' lat='35.17908433932' lon='126.90648432032' />
  <node id='-25389' action='modify' visible='true' lat='35.17907530137' lon='126.90648688287' />
  <node id='-25390' action='modify' visible='true' lat='35.17906527191' lon='126.90648948694' />
  <node id='-25391' action='modify' visible='true' lat='35.17905551197' lon='126.90649184618' />
  <node id='-25392' action='modify' visible='true' lat='35.17904654118' lon='126.90649312193' />
  <node id='-25393' action='modify' visible='true' lat='35.17904228364' lon='126.90649231551' />
  <node id='-25394' action='modify' visible='true' lat='35.17903284235' lon='126.90648837763' />
  <node id='-25395' action='modify' visible='true' lat='35.17902519432' lon='126.90648238128' />
  <node id='-25396' action='modify' visible='true' lat='35.17901751572' lon='126.90647612075' />
  <node id='-25397' action='modify' visible='true' lat='35.17900820091' lon='126.9064712639' />
  <node id='-25398' action='modify' visible='true' lat='35.17899977698' lon='126.90646682343' />
  <node id='-25399' action='modify' visible='true' lat='35.17899153158' lon='126.90646159343' />
  <node id='-25400' action='modify' visible='true' lat='35.17898333619' lon='126.90645578789' />
  <node id='-25401' action='modify' visible='true' lat='35.17897545124' lon='126.90644972541' />
  <node id='-25402' action='modify' visible='true' lat='35.17896666829' lon='126.90644350352' />
  <node id='-25403' action='modify' visible='true' lat='35.17895870283' lon='126.90643824263' />
  <node id='-25404' action='modify' visible='true' lat='35.17895019175' lon='126.90643234953' />
  <node id='-25405' action='modify' visible='true' lat='35.17894218408' lon='126.90642641352' />
  <node id='-25406' action='modify' visible='true' lat='35.17893452893' lon='126.90642047509' />
  <node id='-25407' action='modify' visible='true' lat='35.17892584764' lon='126.9064139909' />
  <node id='-25408' action='modify' visible='true' lat='35.17891731751' lon='126.9064075851' />
  <node id='-25409' action='modify' visible='true' lat='35.17890889669' lon='126.90640145504' />
  <node id='-25410' action='modify' visible='true' lat='35.1789006609' lon='126.90639524609' />
  <node id='-25411' action='modify' visible='true' lat='35.17889249949' lon='126.90638893153' />
  <node id='-25412' action='modify' visible='true' lat='35.17888424378' lon='126.90638255681' />
  <node id='-25413' action='modify' visible='true' lat='35.17887615088' lon='126.90637594026' />
  <node id='-25414' action='modify' visible='true' lat='35.17886790091' lon='126.9063698183' />
  <node id='-25415' action='modify' visible='true' lat='35.17885943056' lon='126.90636391051' />
  <node id='-25416' action='modify' visible='true' lat='35.17885110128' lon='126.90635785593' />
  <node id='-25417' action='modify' visible='true' lat='35.17884794645' lon='126.90635547556' />
  <node id='-25418' action='modify' visible='true' lat='35.17884141039' lon='126.90634720897' />
  <node id='-25419' action='modify' visible='true' lat='35.17883497897' lon='126.90633822337' />
  <node id='-25420' action='modify' visible='true' lat='35.17882977701' lon='126.90632808988' />
  <node id='-25421' action='modify' visible='true' lat='35.17882753131' lon='126.90632207376' />
  <node id='-25422' action='modify' visible='true' lat='35.17882579461' lon='126.90631115172' />
  <node id='-25423' action='modify' visible='true' lat='35.1788246177' lon='126.90629973999' />
  <node id='-25424' action='modify' visible='true' lat='35.1788237515' lon='126.90628747487' />
  <node id='-25425' action='modify' visible='true' lat='35.17882389232' lon='126.90627792694' />
  <node id='-25426' action='modify' visible='true' lat='35.17882599278' lon='126.90626849603' />
  <node id='-25427' action='modify' visible='true' lat='35.17883069118' lon='126.90625715524' />
  <node id='-25428' action='modify' visible='true' lat='35.17883644866' lon='126.90624665792' />
  <node id='-25429' action='modify' visible='true' lat='35.17884270011' lon='126.90623849816' />
  <node id='-25430' action='modify' visible='true' lat='35.17885003619' lon='126.90622998754' />
  <node id='-25431' action='modify' visible='true' lat='35.17885791127' lon='126.90622126363' />
  <node id='-25432' action='modify' visible='true' lat='35.17886623195' lon='126.90621403844' />
  <node id='-25433' action='modify' visible='true' lat='35.17887458873' lon='126.90620761193' />
  <node id='-25434' action='modify' visible='true' lat='35.1788826059' lon='126.90620184656' />
  <node id='-25435' action='modify' visible='true' lat='35.17889080043' lon='126.90619630742' />
  <node id='-25436' action='modify' visible='true' lat='35.17889990457' lon='126.906190326' />
  <node id='-25437' action='modify' visible='true' lat='35.17890819817' lon='126.90618350738' />
  <node id='-25438' action='modify' visible='true' lat='35.17891580158' lon='126.90617741727' />
  <node id='-25439' action='modify' visible='true' lat='35.17892420398' lon='126.90617101966' />
  <node id='-25440' action='modify' visible='true' lat='35.17893320378' lon='126.90616641863' />
  <node id='-25441' action='modify' visible='true' lat='35.17894274146' lon='126.9061622322' />
  <node id='-25442' action='modify' visible='true' lat='35.17895136297' lon='126.90615885587' />
  <node id='-25443' action='modify' visible='true' lat='35.17896009226' lon='126.90615569021' />
  <node id='-25444' action='modify' visible='true' lat='35.1789700712' lon='126.90615205056' />
  <node id='-25445' action='modify' visible='true' lat='35.1789801449' lon='126.90614825106' />
  <node id='-25446' action='modify' visible='true' lat='35.17898968508' lon='126.90614476583' />
  <node id='-25447' action='modify' visible='true' lat='35.17899978581' lon='126.90614123287' />
  <node id='-25448' action='modify' visible='true' lat='35.17900948608' lon='126.90613783329' />
  <node id='-25449' action='modify' visible='true' lat='35.17901926378' lon='126.90613426632' />
  <node id='-25450' action='modify' visible='true' lat='35.17902850354' lon='126.90613109179' />
  <node id='-25451' action='modify' visible='true' lat='35.17903550022' lon='126.90612832218' />
  <node id='-25452' action='modify' visible='true' lat='35.1790435169' lon='126.9061222741' />
  <node id='-25453' action='modify' visible='true' lat='35.17905238964' lon='126.90611916311' />
  <node id='-25454' action='modify' visible='true' lat='35.1790621656' lon='126.90611588498' />
  <node id='-25455' action='modify' visible='true' lat='35.17907226427' lon='126.90611249532' />
  <node id='-25456' action='modify' visible='true' lat='35.17908090115' lon='126.90610902156' />
  <node id='-25457' action='modify' visible='true' lat='35.17908982069' lon='126.90610615901' />
  <node id='-25458' action='modify' visible='true' lat='35.17909853312' lon='126.90610341067' />
  <node id='-25459' action='modify' visible='true' lat='35.17910765024' lon='126.90610017658' />
  <node id='-25460' action='modify' visible='true' lat='35.17911677243' lon='126.90609729877' />
  <node id='-25461' action='modify' visible='true' lat='35.17912590532' lon='126.90609459468' />
  <node id='-25462' action='modify' visible='true' lat='35.17913468388' lon='126.90609209922' />
  <node id='-25463' action='modify' visible='true' lat='35.1791387118' lon='126.90609128147' />
  <node id='-25464' action='modify' visible='true' lat='35.17914140854' lon='126.90609175957' />
  <node id='-25465' action='modify' visible='true' lat='35.17914642957' lon='126.90609454837' />
  <node id='-25466' action='modify' visible='true' lat='35.17914760863' lon='126.90609536971' />
  <node id='-25467' action='modify' visible='true' lat='35.17914895555' lon='126.9060958266' />
  <node id='-25468' action='modify' visible='true' lat='35.17914964022' lon='126.90609583668' />
  <node id='-25469' action='modify' visible='true' lat='35.17915132825' lon='126.90609510661' />
  <node id='-25470' action='modify' visible='true' lat='35.17915294242' lon='126.90609324775' />
  <node id='-25471' action='modify' visible='true' lat='35.17915754285' lon='126.90608436395' />
  <node id='-25472' action='modify' visible='true' lat='35.17915927436' lon='126.90608249735' />
  <node id='-25473' action='modify' visible='true' lat='35.17916087384' lon='126.90608144363' />
  <node id='-25474' action='modify' visible='true' lat='35.17917046557' lon='126.90607872001' />
  <node id='-25475' action='modify' visible='true' lat='35.17917925526' lon='126.90607583372' />
  <node id='-25476' action='modify' visible='true' lat='35.17918888541' lon='126.90607244451' />
  <node id='-25477' action='modify' visible='true' lat='35.17919767804' lon='126.90606944983' />
  <node id='-25478' action='modify' visible='true' lat='35.17920642612' lon='126.90606659958' />
  <node id='-25479' action='modify' visible='true' lat='35.17921535064' lon='126.90606384202' />
  <node id='-25480' action='modify' visible='true' lat='35.17922581141' lon='126.90606089245' />
  <node id='-25481' action='modify' visible='true' lat='35.17923555888' lon='126.90605831336' />
  <node id='-25482' action='modify' visible='true' lat='35.17924477828' lon='126.90605598226' />
  <node id='-25483' action='modify' visible='true' lat='35.1792540227' lon='126.90605376177' />
  <node id='-25484' action='modify' visible='true' lat='35.17926438022' lon='126.90605021043' />
  <node id='-25485' action='modify' visible='true' lat='35.17927336251' lon='126.90604670488' />
  <node id='-25486' action='modify' visible='true' lat='35.1792826578' lon='126.90604321045' />
  <node id='-25487' action='modify' visible='true' lat='35.17929249761' lon='126.90603965937' />
  <node id='-25488' action='modify' visible='true' lat='35.1793025144' lon='126.90603633114' />
  <node id='-25489' action='modify' visible='true' lat='35.17931193032' lon='126.90603340464' />
  <node id='-25490' action='modify' visible='true' lat='35.17932105511' lon='126.90603072144' />
  <node id='-25491' action='modify' visible='true' lat='35.17933000764' lon='126.90602802837' />
  <node id='-25492' action='modify' visible='true' lat='35.17933939157' lon='126.90602492635' />
  <node id='-25493' action='modify' visible='true' lat='35.17934873179' lon='126.9060219574' />
  <node id='-25494' action='modify' visible='true' lat='35.17935805634' lon='126.90601918056' />
  <node id='-25495' action='modify' visible='true' lat='35.17936726341' lon='126.90601669721' />
  <node id='-25496' action='modify' visible='true' lat='35.17937614427' lon='126.90601448537' />
  <node id='-25497' action='modify' visible='true' lat='35.17938663007' lon='126.90601211179' />
  <node id='-25498' action='modify' visible='true' lat='35.17939560946' lon='126.90600992573' />
  <node id='-25499' action='modify' visible='true' lat='35.1794045485' lon='126.90600798817' />
  <node id='-25500' action='modify' visible='true' lat='35.17941448465' lon='126.90600546551' />
  <node id='-25501' action='modify' visible='true' lat='35.17942403079' lon='126.90600217842' />
  <node id='-25502' action='modify' visible='true' lat='35.17943269138' lon='126.90599687435' />
  <node id='-25503' action='modify' visible='true' lat='35.17944094822' lon='126.90599130746' />
  <node id='-25504' action='modify' visible='true' lat='35.17945049498' lon='126.90598527227' />
  <node id='-25505' action='modify' visible='true' lat='35.17945924092' lon='126.90598027019' />
  <node id='-25506' action='modify' visible='true' lat='35.17946830531' lon='126.9059768945' />
  <node id='-25507' action='modify' visible='true' lat='35.1794774409' lon='126.90597399709' />
  <node id='-25508' action='modify' visible='true' lat='35.17948811317' lon='126.90597097573' />
  <node id='-25509' action='modify' visible='true' lat='35.17949785223' lon='126.90596789073' />
  <node id='-25510' action='modify' visible='true' lat='35.17950782399' lon='126.90596483498' />
  <node id='-25511' action='modify' visible='true' lat='35.17951851751' lon='126.9059618374' />
  <node id='-25512' action='modify' visible='true' lat='35.17952918359' lon='126.90595906692' />
  <node id='-25513' action='modify' visible='true' lat='35.1795400314' lon='126.90595636885' />
  <node id='-25514' action='modify' visible='true' lat='35.17955006771' lon='126.90595306008' />
  <node id='-25515' action='modify' visible='true' lat='35.17956024908' lon='126.90594980321' />
  <node id='-25516' action='modify' visible='true' lat='35.1795705198' lon='126.90594659465' />
  <node id='-25517' action='modify' visible='true' lat='35.17958056107' lon='126.90594341405' />
  <node id='-25518' action='modify' visible='true' lat='35.17959071764' lon='126.90594003568' />
  <node id='-25519' action='modify' visible='true' lat='35.17960133198' lon='126.90593661196' />
  <node id='-25520' action='modify' visible='true' lat='35.17961153988' lon='126.90593344962' />
  <node id='-25521' action='modify' visible='true' lat='35.17962169985' lon='126.90592976266' />
  <node id='-25522' action='modify' visible='true' lat='35.17963231084' lon='126.90592570022' />
  <node id='-25523' action='modify' visible='true' lat='35.17964303676' lon='126.90592199111' />
  <node id='-25524' action='modify' visible='true' lat='35.17965374547' lon='126.90591858399' />
  <node id='-25525' action='modify' visible='true' lat='35.17966392558' lon='126.90591552049' />
  <node id='-25526' action='modify' visible='true' lat='35.1796744527' lon='126.90591263767' />
  <node id='-25527' action='modify' visible='true' lat='35.17968497418' lon='126.90590907396' />
  <node id='-25528' action='modify' visible='true' lat='35.17969502604' lon='126.90590580201' />
  <node id='-25529' action='modify' visible='true' lat='35.17970506946' lon='126.90590267408' />
  <node id='-25530' action='modify' visible='true' lat='35.17971508029' lon='126.90589969346' />
  <node id='-25531' action='modify' visible='true' lat='35.17972507976' lon='126.90589677232' />
  <node id='-25532' action='modify' visible='true' lat='35.17973456761' lon='126.90589373789' />
  <node id='-25533' action='modify' visible='true' lat='35.17974371474' lon='126.9058907403' />
  <node id='-25534' action='modify' visible='true' lat='35.17975338967' lon='126.90588763803' />
  <node id='-25535' action='modify' visible='true' lat='35.17976307541' lon='126.90588463195' />
  <node id='-25536' action='modify' visible='true' lat='35.17977255597' lon='126.90588175201' />
  <node id='-25537' action='modify' visible='true' lat='35.17978231852' lon='126.90587889223' />
  <node id='-25538' action='modify' visible='true' lat='35.17979253436' lon='126.90587614166' />
  <node id='-25539' action='modify' visible='true' lat='35.17980168119' lon='126.90587361158' />
  <node id='-25540' action='modify' visible='true' lat='35.17981152947' lon='126.90586925609' />
  <node id='-25541' action='modify' visible='true' lat='35.17982237193' lon='126.90586604164' />
  <node id='-25542' action='modify' visible='true' lat='35.17983800832' lon='126.90586102748' />
  <node id='-25543' action='modify' visible='true' lat='35.17985701626' lon='126.90585530824' />
  <node id='-25544' action='modify' visible='true' lat='35.17987006913' lon='126.90585152275' />
  <node id='-25545' action='modify' visible='true' lat='35.17988421621' lon='126.90584696711' />
  <node id='-25546' action='modify' visible='true' lat='35.179897153' lon='126.90584225244' />
  <node id='-25547' action='modify' visible='true' lat='35.17991107394' lon='126.90583868337' />
  <node id='-25548' action='modify' visible='true' lat='35.17992793338' lon='126.90583413041' />
  <node id='-25549' action='modify' visible='true' lat='35.17993996344' lon='126.90582969088' />
  <node id='-25550' action='modify' visible='true' lat='35.17995832519' lon='126.90582411396' />
  <node id='-25551' action='modify' visible='true' lat='35.17997332328' lon='126.90581939486' />
  <node id='-25552' action='modify' visible='true' lat='35.17998600404' lon='126.90581482618' />
  <node id='-25553' action='modify' visible='true' lat='35.17999895778' lon='126.90581097638' />
  <node id='-25554' action='modify' visible='true' lat='35.18000934378' lon='126.90580702721' />
  <node id='-25555' action='modify' visible='true' lat='35.18002193479' lon='126.90580368199' />
  <node id='-25556' action='modify' visible='true' lat='35.18003059782' lon='126.90580095014' />
  <node id='-25557' action='modify' visible='true' lat='35.18003925798' lon='126.90579779481' />
  <node id='-25558' action='modify' visible='true' lat='35.1800475278' lon='126.90579510916' />
  <node id='-25559' action='modify' visible='true' lat='35.18005456949' lon='126.90579251904' />
  <node id='-25560' action='modify' visible='true' lat='35.18006222631' lon='126.90579043723' />
  <node id='-25561' action='modify' visible='true' lat='35.18006930944' lon='126.90578799929' />
  <node id='-25562' action='modify' visible='true' lat='35.18007753233' lon='126.90578570111' />
  <node id='-25563' action='modify' visible='true' lat='35.18008363921' lon='126.90578400508' />
  <node id='-25564' action='modify' visible='true' lat='35.18009343144' lon='126.9057755238' />
  <node id='-25565' action='modify' visible='true' lat='35.18009266644' lon='126.90576990802' />
  <node id='-25566' action='modify' visible='true' lat='35.18009191553' lon='126.9057642388' />
  <node id='-25567' action='modify' visible='true' lat='35.18009093929' lon='126.90575740571' />
  <node id='-25568' action='modify' visible='true' lat='35.18009003722' lon='126.90575089365' />
  <node id='-25569' action='modify' visible='true' lat='35.18008925941' lon='126.90574386571' />
  <node id='-25570' action='modify' visible='true' lat='35.18008869458' lon='126.90573826657' />
  <node id='-25571' action='modify' visible='true' lat='35.18008756841' lon='126.90572732672' />
  <node id='-25572' action='modify' visible='true' lat='35.18008628193' lon='126.90571462218' />
  <node id='-25573' action='modify' visible='true' lat='35.18008500001' lon='126.90570154876' />
  <node id='-25574' action='modify' visible='true' lat='35.18008304293' lon='126.90568833941' />
  <node id='-25575' action='modify' visible='true' lat='35.18008064442' lon='126.90567551972' />
  <node id='-25576' action='modify' visible='true' lat='35.1800781283' lon='126.90566253528' />
  <node id='-25577' action='modify' visible='true' lat='35.18007536401' lon='126.90564948451' />
  <node id='-25578' action='modify' visible='true' lat='35.18007216204' lon='126.9056392189' />
  <node id='-25579' action='modify' visible='true' lat='35.18006883704' lon='126.90562637055' />
  <node id='-25580' action='modify' visible='true' lat='35.18006584473' lon='126.90561307063' />
  <node id='-25581' action='modify' visible='true' lat='35.18006310391' lon='126.90560015651' />
  <node id='-25582' action='modify' visible='true' lat='35.1800606597' lon='126.90558729388' />
  <node id='-25583' action='modify' visible='true' lat='35.18005834759' lon='126.90557440572' />
  <node id='-25584' action='modify' visible='true' lat='35.18005612059' lon='126.90556214794' />
  <node id='-25585' action='modify' visible='true' lat='35.18005350088' lon='126.90554972817' />
  <node id='-25586' action='modify' visible='true' lat='35.18005075675' lon='126.9055370945' />
  <node id='-25587' action='modify' visible='true' lat='35.18004822689' lon='126.9055244915' />
  <node id='-25588' action='modify' visible='true' lat='35.18004577301' lon='126.90551228682' />
  <node id='-25589' action='modify' visible='true' lat='35.18004327154' lon='126.90550030535' />
  <node id='-25590' action='modify' visible='true' lat='35.18004080193' lon='126.90548817147' />
  <node id='-25591' action='modify' visible='true' lat='35.18003856213' lon='126.90547639496' />
  <node id='-25592' action='modify' visible='true' lat='35.18003567054' lon='126.90546445131' />
  <node id='-25593' action='modify' visible='true' lat='35.18003299336' lon='126.9054522426' />
  <node id='-25594' action='modify' visible='true' lat='35.18002998563' lon='126.90544064849' />
  <node id='-25595' action='modify' visible='true' lat='35.18002702464' lon='126.90542900155' />
  <node id='-25596' action='modify' visible='true' lat='35.18002424912' lon='126.90541748179' />
  <node id='-25597' action='modify' visible='true' lat='35.18002101773' lon='126.90540625677' />
  <node id='-25598' action='modify' visible='true' lat='35.1800175449' lon='126.9053957122' />
  <node id='-25599' action='modify' visible='true' lat='35.18001364748' lon='126.90538538329' />
  <node id='-25600' action='modify' visible='true' lat='35.18000942572' lon='126.90537503039' />
  <node id='-25601' action='modify' visible='true' lat='35.1800052145' lon='126.90536461153' />
  <node id='-25602' action='modify' visible='true' lat='35.18000127106' lon='126.90535440207' />
  <node id='-25603' action='modify' visible='true' lat='35.1799972327' lon='126.90534350645' />
  <node id='-25604' action='modify' visible='true' lat='35.17999328862' lon='126.90533327771' />
  <node id='-25605' action='modify' visible='true' lat='35.17998902851' lon='126.90532354939' />
  <node id='-25606' action='modify' visible='true' lat='35.17998478645' lon='126.90531684983' />
  <node id='-25607' action='modify' visible='true' lat='35.17997917753' lon='126.9053113627' />
  <node id='-25608' action='modify' visible='true' lat='35.17997143632' lon='126.90530566655' />
  <node id='-25609' action='modify' visible='true' lat='35.17996229696' lon='126.90529873115' />
  <node id='-25610' action='modify' visible='true' lat='35.17995419303' lon='126.90529302055' />
  <node id='-25611' action='modify' visible='true' lat='35.17994716835' lon='126.90528987959' />
  <node id='-25612' action='modify' visible='true' lat='35.17993812002' lon='126.90528727128' />
  <node id='-25613' action='modify' visible='true' lat='35.17992898368' lon='126.90528583295' />
  <node id='-25614' action='modify' visible='true' lat='35.17991992396' lon='126.90528693099' />
  <node id='-25615' action='modify' visible='true' lat='35.17991042416' lon='126.90528842501' />
  <node id='-25616' action='modify' visible='true' lat='35.1799013883' lon='126.9052910216' />
  <node id='-25617' action='modify' visible='true' lat='35.17989240437' lon='126.90529427427' />
  <node id='-25618' action='modify' visible='true' lat='35.17988322247' lon='126.90529749563' />
  <node id='-25619' action='modify' visible='true' lat='35.17987403473' lon='126.90530059808' />
  <node id='-25620' action='modify' visible='true' lat='35.17986437392' lon='126.90530337255' />
  <node id='-25621' action='modify' visible='true' lat='35.17985470481' lon='126.90530579611' />
  <node id='-25622' action='modify' visible='true' lat='35.17984508718' lon='126.90530784457' />
  <node id='-25623' action='modify' visible='true' lat='35.1798353575' lon='126.90530981655' />
  <node id='-25624' action='modify' visible='true' lat='35.17982498858' lon='126.90531156663' />
  <node id='-25625' action='modify' visible='true' lat='35.17981493938' lon='126.90531343281' />
  <node id='-25626' action='modify' visible='true' lat='35.17980527223' lon='126.90531606154' />
  <node id='-25627' action='modify' visible='true' lat='35.17979459782' lon='126.90531887251' />
  <node id='-25628' action='modify' visible='true' lat='35.17978470959' lon='126.90532138459' />
  <node id='-25629' action='modify' visible='true' lat='35.17977494753' lon='126.90532367984' />
  <node id='-25630' action='modify' visible='true' lat='35.17976538175' lon='126.90532647876' />
  <node id='-25631' action='modify' visible='true' lat='35.17975627513' lon='126.90532972244' />
  <node id='-25632' action='modify' visible='true' lat='35.17974695356' lon='126.90533304421' />
  <node id='-25633' action='modify' visible='true' lat='35.17973813309' lon='126.90533638838' />
  <node id='-25634' action='modify' visible='true' lat='35.17972923389' lon='126.90534045766' />
  <node id='-25635' action='modify' visible='true' lat='35.17972072022' lon='126.90534665079' />
  <node id='-25636' action='modify' visible='true' lat='35.17971543158' lon='126.90535285964' />
  <node id='-25637' action='modify' visible='true' lat='35.17970957131' lon='126.90536259167' />
  <node id='-25638' action='modify' visible='true' lat='35.17970493294' lon='126.90537267005' />
  <node id='-25639' action='modify' visible='true' lat='35.17970073592' lon='126.90538315369' />
  <node id='-25640' action='modify' visible='true' lat='35.1796971387' lon='126.90539388234' />
  <node id='-25641' action='modify' visible='true' lat='35.1796936266' lon='126.90540517761' />
  <node id='-25642' action='modify' visible='true' lat='35.17969182053' lon='126.90541613981' />
  <node id='-25643' action='modify' visible='true' lat='35.17969058367' lon='126.90542772574' />
  <node id='-25644' action='modify' visible='true' lat='35.17969114596' lon='126.90543881828' />
  <node id='-25645' action='modify' visible='true' lat='35.17969227053' lon='126.90545026537' />
  <node id='-25646' action='modify' visible='true' lat='35.17969336206' lon='126.90546130114' />
  <node id='-25647' action='modify' visible='true' lat='35.17969490063' lon='126.90547381847' />
  <node id='-25648' action='modify' visible='true' lat='35.17969722392' lon='126.90548676538' />
  <node id='-25649' action='modify' visible='true' lat='35.17969902603' lon='126.90549754818' />
  <node id='-25650' action='modify' visible='true' lat='35.17970077697' lon='126.90550833503' />
  <node id='-25651' action='modify' visible='true' lat='35.17970327229' lon='126.90552086961' />
  <node id='-25652' action='modify' visible='true' lat='35.17970547602' lon='126.90553178792' />
  <node id='-25653' action='modify' visible='true' lat='35.17970788817' lon='126.90554455684' />
  <node id='-25654' action='modify' visible='true' lat='35.17970999895' lon='126.90555696059' />
  <node id='-25655' action='modify' visible='true' lat='35.1797119997' lon='126.90556959285' />
  <node id='-25656' action='modify' visible='true' lat='35.17971388164' lon='126.90558188509' />
  <node id='-25657' action='modify' visible='true' lat='35.17971513653' lon='126.90559277898' />
  <node id='-25658' action='modify' visible='true' lat='35.17971662516' lon='126.90560522125' />
  <node id='-25659' action='modify' visible='true' lat='35.17971813443' lon='126.90561796203' />
  <node id='-25660' action='modify' visible='true' lat='35.17971998087' lon='126.90563040938' />
  <node id='-25661' action='modify' visible='true' lat='35.17972174294' lon='126.90564148611' />
  <node id='-25662' action='modify' visible='true' lat='35.17972328283' lon='126.9056524109' />
  <node id='-25663' action='modify' visible='true' lat='35.17972494588' lon='126.90566344552' />
  <node id='-25664' action='modify' visible='true' lat='35.17972675396' lon='126.90567451053' />
  <node id='-25665' action='modify' visible='true' lat='35.17972844373' lon='126.90568591259' />
  <node id='-25666' action='modify' visible='true' lat='35.17973024392' lon='126.90569872872' />
  <node id='-25667' action='modify' visible='true' lat='35.179731904' lon='126.90571101141' />
  <node id='-25668' action='modify' visible='true' lat='35.17973360482' lon='126.90572376044' />
  <node id='-25669' action='modify' visible='true' lat='35.17973519306' lon='126.90573673689' />
  <node id='-25670' action='modify' visible='true' lat='35.17973719267' lon='126.90574920894' />
  <node id='-25671' action='modify' visible='true' lat='35.1797394973' lon='126.90576021181' />
  <node id='-25672' action='modify' visible='true' lat='35.17974171251' lon='126.90577136203' />
  <node id='-25673' action='modify' visible='true' lat='35.17974397011' lon='126.90578326497' />
  <node id='-25674' action='modify' visible='true' lat='35.17974599186' lon='126.90579440885' />
  <node id='-25675' action='modify' visible='true' lat='35.17974787871' lon='126.90580540774' />
  <node id='-25676' action='modify' visible='true' lat='35.17975042787' lon='126.9058167584' />
  <node id='-25677' action='modify' visible='true' lat='35.17975301935' lon='126.90582867077' />
  <node id='-25678' action='modify' visible='true' lat='35.17975636928' lon='126.90583924396' />
  <node id='-25679' action='modify' visible='true' lat='35.17975849979' lon='126.90584694822' />
  <node id='-25680' action='modify' visible='true' lat='35.1797611019' lon='126.90585581018' />
  <node id='-25681' action='modify' visible='true' lat='35.17976279877' lon='126.90586283947' />
  <node id='-25682' action='modify' visible='true' lat='35.17976422951' lon='126.90587007417' />
  <node id='-25683' action='modify' visible='true' lat='35.17976573536' lon='126.90587624073' />
  <node id='-25684' action='modify' visible='true' lat='35.17976709006' lon='126.90588337563' />
  <node id='-25715' action='modify' visible='true' lat='35.18009757867' lon='126.90577974564' />
  <node id='-25716' action='modify' visible='true' lat='35.1801077452' lon='126.90577583419' />
  <node id='-25717' action='modify' visible='true' lat='35.18011792547' lon='126.90577216333' />
  <node id='-25718' action='modify' visible='true' lat='35.18012791123' lon='126.90576882563' />
  <node id='-25719' action='modify' visible='true' lat='35.18013774038' lon='126.90576562997' />
  <node id='-25720' action='modify' visible='true' lat='35.18014723731' lon='126.9057624001' />
  <node id='-25721' action='modify' visible='true' lat='35.18015633742' lon='126.90575903584' />
  <node id='-25722' action='modify' visible='true' lat='35.18016531509' lon='126.905755942' />
  <node id='-25723' action='modify' visible='true' lat='35.18017482448' lon='126.90575263028' />
  <node id='-25724' action='modify' visible='true' lat='35.18018415769' lon='126.90574927208' />
  <node id='-25725' action='modify' visible='true' lat='35.18019353386' lon='126.90574606418' />
  <node id='-25726' action='modify' visible='true' lat='35.18020297828' lon='126.90574295683' />
  <node id='-25727' action='modify' visible='true' lat='35.18021200941' lon='126.90573983081' />
  <node id='-25728' action='modify' visible='true' lat='35.18022115362' lon='126.90573665827' />
  <node id='-25729' action='modify' visible='true' lat='35.18023026189' lon='126.90573365592' />
  <node id='-25730' action='modify' visible='true' lat='35.18023929295' lon='126.90573047426' />
  <node id='-25731' action='modify' visible='true' lat='35.18024858517' lon='126.9057272999' />
  <node id='-25732' action='modify' visible='true' lat='35.1802579773' lon='126.90572441319' />
  <node id='-25733' action='modify' visible='true' lat='35.18026711532' lon='126.90572157505' />
  <node id='-25734' action='modify' visible='true' lat='35.18027619533' lon='126.90571843969' />
  <node id='-25735' action='modify' visible='true' lat='35.18028533631' lon='126.90571543673' />
  <node id='-25736' action='modify' visible='true' lat='35.18029501203' lon='126.90571239209' />
  <node id='-25737' action='modify' visible='true' lat='35.18030449975' lon='126.90570948852' />
  <node id='-25738' action='modify' visible='true' lat='35.18031380991' lon='126.90570690819' />
  <node id='-25739' action='modify' visible='true' lat='35.1803228288' lon='126.90570349652' />
  <node id='-25740' action='modify' visible='true' lat='35.18033186617' lon='126.90569978444' />
  <node id='-25741' action='modify' visible='true' lat='35.18034077363' lon='126.9056967079' />
  <node id='-25742' action='modify' visible='true' lat='35.18034980389' lon='126.90569388019' />
  <node id='-25743' action='modify' visible='true' lat='35.18036025341' lon='126.90569047036' />
  <node id='-25744' action='modify' visible='true' lat='35.18036920007' lon='126.905687316' />
  <node id='-25745' action='modify' visible='true' lat='35.18037802556' lon='126.90568442533' />
  <node id='-25746' action='modify' visible='true' lat='35.18038822255' lon='126.90568097765' />
  <node id='-25747' action='modify' visible='true' lat='35.18039699298' lon='126.90567830842' />
  <node id='-25748' action='modify' visible='true' lat='35.18040607613' lon='126.90567586115' />
  <node id='-25749' action='modify' visible='true' lat='35.18041494973' lon='126.90567355532' />
  <node id='-25750' action='modify' visible='true' lat='35.18042404987' lon='126.90567127854' />
  <node id='-25751' action='modify' visible='true' lat='35.18043447396' lon='126.90566806836' />
  <node id='-25752' action='modify' visible='true' lat='35.18044490975' lon='126.90566488204' />
  <node id='-25753' action='modify' visible='true' lat='35.18045528091' lon='126.90566185622' />
  <node id='-25754' action='modify' visible='true' lat='35.18046554243' lon='126.9056583629' />
  <node id='-25755' action='modify' visible='true' lat='35.18048095455' lon='126.90565284173' />
  <node id='-25756' action='modify' visible='true' lat='35.18049100473' lon='126.90564948812' />
  <node id='-25757' action='modify' visible='true' lat='35.18050088096' lon='126.9056463481' />
  <node id='-25758' action='modify' visible='true' lat='35.18051044604' lon='126.90564358313' />
  <node id='-25759' action='modify' visible='true' lat='35.18051952709' lon='126.90564018388' />
  <node id='-25760' action='modify' visible='true' lat='35.18052942902' lon='126.90563664203' />
  <node id='-25761' action='modify' visible='true' lat='35.18053577254' lon='126.90563412447' />
  <node id='-25762' action='modify' visible='true' lat='35.18054123557' lon='126.90563193385' />
  <node id='-25763' action='modify' visible='true' lat='35.18055393577' lon='126.9056275243' />
  <node id='-25766' action='modify' visible='true' lat='35.18054617838' lon='126.90558713404' />
  <node id='-25767' action='modify' visible='true' lat='35.18054383224' lon='126.90557719732' />
  <node id='-25768' action='modify' visible='true' lat='35.18054166047' lon='126.90556751396' />
  <node id='-25769' action='modify' visible='true' lat='35.18053967043' lon='126.90555658276' />
  <node id='-25770' action='modify' visible='true' lat='35.18053788818' lon='126.90554745494' />
  <node id='-25771' action='modify' visible='true' lat='35.18053559418' lon='126.90553450899' />
  <node id='-25772' action='modify' visible='true' lat='35.18053314762' lon='126.90552289542' />
  <node id='-25773' action='modify' visible='true' lat='35.18053063849' lon='126.90550723277' />
  <node id='-25774' action='modify' visible='true' lat='35.18052673243' lon='126.905490164' />
  <node id='-25775' action='modify' visible='true' lat='35.18052395973' lon='126.90547618765' />
  <node id='-25776' action='modify' visible='true' lat='35.18051970163' lon='126.90544964457' />
  <node id='-25833' action='modify' visible='true' lat='35.18037186534' lon='126.90475911662' />
  <node id='-25834' action='modify' visible='true' lat='35.18036404262' lon='126.90476088258' />
  <node id='-25835' action='modify' visible='true' lat='35.18035175866' lon='126.90476419712' />
  <node id='-25836' action='modify' visible='true' lat='35.18034044603' lon='126.90476634923' />
  <node id='-25837' action='modify' visible='true' lat='35.18033056748' lon='126.90476799199' />
  <node id='-25838' action='modify' visible='true' lat='35.18032045397' lon='126.90477031055' />
  <node id='-25839' action='modify' visible='true' lat='35.18030871092' lon='126.90477233034' />
  <node id='-25840' action='modify' visible='true' lat='35.18029990917' lon='126.9047739154' />
  <node id='-25841' action='modify' visible='true' lat='35.1802902462' lon='126.904775607' />
  <node id='-25842' action='modify' visible='true' lat='35.18028099993' lon='126.90477705139' />
  <node id='-25843' action='modify' visible='true' lat='35.18027085634' lon='126.90477903585' />
  <node id='-25844' action='modify' visible='true' lat='35.18026044879' lon='126.90478098242' />
  <node id='-25845' action='modify' visible='true' lat='35.18025199501' lon='126.90478287115' />
  <node id='-25846' action='modify' visible='true' lat='35.18025421564' lon='126.90479146268' />
  <node id='-25847' action='modify' visible='true' lat='35.18025574779' lon='126.90479918492' />
  <node id='-25848' action='modify' visible='true' lat='35.18025705303' lon='126.90480614677' />
  <node id='-25849' action='modify' visible='true' lat='35.18025892632' lon='126.90481830795' />
  <node id='-25850' action='modify' visible='true' lat='35.18026145011' lon='126.90483019985' />
  <node id='-25851' action='modify' visible='true' lat='35.18026370775' lon='126.90484214579' />
  <node id='-25852' action='modify' visible='true' lat='35.18026593006' lon='126.90485406123' />
  <node id='-25853' action='modify' visible='true' lat='35.18026803983' lon='126.90486595224' />
  <node id='-25854' action='modify' visible='true' lat='35.18026991212' lon='126.90487774987' />
  <node id='-25855' action='modify' visible='true' lat='35.18027172356' lon='126.90488997857' />
  <node id='-25856' action='modify' visible='true' lat='35.1802732603' lon='126.90490199203' />
  <node id='-25857' action='modify' visible='true' lat='35.18027515242' lon='126.90491444167' />
  <node id='-25858' action='modify' visible='true' lat='35.18027750124' lon='126.9049262282' />
  <node id='-25859' action='modify' visible='true' lat='35.18027989571' lon='126.90493875914' />
  <node id='-25860' action='modify' visible='true' lat='35.18028223218' lon='126.90495188155' />
  <node id='-25861' action='modify' visible='true' lat='35.18028418595' lon='126.90496438636' />
  <node id='-25862' action='modify' visible='true' lat='35.18028605511' lon='126.90497713922' />
  <node id='-25863' action='modify' visible='true' lat='35.180287975' lon='126.90498941817' />
  <node id='-25864' action='modify' visible='true' lat='35.18029058515' lon='126.90500126075' />
  <node id='-25865' action='modify' visible='true' lat='35.18029326781' lon='126.9050137626' />
  <node id='-25866' action='modify' visible='true' lat='35.18029581709' lon='126.9050262807' />
  <node id='-25867' action='modify' visible='true' lat='35.18029825841' lon='126.90503901414' />
  <node id='-25868' action='modify' visible='true' lat='35.18030036098' lon='126.9050515233' />
  <node id='-25869' action='modify' visible='true' lat='35.18030225913' lon='126.90506375205' />
  <node id='-25870' action='modify' visible='true' lat='35.18030524624' lon='126.90507576177' />
  <node id='-25871' action='modify' visible='true' lat='35.18030879824' lon='126.90508816232' />
  <node id='-25872' action='modify' visible='true' lat='35.18031237093' lon='126.90510089787' />
  <node id='-25873' action='modify' visible='true' lat='35.18031570313' lon='126.90511344387' />
  <node id='-25874' action='modify' visible='true' lat='35.18031896723' lon='126.90512643221' />
  <node id='-25875' action='modify' visible='true' lat='35.18032188435' lon='126.90513897417' />
  <node id='-25876' action='modify' visible='true' lat='35.18032475965' lon='126.90515179458' />
  <node id='-25877' action='modify' visible='true' lat='35.18032734331' lon='126.90516479294' />
  <node id='-25878' action='modify' visible='true' lat='35.18032970788' lon='126.90517741267' />
  <node id='-25879' action='modify' visible='true' lat='35.18033183577' lon='126.90518992023' />
  <node id='-25880' action='modify' visible='true' lat='35.18033419016' lon='126.90520227675' />
  <node id='-25881' action='modify' visible='true' lat='35.18033730648' lon='126.90521401627' />
  <node id='-25882' action='modify' visible='true' lat='35.18034070003' lon='126.90522645468' />
  <node id='-25883' action='modify' visible='true' lat='35.18034395558' lon='126.90523899254' />
  <node id='-25884' action='modify' visible='true' lat='35.18034706334' lon='126.90525143193' />
  <node id='-25885' action='modify' visible='true' lat='35.18034957335' lon='126.90526230183' />
  <node id='-25886' action='modify' visible='true' lat='35.18035226882' lon='126.90527481388' />
  <node id='-25887' action='modify' visible='true' lat='35.18035451761' lon='126.90528570104' />
  <node id='-25888' action='modify' visible='true' lat='35.18035662195' lon='126.90529667815' />
  <node id='-25889' action='modify' visible='true' lat='35.18035900183' lon='126.90531013156' />
  <node id='-25890' action='modify' visible='true' lat='35.18036094753' lon='126.90532216214' />
  <node id='-25891' action='modify' visible='true' lat='35.18036309359' lon='126.90533506116' />
  <node id='-25892' action='modify' visible='true' lat='35.18036564096' lon='126.90534676323' />
  <node id='-25893' action='modify' visible='true' lat='35.18036824552' lon='126.90535735449' />
  <node id='-25894' action='modify' visible='true' lat='35.18037075754' lon='126.90536805529' />
  <node id='-25895' action='modify' visible='true' lat='35.18037398451' lon='126.90538211306' />
  <node id='-25896' action='modify' visible='true' lat='35.18037618954' lon='126.90539276557' />
  <node id='-25897' action='modify' visible='true' lat='35.18037876362' lon='126.90540582109' />
  <node id='-25898' action='modify' visible='true' lat='35.18038076954' lon='126.90541656222' />
  <node id='-25899' action='modify' visible='true' lat='35.18038286747' lon='126.90542924323' />
  <node id='-25900' action='modify' visible='true' lat='35.1803846845' lon='126.90544110265' />
  <node id='-25901' action='modify' visible='true' lat='35.18038656018' lon='126.90545188337' />
  <node id='-25902' action='modify' visible='true' lat='35.18038922537' lon='126.90546291275' />
  <node id='-25903' action='modify' visible='true' lat='35.18039188306' lon='126.90547425699' />
  <node id='-25904' action='modify' visible='true' lat='35.18039451921' lon='126.90548295224' />
  <node id='-25905' action='modify' visible='true' lat='35.18039971912' lon='126.90548041578' />
  <node id='-25906' action='modify' visible='true' lat='35.18040436772' lon='126.90547831399' />
  <node id='-25907' action='modify' visible='true' lat='35.18040835029' lon='126.90547553588' />
  <node id='-25908' action='modify' visible='true' lat='35.18041300133' lon='126.9054736386' />
  <node id='-25909' action='modify' visible='true' lat='35.18041748065' lon='126.90547146719' />
  <node id='-25910' action='modify' visible='true' lat='35.18042219632' lon='126.90546918008' />
  <node id='-25911' action='modify' visible='true' lat='35.18042724364' lon='126.90546634158' />
  <node id='-25912' action='modify' visible='true' lat='35.18043530377' lon='126.90546343968' />
  <node id='-25913' action='modify' visible='true' lat='35.18044180672' lon='126.90546105813' />
  <node id='-25914' action='modify' visible='true' lat='35.18044953042' lon='126.90545881262' />
  <node id='-25915' action='modify' visible='true' lat='35.1804595279' lon='126.90545560367' />
  <node id='-25916' action='modify' visible='true' lat='35.18047042505' lon='126.90545174102' />
  <node id='-25917' action='modify' visible='true' lat='35.18047992845' lon='126.90544860971' />
  <node id='-25918' action='modify' visible='true' lat='35.18048897327' lon='126.90544635657' />
  <node id='-25919' action='modify' visible='true' lat='35.18049836464' lon='126.90544293627' />
  <node id='-25920' action='modify' visible='true' lat='35.18050667128' lon='126.90544006147' />
  <node id='-25921' action='modify' visible='true' lat='35.18051712406' lon='126.90543717179' />
  <node id='-25922' action='modify' visible='true' lat='35.18051250143' lon='126.90541794851' />
  <node id='-25923' action='modify' visible='true' lat='35.18050971275' lon='126.90540214138' />
  <node id='-25924' action='modify' visible='true' lat='35.18050624186' lon='126.90538465285' />
  <node id='-25925' action='modify' visible='true' lat='35.18050358627' lon='126.9053738019' />
  <node id='-25926' action='modify' visible='true' lat='35.1805011964' lon='126.90536175015' />
  <node id='-25927' action='modify' visible='true' lat='35.1804978681' lon='126.90534652344' />
  <node id='-25928' action='modify' visible='true' lat='35.18049601004' lon='126.90533176187' />
  <node id='-25929' action='modify' visible='true' lat='35.18049429224' lon='126.90531967441' />
  <node id='-25930' action='modify' visible='true' lat='35.1804920213' lon='126.90530707172' />
  <node id='-25931' action='modify' visible='true' lat='35.18048823749' lon='126.90529304172' />
  <node id='-25932' action='modify' visible='true' lat='35.18048651024' lon='126.90528185811' />
  <node id='-25933' action='modify' visible='true' lat='35.18048448744' lon='126.90527087762' />
  <node id='-25934' action='modify' visible='true' lat='35.18048184733' lon='126.90525869279' />
  <node id='-25935' action='modify' visible='true' lat='35.18047907943' lon='126.90524615152' />
  <node id='-25936' action='modify' visible='true' lat='35.18047655293' lon='126.90523396099' />
  <node id='-25937' action='modify' visible='true' lat='35.18047414807' lon='126.90522169487' />
  <node id='-25938' action='modify' visible='true' lat='35.18047156694' lon='126.90520894142' />
  <node id='-25939' action='modify' visible='true' lat='35.18046896525' lon='126.90519687119' />
  <node id='-25940' action='modify' visible='true' lat='35.1804660792' lon='126.90518388596' />
  <node id='-25941' action='modify' visible='true' lat='35.18046335573' lon='126.90517110463' />
  <node id='-25942' action='modify' visible='true' lat='35.18046087098' lon='126.90515962326' />
  <node id='-25943' action='modify' visible='true' lat='35.18045827579' lon='126.90514693521' />
  <node id='-25944' action='modify' visible='true' lat='35.18045576211' lon='126.90513390729' />
  <node id='-25945' action='modify' visible='true' lat='35.18045326769' lon='126.90512164274' />
  <node id='-25946' action='modify' visible='true' lat='35.18045101089' lon='126.90511059163' />
  <node id='-25947' action='modify' visible='true' lat='35.18044870311' lon='126.90509836898' />
  <node id='-25948' action='modify' visible='true' lat='35.18044641968' lon='126.90508712391' />
  <node id='-25949' action='modify' visible='true' lat='35.18044350714' lon='126.90507495438' />
  <node id='-25950' action='modify' visible='true' lat='35.18044096471' lon='126.90506421747' />
  <node id='-25951' action='modify' visible='true' lat='35.18043829638' lon='126.90505241389' />
  <node id='-25952' action='modify' visible='true' lat='35.1804356559' lon='126.90503985908' />
  <node id='-25953' action='modify' visible='true' lat='35.18043300966' lon='126.90502897419' />
  <node id='-25954' action='modify' visible='true' lat='35.18042972501' lon='126.90501661527' />
  <node id='-25955' action='modify' visible='true' lat='35.18042672697' lon='126.90500450342' />
  <node id='-25956' action='modify' visible='true' lat='35.18042403122' lon='126.90499328069' />
  <node id='-25957' action='modify' visible='true' lat='35.18042123616' lon='126.90498067334' />
  <node id='-25958' action='modify' visible='true' lat='35.18041883599' lon='126.90496914173' />
  <node id='-25959' action='modify' visible='true' lat='35.18041640544' lon='126.90495692379' />
  <node id='-25960' action='modify' visible='true' lat='35.18041357938' lon='126.90494535373' />
  <node id='-25961' action='modify' visible='true' lat='35.18041059401' lon='126.90493292744' />
  <node id='-25962' action='modify' visible='true' lat='35.18040779601' lon='126.90492083438' />
  <node id='-25963' action='modify' visible='true' lat='35.1804053289' lon='126.90490913116' />
  <node id='-25964' action='modify' visible='true' lat='35.18040297844' lon='126.90489760381' />
  <node id='-25965' action='modify' visible='true' lat='35.1804007299' lon='126.90488530543' />
  <node id='-25966' action='modify' visible='true' lat='35.18039807564' lon='126.90487439068' />
  <node id='-25967' action='modify' visible='true' lat='35.18039516309' lon='126.9048638853' />
  <node id='-25968' action='modify' visible='true' lat='35.18039265518' lon='126.90485321996' />
  <node id='-25969' action='modify' visible='true' lat='35.18039039302' lon='126.90484101404' />
  <node id='-25970' action='modify' visible='true' lat='35.18038788892' lon='126.90482868884' />
  <node id='-25971' action='modify' visible='true' lat='35.18038566379' lon='126.90481794508' />
  <node id='-25972' action='modify' visible='true' lat='35.18038337436' lon='126.90480684081' />
  <node id='-25973' action='modify' visible='true' lat='35.18038101125' lon='126.90479541738' />
  <node id='-25974' action='modify' visible='true' lat='35.18037815812' lon='126.90478438723' />
  <node id='-25975' action='modify' visible='true' lat='35.18037538187' lon='126.90477330824' />
  <node id='-25976' action='modify' visible='true' lat='35.18037261765' lon='126.90476181607' />
  <node id='-25977' action='modify' visible='true' lat='35.18037010574' lon='126.90475082512' />
  <node id='-25978' action='modify' visible='true' lat='35.18036769358' lon='126.90473970416' />
  <node id='-25979' action='modify' visible='true' lat='35.18036618991' lon='126.90473036846' />
  <node id='-25980' action='modify' visible='true' lat='35.18036669395' lon='126.90471798203' />
  <node id='-25981' action='modify' visible='true' lat='35.18036890278' lon='126.90470604329' />
  <node id='-25982' action='modify' visible='true' lat='35.18037187893' lon='126.90469460475' />
  <node id='-25983' action='modify' visible='true' lat='35.18037520886' lon='126.90468262383' />
  <node id='-25984' action='modify' visible='true' lat='35.18037869875' lon='126.9046713285' />
  <node id='-25985' action='modify' visible='true' lat='35.18038264513' lon='126.90465961046' />
  <node id='-25986' action='modify' visible='true' lat='35.18038696691' lon='126.90464869354' />
  <node id='-25987' action='modify' visible='true' lat='35.18039224925' lon='126.90463786338' />
  <node id='-25988' action='modify' visible='true' lat='35.18039807852' lon='126.90462764044' />
  <node id='-25989' action='modify' visible='true' lat='35.18040402158' lon='126.90461761873' />
  <node id='-25990' action='modify' visible='true' lat='35.1804103449' lon='126.9046072117' />
  <node id='-25991' action='modify' visible='true' lat='35.1804166956' lon='126.90459700284' />
  <node id='-25992' action='modify' visible='true' lat='35.18042343596' lon='126.90458684672' />
  <node id='-25993' action='modify' visible='true' lat='35.18042999101' lon='126.90457713023' />
  <node id='-25994' action='modify' visible='true' lat='35.18043671408' lon='126.90456742073' />
  <node id='-25995' action='modify' visible='true' lat='35.18044330476' lon='126.90455768539' />
  <node id='-25996' action='modify' visible='true' lat='35.180449913' lon='126.90454739142' />
  <node id='-25997' action='modify' visible='true' lat='35.18045647813' lon='126.90453745358' />
  <node id='-25998' action='modify' visible='true' lat='35.18046329102' lon='126.90452741363' />
  <node id='-25999' action='modify' visible='true' lat='35.18047015684' lon='126.90451769183' />
  <node id='-26000' action='modify' visible='true' lat='35.18047686574' lon='126.90450855536' />
  <node id='-26001' action='modify' visible='true' lat='35.18048409611' lon='126.9044989512' />
  <node id='-26002' action='modify' visible='true' lat='35.18049151276' lon='126.90448978675' />
  <node id='-26003' action='modify' visible='true' lat='35.18049936848' lon='126.90448099547' />
  <node id='-26004' action='modify' visible='true' lat='35.18050730732' lon='126.90447267939' />
  <node id='-26005' action='modify' visible='true' lat='35.18051542521' lon='126.90446461255' />
  <node id='-26006' action='modify' visible='true' lat='35.18052339508' lon='126.90445696134' />
  <node id='-26007' action='modify' visible='true' lat='35.18053136286' lon='126.90444892315' />
  <node id='-26008' action='modify' visible='true' lat='35.18054006007' lon='126.90444038938' />
  <node id='-26009' action='modify' visible='true' lat='35.18054736651' lon='126.90443379324' />
  <node id='-26010' action='modify' visible='true' lat='35.18055698108' lon='126.90442697925' />
  <node id='-26011' action='modify' visible='true' lat='35.1805668412' lon='126.90442184591' />
  <node id='-26012' action='modify' visible='true' lat='35.18057724365' lon='126.90441755446' />
  <node id='-26013' action='modify' visible='true' lat='35.18058592949' lon='126.90441435645' />
  <node id='-26014' action='modify' visible='true' lat='35.18059647265' lon='126.90441254026' />
  <node id='-26015' action='modify' visible='true' lat='35.18060658811' lon='126.90441163772' />
  <node id='-26016' action='modify' visible='true' lat='35.18061676412' lon='126.90441149404' />
  <node id='-26017' action='modify' visible='true' lat='35.18062688571' lon='126.90441226489' />
  <node id='-26018' action='modify' visible='true' lat='35.18063700768' lon='126.9044142187' />
  <node id='-26019' action='modify' visible='true' lat='35.18064648329' lon='126.90441639519' />
  <node id='-26020' action='modify' visible='true' lat='35.18065607132' lon='126.90441881919' />
  <node id='-26021' action='modify' visible='true' lat='35.18066576272' lon='126.90442121106' />
  <node id='-26022' action='modify' visible='true' lat='35.18067545585' lon='126.90442379765' />
  <node id='-26023' action='modify' visible='true' lat='35.18068536675' lon='126.90442633417' />
  <node id='-26024' action='modify' visible='true' lat='35.18069529935' lon='126.90442853621' />
  <node id='-26025' action='modify' visible='true' lat='35.1807053436' lon='126.90443037205' />
  <node id='-26026' action='modify' visible='true' lat='35.18071526343' lon='126.90443166983' />
  <node id='-26027' action='modify' visible='true' lat='35.1807250104' lon='126.90443291281' />
  <node id='-26028' action='modify' visible='true' lat='35.18073482634' lon='126.90443425808' />
  <node id='-26029' action='modify' visible='true' lat='35.18074484847' lon='126.90443601407' />
  <node id='-26030' action='modify' visible='true' lat='35.18075497559' lon='126.9044383604' />
  <node id='-26031' action='modify' visible='true' lat='35.18076478714' lon='126.90444088062' />
  <node id='-26032' action='modify' visible='true' lat='35.18077465946' lon='126.90444358803' />
  <node id='-26033' action='modify' visible='true' lat='35.18078437698' lon='126.90444646344' />
  <node id='-26034' action='modify' visible='true' lat='35.18079390161' lon='126.90444943839' />
  <node id='-26035' action='modify' visible='true' lat='35.18080318783' lon='126.90445246846' />
  <node id='-26036' action='modify' visible='true' lat='35.18081322669' lon='126.90445498394' />
  <node id='-26037' action='modify' visible='true' lat='35.18082313089' lon='126.90445744901' />
  <node id='-26038' action='modify' visible='true' lat='35.18083310554' lon='126.90446004849' />
  <node id='-26039' action='modify' visible='true' lat='35.18084289032' lon='126.9044624445' />
  <node id='-26040' action='modify' visible='true' lat='35.18085301474' lon='126.90446482333' />
  <node id='-26041' action='modify' visible='true' lat='35.18086295765' lon='126.90446733541' />
  <node id='-26042' action='modify' visible='true' lat='35.18087258304' lon='126.90446994838' />
  <node id='-26043' action='modify' visible='true' lat='35.18088210714' lon='126.90447277791' />
  <node id='-26044' action='modify' visible='true' lat='35.18089124842' lon='126.90447555193' />
  <node id='-26045' action='modify' visible='true' lat='35.18090085663' lon='126.90447871868' />
  <node id='-26046' action='modify' visible='true' lat='35.1809107005' lon='126.9044820233' />
  <node id='-26047' action='modify' visible='true' lat='35.18092048437' lon='126.90448449071' />
  <node id='-26048' action='modify' visible='true' lat='35.18093056122' lon='126.90448691273' />
  <node id='-26049' action='modify' visible='true' lat='35.18094029105' lon='126.90448950376' />
  <node id='-26050' action='modify' visible='true' lat='35.18095010187' lon='126.90449223261' />
  <node id='-26051' action='modify' visible='true' lat='35.18095948767' lon='126.9044949831' />
  <node id='-26052' action='modify' visible='true' lat='35.18096870488' lon='126.9044979956' />
  <node id='-26053' action='modify' visible='true' lat='35.18097751537' lon='126.90450079236' />
  <node id='-26054' action='modify' visible='true' lat='35.18098819324' lon='126.90450395862' />
  <node id='-26055' action='modify' visible='true' lat='35.18099801501' lon='126.90450675556' />
  <node id='-26056' action='modify' visible='true' lat='35.18100787814' lon='126.90450954204' />
  <node id='-26057' action='modify' visible='true' lat='35.18101774897' lon='126.90451252671' />
  <node id='-26058' action='modify' visible='true' lat='35.18102767586' lon='126.90451584194' />
  <node id='-26059' action='modify' visible='true' lat='35.18103760424' lon='126.90451932225' />
  <node id='-26060' action='modify' visible='true' lat='35.18104762164' lon='126.90452312582' />
  <node id='-26061' action='modify' visible='true' lat='35.18105757575' lon='126.90452724282' />
  <node id='-26062' action='modify' visible='true' lat='35.18106652879' lon='126.90453106677' />
  <node id='-26063' action='modify' visible='true' lat='35.18107543267' lon='126.90453522909' />
  <node id='-26064' action='modify' visible='true' lat='35.18108431914' lon='126.90454023413' />
  <node id='-26065' action='modify' visible='true' lat='35.18109213435' lon='126.90454577074' />
  <node id='-26066' action='modify' visible='true' lat='35.1810994927' lon='126.90455278807' />
  <node id='-26067' action='modify' visible='true' lat='35.18110507604' lon='126.90456207426' />
  <node id='-26068' action='modify' visible='true' lat='35.18111041338' lon='126.90457114754' />
  <node id='-26069' action='modify' visible='true' lat='35.18111622258' lon='126.90457984503' />
  <node id='-26070' action='modify' visible='true' lat='35.18112233764' lon='126.90458872149' />
  <node id='-26071' action='modify' visible='true' lat='35.18112779956' lon='126.90459834004' />
  <node id='-26072' action='modify' visible='true' lat='35.18113322226' lon='126.90460923397' />
  <node id='-26073' action='modify' visible='true' lat='35.18113740874' lon='126.9046206106' />
  <node id='-26074' action='modify' visible='true' lat='35.18114099881' lon='126.90463242704' />
  <node id='-26075' action='modify' visible='true' lat='35.18114436788' lon='126.90464441778' />
  <node id='-26076' action='modify' visible='true' lat='35.1811474507' lon='126.90465611974' />
  <node id='-26077' action='modify' visible='true' lat='35.18115050096' lon='126.90466809789' />
  <node id='-26078' action='modify' visible='true' lat='35.18115348287' lon='126.90468011701' />
  <node id='-26079' action='modify' visible='true' lat='35.18115631699' lon='126.90469211312' />
  <node id='-26080' action='modify' visible='true' lat='35.18115859473' lon='126.90470400514' />
  <node id='-26081' action='modify' visible='true' lat='35.18116086616' lon='126.90471566372' />
  <node id='-26082' action='modify' visible='true' lat='35.18116292192' lon='126.90472712891' />
  <node id='-26083' action='modify' visible='true' lat='35.18116474451' lon='126.90473805359' />
  <node id='-26084' action='modify' visible='true' lat='35.18116660232' lon='126.9047496066' />
  <node id='-26085' action='modify' visible='true' lat='35.18116819965' lon='126.90476055097' />
  <node id='-26086' action='modify' visible='true' lat='35.18116998208' lon='126.90477342317' />
  <node id='-26087' action='modify' visible='true' lat='35.18117150596' lon='126.90478443951' />
  <node id='-26088' action='modify' visible='true' lat='35.18117307647' lon='126.90479564649' />
  <node id='-26089' action='modify' visible='true' lat='35.18117467887' lon='126.90480678881' />
  <node id='-26090' action='modify' visible='true' lat='35.18117559795' lon='126.90481793511' />
  <node id='-26091' action='modify' visible='true' lat='35.18117602429' lon='126.90482942359' />
  <node id='-26092' action='modify' visible='true' lat='35.18117644105' lon='126.90484152336' />
  <node id='-26093' action='modify' visible='true' lat='35.181177992' lon='126.90485301078' />
  <node id='-26094' action='modify' visible='true' lat='35.18117976986' lon='126.90486486089' />
  <node id='-26095' action='modify' visible='true' lat='35.18118138899' lon='126.90487649333' />
  <node id='-26096' action='modify' visible='true' lat='35.18118304365' lon='126.90488808017' />
  <node id='-26097' action='modify' visible='true' lat='35.18118538924' lon='126.90489916044' />
  <node id='-26098' action='modify' visible='true' lat='35.18118809757' lon='126.90491006955' />
  <node id='-26099' action='modify' visible='true' lat='35.181190552' lon='126.90491604022' />
  <node id='-26100' action='modify' visible='true' lat='35.18119708487' lon='126.90492484014' />
  <node id='-26101' action='modify' visible='true' lat='35.18120333602' lon='126.90493386377' />
  <node id='-26102' action='modify' visible='true' lat='35.18120949944' lon='126.90494124704' />
  <node id='-26103' action='modify' visible='true' lat='35.18121417521' lon='126.90495218326' />
  <node id='-26104' action='modify' visible='true' lat='35.181218133' lon='126.90496352998' />
  <node id='-26105' action='modify' visible='true' lat='35.18122202897' lon='126.9049747347' />
  <node id='-26106' action='modify' visible='true' lat='35.18122607907' lon='126.90498696028' />
  <node id='-26107' action='modify' visible='true' lat='35.18122866577' lon='126.90499843264' />
  <node id='-26108' action='modify' visible='true' lat='35.1812306222' lon='126.90500975547' />
  <node id='-26109' action='modify' visible='true' lat='35.18123263475' lon='126.90502081205' />
  <node id='-26110' action='modify' visible='true' lat='35.18123519717' lon='126.90503162522' />
  <node id='-26111' action='modify' visible='true' lat='35.18123814091' lon='126.90504325676' />
  <node id='-26112' action='modify' visible='true' lat='35.18124099599' lon='126.90505480515' />
  <node id='-26113' action='modify' visible='true' lat='35.18124366751' lon='126.90506637802' />
  <node id='-26114' action='modify' visible='true' lat='35.18124628199' lon='126.90507794594' />
  <node id='-26115' action='modify' visible='true' lat='35.18124864066' lon='126.90508978661' />
  <node id='-26116' action='modify' visible='true' lat='35.18125088057' lon='126.90510163328' />
  <node id='-26117' action='modify' visible='true' lat='35.1812528718' lon='126.9051130959' />
  <node id='-26118' action='modify' visible='true' lat='35.18125490288' lon='126.90512529953' />
  <node id='-26119' action='modify' visible='true' lat='35.18125680341' lon='126.90513687481' />
  <node id='-26120' action='modify' visible='true' lat='35.18125930341' lon='126.9051491049' />
  <node id='-26121' action='modify' visible='true' lat='35.18126270194' lon='126.90516071424' />
  <node id='-26122' action='modify' visible='true' lat='35.18126592402' lon='126.90517217547' />
  <node id='-26123' action='modify' visible='true' lat='35.18126893634' lon='126.9051839749' />
  <node id='-26124' action='modify' visible='true' lat='35.18127175867' lon='126.90519590891' />
  <node id='-26125' action='modify' visible='true' lat='35.18127464347' lon='126.9052087942' />
  <node id='-26126' action='modify' visible='true' lat='35.18127685274' lon='126.9052195187' />
  <node id='-26127' action='modify' visible='true' lat='35.18127892503' lon='126.90523029636' />
  <node id='-26128' action='modify' visible='true' lat='35.18128188338' lon='126.90524327811' />
  <node id='-26129' action='modify' visible='true' lat='35.18128437599' lon='126.90525383766' />
  <node id='-26130' action='modify' visible='true' lat='35.18128701524' lon='126.90526618605' />
  <node id='-26131' action='modify' visible='true' lat='35.18128959792' lon='126.90527883105' />
  <node id='-26132' action='modify' visible='true' lat='35.18129192145' lon='126.90529086475' />
  <node id='-26133' action='modify' visible='true' lat='35.18129407911' lon='126.90530270453' />
  <node id='-26134' action='modify' visible='true' lat='35.18129618723' lon='126.90531351047' />
  <node id='-26135' action='modify' visible='true' lat='35.18129891037' lon='126.90532660142' />
  <node id='-26136' action='modify' visible='true' lat='35.18130148779' lon='126.90533729293' />
  <node id='-26137' action='modify' visible='true' lat='35.18130385688' lon='126.90534845776' />
  <node id='-26138' action='modify' visible='true' lat='35.18130594577' lon='126.90535920141' />
  <node id='-26139' action='modify' visible='true' lat='35.18130826671' lon='126.90537229435' />
  <node id='-26140' action='modify' visible='true' lat='35.18131035103' lon='126.90538478951' />
  <node id='-26141' action='modify' visible='true' lat='35.18131254328' lon='126.90539724225' />
  <node id='-26142' action='modify' visible='true' lat='35.18131498733' lon='126.90540981846' />
  <node id='-26143' action='modify' visible='true' lat='35.18131746155' lon='126.90542190392' />
  <node id='-26144' action='modify' visible='true' lat='35.1813199816' lon='126.90543395863' />
  <node id='-26145' action='modify' visible='true' lat='35.1813223673' lon='126.905446267' />
  <node id='-26146' action='modify' visible='true' lat='35.18132502003' lon='126.90545828649' />
  <node id='-26147' action='modify' visible='true' lat='35.1813277138' lon='126.90547070655' />
  <node id='-26148' action='modify' visible='true' lat='35.18133032095' lon='126.90548290241' />
  <node id='-26149' action='modify' visible='true' lat='35.18133341923' lon='126.90549509644' />
  <node id='-26150' action='modify' visible='true' lat='35.18133644309' lon='126.90550775608' />
  <node id='-26151' action='modify' visible='true' lat='35.18133917422' lon='126.90552018084' />
  <node id='-26152' action='modify' visible='true' lat='35.18134168817' lon='126.90553240106' />
  <node id='-26153' action='modify' visible='true' lat='35.18134409637' lon='126.90554476178' />
  <node id='-26154' action='modify' visible='true' lat='35.1813464306' lon='126.90555620647' />
  <node id='-26155' action='modify' visible='true' lat='35.18134889177' lon='126.90556753844' />
  <node id='-26156' action='modify' visible='true' lat='35.18135106616' lon='126.90557859816' />
  <node id='-26157' action='modify' visible='true' lat='35.18135340046' lon='126.90558989241' />
  <node id='-26158' action='modify' visible='true' lat='35.18135584214' lon='126.90560109938' />
  <node id='-26159' action='modify' visible='true' lat='35.18135840357' lon='126.90561239086' />
  <node id='-26160' action='modify' visible='true' lat='35.18136079929' lon='126.90562358574' />
  <node id='-26161' action='modify' visible='true' lat='35.18136297787' lon='126.90563476836' />
  <node id='-26162' action='modify' visible='true' lat='35.18136514615' lon='126.90564611132' />
  <node id='-26163' action='modify' visible='true' lat='35.18136738147' lon='126.90565721026' />
  <node id='-26164' action='modify' visible='true' lat='35.18136956455' lon='126.90566819194' />
  <node id='-26165' action='modify' visible='true' lat='35.18137189901' lon='126.90567895923' />
  <node id='-26166' action='modify' visible='true' lat='35.18137417787' lon='126.90568981225' />
  <node id='-26167' action='modify' visible='true' lat='35.18137657519' lon='126.90570106789' />
  <node id='-26168' action='modify' visible='true' lat='35.18137915269' lon='126.90571214749' />
  <node id='-26169' action='modify' visible='true' lat='35.18138162779' lon='126.90572318407' />
  <node id='-26170' action='modify' visible='true' lat='35.18138424272' lon='126.9057358033' />
  <node id='-26171' action='modify' visible='true' lat='35.18138664984' lon='126.90574757423' />
  <node id='-26172' action='modify' visible='true' lat='35.18138912146' lon='126.90576011994' />
  <node id='-26173' action='modify' visible='true' lat='35.18139126897' lon='126.90577102624' />
  <node id='-26174' action='modify' visible='true' lat='35.18139370653' lon='126.90578242955' />
  <node id='-26175' action='modify' visible='true' lat='35.18139617495' lon='126.90579432516' />
  <node id='-26176' action='modify' visible='true' lat='35.18139845604' lon='126.90580681083' />
  <node id='-26177' action='modify' visible='true' lat='35.18140097676' lon='126.90581938372' />
  <node id='-26178' action='modify' visible='true' lat='35.18140331473' lon='126.90583222737' />
  <node id='-26179' action='modify' visible='true' lat='35.18140549648' lon='126.90584469189' />
  <node id='-26180' action='modify' visible='true' lat='35.1814074451' lon='126.90585719828' />
  <node id='-26181' action='modify' visible='true' lat='35.18140922727' lon='126.90586994339' />
  <node id='-26182' action='modify' visible='true' lat='35.18141087543' lon='126.90588232878' />
  <node id='-26183' action='modify' visible='true' lat='35.18141220429' lon='126.90589449056' />
  <node id='-26184' action='modify' visible='true' lat='35.18141372482' lon='126.90590600671' />
  <node id='-26185' action='modify' visible='true' lat='35.18141516609' lon='126.90591770052' />
  <node id='-26186' action='modify' visible='true' lat='35.18141545301' lon='126.90592951281' />
  <node id='-26187' action='modify' visible='true' lat='35.18141526522' lon='126.90594114333' />
  <node id='-26188' action='modify' visible='true' lat='35.18141494472' lon='126.9059523898' />
  <node id='-26189' action='modify' visible='true' lat='35.18141465604' lon='126.9059645138' />
  <node id='-26190' action='modify' visible='true' lat='35.18141442607' lon='126.90597629406' />
  <node id='-26191' action='modify' visible='true' lat='35.18141448775' lon='126.90598822668' />
  <node id='-26192' action='modify' visible='true' lat='35.18141446596' lon='126.90600061848' />
  <node id='-26193' action='modify' visible='true' lat='35.18141423234' lon='126.90601282052' />
  <node id='-26194' action='modify' visible='true' lat='35.18141378574' lon='126.90602482512' />
  <node id='-26195' action='modify' visible='true' lat='35.18141318046' lon='126.90603696541' />
  <node id='-26196' action='modify' visible='true' lat='35.1814123752' lon='126.9060490913' />
  <node id='-26197' action='modify' visible='true' lat='35.18141113192' lon='126.90606108045' />
  <node id='-26198' action='modify' visible='true' lat='35.18140935789' lon='126.90607296329' />
  <node id='-26199' action='modify' visible='true' lat='35.18140732243' lon='126.90608501779' />
  <node id='-26200' action='modify' visible='true' lat='35.18140506433' lon='126.90609685797' />
  <node id='-26201' action='modify' visible='true' lat='35.18140269941' lon='126.90610865774' />
  <node id='-26202' action='modify' visible='true' lat='35.18140013591' lon='126.90612009526' />
  <node id='-26203' action='modify' visible='true' lat='35.18139704016' lon='126.90613145528' />
  <node id='-26204' action='modify' visible='true' lat='35.18139347873' lon='126.90614294822' />
  <node id='-26205' action='modify' visible='true' lat='35.18138967516' lon='126.90615430848' />
  <node id='-26206' action='modify' visible='true' lat='35.18138551767' lon='126.90616567355' />
  <node id='-26207' action='modify' visible='true' lat='35.18138127793' lon='126.90617692394' />
  <node id='-26208' action='modify' visible='true' lat='35.18137702681' lon='126.90618798981' />
  <node id='-26209' action='modify' visible='true' lat='35.18137275423' lon='126.90619891265' />
  <node id='-26210' action='modify' visible='true' lat='35.1813681823' lon='126.90620992199' />
  <node id='-26211' action='modify' visible='true' lat='35.18136339821' lon='126.90622080961' />
  <node id='-26212' action='modify' visible='true' lat='35.18135838541' lon='126.90623189494' />
  <node id='-26213' action='modify' visible='true' lat='35.18135307284' lon='126.90624299483' />
  <node id='-26214' action='modify' visible='true' lat='35.18134770462' lon='126.90625402686' />
  <node id='-26215' action='modify' visible='true' lat='35.18134183186' lon='126.9062650168' />
  <node id='-26216' action='modify' visible='true' lat='35.18133565433' lon='126.90627534234' />
  <node id='-26217' action='modify' visible='true' lat='35.1813287669' lon='126.90628546368' />
  <node id='-26218' action='modify' visible='true' lat='35.18132147682' lon='126.90629513123' />
  <node id='-26219' action='modify' visible='true' lat='35.18131281281' lon='126.90630325664' />
  <node id='-26220' action='modify' visible='true' lat='35.18130367436' lon='126.90631003808' />
  <node id='-26221' action='modify' visible='true' lat='35.18129424828' lon='126.9063165176' />
  <node id='-26222' action='modify' visible='true' lat='35.18128502982' lon='126.90632247833' />
  <node id='-26223' action='modify' visible='true' lat='35.1812755584' lon='126.90632841666' />
  <node id='-26224' action='modify' visible='true' lat='35.18126634281' lon='126.90633353714' />
  <node id='-26225' action='modify' visible='true' lat='35.18125682893' lon='126.90633713941' />
  <node id='-26226' action='modify' visible='true' lat='35.1812476901' lon='126.90634000522' />
  <node id='-26227' action='modify' visible='true' lat='35.18123835956' lon='126.90634374093' />
  <node id='-26228' action='modify' visible='true' lat='35.18122952681' lon='126.90634737464' />
  <node id='-26229' action='modify' visible='true' lat='35.18122033307' lon='126.90635107056' />
  <node id='-26230' action='modify' visible='true' lat='35.18121074689' lon='126.90635472344' />
  <node id='-26231' action='modify' visible='true' lat='35.18120069331' lon='126.90635837817' />
  <node id='-26232' action='modify' visible='true' lat='35.18119070488' lon='126.90636153678' />
  <node id='-26233' action='modify' visible='true' lat='35.18118053309' lon='126.90636363349' />
  <node id='-26234' action='modify' visible='true' lat='35.18117026252' lon='126.9063649145' />
  <node id='-26235' action='modify' visible='true' lat='35.18116000259' lon='126.90636601128' />
  <node id='-26236' action='modify' visible='true' lat='35.18114958434' lon='126.90636679058' />
  <node id='-26237' action='modify' visible='true' lat='35.18113955148' lon='126.90636731991' />
  <node id='-26238' action='modify' visible='true' lat='35.18113051817' lon='126.90636761691' />
  <node id='-26239' action='modify' visible='true' lat='35.18112130328' lon='126.90636776309' />
  <node id='-26240' action='modify' visible='true' lat='35.18111201804' lon='126.90636854584' />
  <node id='-26241' action='modify' visible='true' lat='35.18110262817' lon='126.90636955092' />
  <node id='-26242' action='modify' visible='true' lat='35.18109284783' lon='126.90637043584' />
  <node id='-26243' action='modify' visible='true' lat='35.18108254594' lon='126.90637121048' />
  <node id='-26244' action='modify' visible='true' lat='35.18107285956' lon='126.90637172203' />
  <node id='-26245' action='modify' visible='true' lat='35.18106364579' lon='126.90637209572' />
  <node id='-26246' action='modify' visible='true' lat='35.18105319924' lon='126.90637290113' />
  <node id='-26247' action='modify' visible='true' lat='35.18104255723' lon='126.90637398525' />
  <node id='-26248' action='modify' visible='true' lat='35.18103183835' lon='126.90637512739' />
  <node id='-26249' action='modify' visible='true' lat='35.1810228232' lon='126.90637628353' />
  <node id='-26250' action='modify' visible='true' lat='35.18101391708' lon='126.90637796977' />
  <node id='-26251' action='modify' visible='true' lat='35.18100449937' lon='126.90637997365' />
  <node id='-26252' action='modify' visible='true' lat='35.18099486576' lon='126.90638195786' />
  <node id='-26253' action='modify' visible='true' lat='35.18098501227' lon='126.90638401464' />
  <node id='-26254' action='modify' visible='true' lat='35.18097497824' lon='126.90638579273' />
  <node id='-26255' action='modify' visible='true' lat='35.18096525936' lon='126.90638732456' />
  <node id='-26256' action='modify' visible='true' lat='35.18095579722' lon='126.90638866047' />
  <node id='-26257' action='modify' visible='true' lat='35.18094625031' lon='126.9063897361' />
  <node id='-26258' action='modify' visible='true' lat='35.18093617779' lon='126.90639066729' />
  <node id='-26259' action='modify' visible='true' lat='35.18092655014' lon='126.90639128599' />
  <node id='-26260' action='modify' visible='true' lat='35.18091684882' lon='126.90639129326' />
  <node id='-26261' action='modify' visible='true' lat='35.1809070639' lon='126.90639029915' />
  <node id='-26262' action='modify' visible='true' lat='35.18089745437' lon='126.90638907175' />
  <node id='-26263' action='modify' visible='true' lat='35.18088819289' lon='126.90638804696' />
  <node id='-26264' action='modify' visible='true' lat='35.1808788158' lon='126.90638696305' />
  <node id='-26265' action='modify' visible='true' lat='35.18086945586' lon='126.90638569742' />
  <node id='-26266' action='modify' visible='true' lat='35.18086008875' lon='126.90638437944' />
  <node id='-26267' action='modify' visible='true' lat='35.18085039317' lon='126.90638278003' />
  <node id='-26268' action='modify' visible='true' lat='35.18084134424' lon='126.90638112759' />
  <node id='-26269' action='modify' visible='true' lat='35.18083102569' lon='126.90637826025' />
  <node id='-26270' action='modify' visible='true' lat='35.18082166264' lon='126.90637535708' />
  <node id='-26271' action='modify' visible='true' lat='35.18081286585' lon='126.90637218128' />
  <node id='-26272' action='modify' visible='true' lat='35.18080249351' lon='126.90636831279' />
  <node id='-26273' action='modify' visible='true' lat='35.18079249808' lon='126.90636415742' />
  <node id='-26274' action='modify' visible='true' lat='35.1807825972' lon='126.90635999578' />
  <node id='-26275' action='modify' visible='true' lat='35.18077272469' lon='126.90635497036' />
  <node id='-26276' action='modify' visible='true' lat='35.18076345734' lon='126.90634922288' />
  <node id='-26277' action='modify' visible='true' lat='35.18075497138' lon='126.9063428639' />
  <node id='-26278' action='modify' visible='true' lat='35.18074677036' lon='126.90633632128' />
  <node id='-26279' action='modify' visible='true' lat='35.18073853975' lon='126.90632924434' />
  <node id='-26280' action='modify' visible='true' lat='35.18073058461' lon='126.90632207305' />
  <node id='-26281' action='modify' visible='true' lat='35.18072325678' lon='126.90631438043' />
  <node id='-26282' action='modify' visible='true' lat='35.18071624636' lon='126.90630614217' />
  <node id='-26283' action='modify' visible='true' lat='35.18070906916' lon='126.90629681327' />
  <node id='-26284' action='modify' visible='true' lat='35.18070404245' lon='126.90628673965' />
  <node id='-26285' action='modify' visible='true' lat='35.18069987039' lon='126.90627609237' />
  <node id='-26286' action='modify' visible='true' lat='35.18069608087' lon='126.90626555013' />
  <node id='-26287' action='modify' visible='true' lat='35.18069242155' lon='126.90625473489' />
  <node id='-26288' action='modify' visible='true' lat='35.18068916813' lon='126.90624420629' />
  <node id='-26289' action='modify' visible='true' lat='35.18068642462' lon='126.90623325228' />
  <node id='-26290' action='modify' visible='true' lat='35.18068376805' lon='126.90622195876' />
  <node id='-26291' action='modify' visible='true' lat='35.18068128831' lon='126.90621099128' />
  <node id='-26292' action='modify' visible='true' lat='35.18067893793' lon='126.90619991736' />
  <node id='-26293' action='modify' visible='true' lat='35.18067667281' lon='126.90618875069' />
  <node id='-26294' action='modify' visible='true' lat='35.18067411409' lon='126.90617600001' />
  <node id='-26295' action='modify' visible='true' lat='35.18067172139' lon='126.9061652296' />
  <node id='-26296' action='modify' visible='true' lat='35.18066938989' lon='126.90615435684' />
  <node id='-26297' action='modify' visible='true' lat='35.18066711261' lon='126.90614337378' />
  <node id='-26298' action='modify' visible='true' lat='35.18066498684' lon='126.906132657' />
  <node id='-26299' action='modify' visible='true' lat='35.180662717' lon='126.90612046565' />
  <node id='-26300' action='modify' visible='true' lat='35.18066048057' lon='126.90610764983' />
  <node id='-26301' action='modify' visible='true' lat='35.18065825985' lon='126.90609483478' />
  <node id='-26302' action='modify' visible='true' lat='35.18065571151' lon='126.90608210274' />
  <node id='-26303' action='modify' visible='true' lat='35.18065328718' lon='126.90606942414' />
  <node id='-26304' action='modify' visible='true' lat='35.18065099843' lon='126.90605678832' />
  <node id='-26305' action='modify' visible='true' lat='35.18064881141' lon='126.90604607471' />
  <node id='-26306' action='modify' visible='true' lat='35.18064643457' lon='126.90603445493' />
  <node id='-26307' action='modify' visible='true' lat='35.18064380711' lon='126.90602295104' />
  <node id='-26308' action='modify' visible='true' lat='35.18064104328' lon='126.9060107141' />
  <node id='-26309' action='modify' visible='true' lat='35.18063840836' lon='126.90599838259' />
  <node id='-26310' action='modify' visible='true' lat='35.18063585248' lon='126.90598604712' />
  <node id='-26311' action='modify' visible='true' lat='35.18063362714' lon='126.90597471428' />
  <node id='-26312' action='modify' visible='true' lat='35.18063156154' lon='126.90596329952' />
  <node id='-26313' action='modify' visible='true' lat='35.18062944116' lon='126.90595206267' />
  <node id='-26314' action='modify' visible='true' lat='35.1806268321' lon='126.90594071061' />
  <node id='-26315' action='modify' visible='true' lat='35.18062446397' lon='126.90592934395' />
  <node id='-26316' action='modify' visible='true' lat='35.18062184227' lon='126.90591839601' />
  <node id='-26317' action='modify' visible='true' lat='35.18061923161' lon='126.90590725397' />
  <node id='-26318' action='modify' visible='true' lat='35.18061668508' lon='126.9058962408' />
  <node id='-26319' action='modify' visible='true' lat='35.18061435441' lon='126.90588529846' />
  <node id='-26320' action='modify' visible='true' lat='35.18061202113' lon='126.90587433893' />
  <node id='-26321' action='modify' visible='true' lat='35.18060966301' lon='126.90586322388' />
  <node id='-26322' action='modify' visible='true' lat='35.18060741755' lon='126.90585217858' />
  <node id='-26323' action='modify' visible='true' lat='35.18060520963' lon='126.90584124574' />
  <node id='-26324' action='modify' visible='true' lat='35.18060305827' lon='126.90583039979' />
  <node id='-26325' action='modify' visible='true' lat='35.1806008714' lon='126.90581934703' />
  <node id='-26326' action='modify' visible='true' lat='35.18059845743' lon='126.90580850187' />
  <node id='-26327' action='modify' visible='true' lat='35.18059593602' lon='126.90579763346' />
  <node id='-26328' action='modify' visible='true' lat='35.18059326128' lon='126.90578671595' />
  <node id='-26329' action='modify' visible='true' lat='35.18059031078' lon='126.90577406299' />
  <node id='-26330' action='modify' visible='true' lat='35.18058794606' lon='126.90576314923' />
  <node id='-26331' action='modify' visible='true' lat='35.18058565233' lon='126.90575191465' />
  <node id='-26332' action='modify' visible='true' lat='35.18058352477' lon='126.90574120858' />
  <node id='-26333' action='modify' visible='true' lat='35.18058116781' lon='126.90573015197' />
  <node id='-26334' action='modify' visible='true' lat='35.180578205' lon='126.90571950945' />
  <node id='-26335' action='modify' visible='true' lat='35.18057525216' lon='126.90570875451' />
  <node id='-26336' action='modify' visible='true' lat='35.18057230972' lon='126.905697712' />
  <node id='-26337' action='modify' visible='true' lat='35.1805694686' lon='126.90568671843' />
  <node id='-26338' action='modify' visible='true' lat='35.18056685611' lon='126.90567600104' />
  <node id='-26339' action='modify' visible='true' lat='35.18056358356' lon='126.90566422996' />
  <node id='-26340' action='modify' visible='true' lat='35.18056082176' lon='126.9056527158' />
  <node id='-26341' action='modify' visible='true' lat='35.18055817048' lon='126.90563980287' />
  <node id='-26342' action='modify' visible='true' lat='35.18055529383' lon='126.90562731335' />
  <node id='-26343' action='modify' visible='true' lat='35.18055256763' lon='126.90561493564' />
  <node id='-26344' action='modify' visible='true' lat='35.18055018514' lon='126.90560370257' />
  <node id='-26345' action='modify' visible='true' lat='35.18054703836' lon='126.90559033609' />
  <node id='-26346' action='modify' visible='true' lat='35.18053736243' lon='126.90559380029' />
  <node id='-26347' action='modify' visible='true' lat='35.18052757053' lon='126.90559694768' />
  <node id='-26348' action='modify' visible='true' lat='35.18051683402' lon='126.90560013901' />
  <node id='-26349' action='modify' visible='true' lat='35.18050690298' lon='126.90560320221' />
  <node id='-26350' action='modify' visible='true' lat='35.18049691741' lon='126.90560631715' />
  <node id='-26351' action='modify' visible='true' lat='35.18047943365' lon='126.90561074756' />
  <node id='-26352' action='modify' visible='true' lat='35.18047073847' lon='126.90561395272' />
  <node id='-26353' action='modify' visible='true' lat='35.1804614317' lon='126.90561743867' />
  <node id='-26354' action='modify' visible='true' lat='35.1804518298' lon='126.90562089969' />
  <node id='-26355' action='modify' visible='true' lat='35.18044194359' lon='126.90562435352' />
  <node id='-26356' action='modify' visible='true' lat='35.18043236353' lon='126.90562799034' />
  <node id='-26357' action='modify' visible='true' lat='35.18042239064' lon='126.90563159865' />
  <node id='-26358' action='modify' visible='true' lat='35.18041304418' lon='126.90563465261' />
  <node id='-26359' action='modify' visible='true' lat='35.18040203386' lon='126.90563820153' />
  <node id='-26360' action='modify' visible='true' lat='35.18039192498' lon='126.90564132611' />
  <node id='-26361' action='modify' visible='true' lat='35.18038089306' lon='126.90564550646' />
  <node id='-26362' action='modify' visible='true' lat='35.18037085426' lon='126.90564938126' />
  <node id='-26363' action='modify' visible='true' lat='35.18035873897' lon='126.905653862' />
  <node id='-26364' action='modify' visible='true' lat='35.18034752779' lon='126.90565777956' />
  <node id='-26365' action='modify' visible='true' lat='35.18033790227' lon='126.90566090765' />
  <node id='-26366' action='modify' visible='true' lat='35.18032631516' lon='126.90566474333' />
  <node id='-26367' action='modify' visible='true' lat='35.18031698331' lon='126.90566824673' />
  <node id='-26368' action='modify' visible='true' lat='35.18030680295' lon='126.90567183518' />
  <node id='-26369' action='modify' visible='true' lat='35.18029696288' lon='126.90567514815' />
  <node id='-26370' action='modify' visible='true' lat='35.18028728701' lon='126.90567854329' />
  <node id='-26371' action='modify' visible='true' lat='35.18027697021' lon='126.90568247912' />
  <node id='-26372' action='modify' visible='true' lat='35.18026565333' lon='126.9056870617' />
  <node id='-26373' action='modify' visible='true' lat='35.18025625597' lon='126.90569030412' />
  <node id='-26374' action='modify' visible='true' lat='35.18024665292' lon='126.90569373896' />
  <node id='-26375' action='modify' visible='true' lat='35.18023748702' lon='126.90569770967' />
  <node id='-26376' action='modify' visible='true' lat='35.18022819765' lon='126.90570122461' />
  <node id='-26377' action='modify' visible='true' lat='35.18021698661' lon='126.90570498672' />
  <node id='-26378' action='modify' visible='true' lat='35.18020758825' lon='126.90570792826' />
  <node id='-26379' action='modify' visible='true' lat='35.1801985405' lon='126.9057104561' />
  <node id='-26380' action='modify' visible='true' lat='35.180186746' lon='126.9057138502' />
  <node id='-26381' action='modify' visible='true' lat='35.18017599001' lon='126.90571775998' />
  <node id='-26382' action='modify' visible='true' lat='35.1801669404' lon='126.90572091397' />
  <node id='-26383' action='modify' visible='true' lat='35.18015801551' lon='126.90572381043' />
  <node id='-26384' action='modify' visible='true' lat='35.18014712496' lon='126.90572676214' />
  <node id='-26385' action='modify' visible='true' lat='35.18013790218' lon='126.90572911413' />
  <node id='-26386' action='modify' visible='true' lat='35.18012611188' lon='126.90573178741' />
  <node id='-26387' action='modify' visible='true' lat='35.18011734355' lon='126.90573475271' />
  <node id='-26388' action='modify' visible='true' lat='35.18010660052' lon='126.90573834768' />
  <node id='-26389' action='modify' visible='true' lat='35.18009596148' lon='126.90574178427' />
  <node id='-26390' action='modify' visible='true' lat='35.18008535739' lon='126.90574490872' />
  <node id='-26391' action='modify' visible='true' lat='35.18007527965' lon='126.90574758325' />
  <node id='-26392' action='modify' visible='true' lat='35.18006481219' lon='126.90575028084' />
  <node id='-26393' action='modify' visible='true' lat='35.18005310251' lon='126.90575365156' />
  <node id='-26394' action='modify' visible='true' lat='35.18004301309' lon='126.90575677599' />
  <node id='-26395' action='modify' visible='true' lat='35.18003224677' lon='126.90576064978' />
  <node id='-26396' action='modify' visible='true' lat='35.18002200091' lon='126.90576430717' />
  <node id='-26397' action='modify' visible='true' lat='35.18001192991' lon='126.905767815' />
  <node id='-26398' action='modify' visible='true' lat='35.18000159258' lon='126.90577149857' />
  <node id='-26399' action='modify' visible='true' lat='35.17999117063' lon='126.90577529423' />
  <node id='-26400' action='modify' visible='true' lat='35.17998016895' lon='126.90577921064' />
  <node id='-26401' action='modify' visible='true' lat='35.17997082268' lon='126.90578243741' />
  <node id='-26402' action='modify' visible='true' lat='35.17996078041' lon='126.90578560014' />
  <node id='-26403' action='modify' visible='true' lat='35.17995084114' lon='126.90578902685' />
  <node id='-26404' action='modify' visible='true' lat='35.17994148123' lon='126.90579240789' />
  <node id='-26405' action='modify' visible='true' lat='35.17993272011' lon='126.90579535664' />
  <node id='-26406' action='modify' visible='true' lat='35.17992387365' lon='126.90579874629' />
  <node id='-26407' action='modify' visible='true' lat='35.17991441966' lon='126.90580237395' />
  <node id='-26408' action='modify' visible='true' lat='35.17990279822' lon='126.90580641242' />
  <node id='-26409' action='modify' visible='true' lat='35.17989327431' lon='126.90580964039' />
  <node id='-26410' action='modify' visible='true' lat='35.17988424538' lon='126.90581291873' />
  <node id='-26411' action='modify' visible='true' lat='35.17987408784' lon='126.90581652657' />
  <node id='-26412' action='modify' visible='true' lat='35.17986378287' lon='126.90581999009' />
  <node id='-26413' action='modify' visible='true' lat='35.17985390739' lon='126.90582313836' />
  <node id='-26414' action='modify' visible='true' lat='35.17984405691' lon='126.90582603433' />
  <node id='-26415' action='modify' visible='true' lat='35.17983379017' lon='126.90582869787' />
  <node id='-26416' action='modify' visible='true' lat='35.17982437731' lon='126.90583113498' />
  <node id='-26417' action='modify' visible='true' lat='35.17981547669' lon='126.90583415456' />
  <node id='-26418' action='modify' visible='true' lat='35.17980656905' lon='126.90583780614' />
  <node id='-26419' action='modify' visible='true' lat='35.17979765229' lon='126.90584108156' />
  <node id='-26420' action='modify' visible='true' lat='35.17978722773' lon='126.90584410074' />
  <node id='-26421' action='modify' visible='true' lat='35.17977813204' lon='126.90584694253' />
  <node id='-26422' action='modify' visible='true' lat='35.17976712334' lon='126.90585070951' />
  <node id='-26423' action='modify' visible='true' lat='35.17975737511' lon='126.90585429436' />
  <node id='-26424' action='modify' visible='true' lat='35.17974742238' lon='126.90585786187' />
  <node id='-26425' action='modify' visible='true' lat='35.17973754132' lon='126.90586132589' />
  <node id='-26426' action='modify' visible='true' lat='35.17972753031' lon='126.90586468543' />
  <node id='-26427' action='modify' visible='true' lat='35.17971725987' lon='126.90586792592' />
  <node id='-26428' action='modify' visible='true' lat='35.17970718719' lon='126.90587127514' />
  <node id='-26429' action='modify' visible='true' lat='35.17969705365' lon='126.90587450914' />
  <node id='-26430' action='modify' visible='true' lat='35.17968780637' lon='126.90587726794' />
  <node id='-26431' action='modify' visible='true' lat='35.17967857483' lon='126.90587995475' />
  <node id='-26432' action='modify' visible='true' lat='35.179668713' lon='126.90588404954' />
  <node id='-26433' action='modify' visible='true' lat='35.17965986108' lon='126.90588811758' />
  <node id='-26434' action='modify' visible='true' lat='35.17965098386' lon='126.90589180028' />
  <node id='-26435' action='modify' visible='true' lat='35.17964177309' lon='126.90589523075' />
  <node id='-26436' action='modify' visible='true' lat='35.17963282902' lon='126.90589834514' />
  <node id='-26437' action='modify' visible='true' lat='35.17962380578' lon='126.90590134775' />
  <node id='-26438' action='modify' visible='true' lat='35.17961461468' lon='126.90590422921' />
  <node id='-26439' action='modify' visible='true' lat='35.17960559448' lon='126.90590682322' />
  <node id='-26440' action='modify' visible='true' lat='35.17959546909' lon='126.90590985649' />
  <node id='-26441' action='modify' visible='true' lat='35.17958517218' lon='126.90591369868' />
  <node id='-26442' action='modify' visible='true' lat='35.17957650642' lon='126.90591693761' />
  <node id='-26443' action='modify' visible='true' lat='35.17956777634' lon='126.9059198699' />
  <node id='-26444' action='modify' visible='true' lat='35.17955879379' lon='126.90592256142' />
  <node id='-26445' action='modify' visible='true' lat='35.17954983307' lon='126.90592514242' />
  <node id='-26446' action='modify' visible='true' lat='35.17953939406' lon='126.90592789472' />
  <node id='-26447' action='modify' visible='true' lat='35.17953042357' lon='126.90593009799' />
  <node id='-26448' action='modify' visible='true' lat='35.17951985117' lon='126.90593248297' />
  <node id='-26449' action='modify' visible='true' lat='35.17950966983' lon='126.90593482638' />
  <node id='-26450' action='modify' visible='true' lat='35.17950084808' lon='126.90593756118' />
  <node id='-26451' action='modify' visible='true' lat='35.17949192455' lon='126.90594030408' />
  <node id='-26452' action='modify' visible='true' lat='35.1794827974' lon='126.9059429025' />
  <node id='-26453' action='modify' visible='true' lat='35.17947380423' lon='126.90594559579' />
  <node id='-26454' action='modify' visible='true' lat='35.17946377699' lon='126.90594873272' />
  <node id='-26455' action='modify' visible='true' lat='35.17945477275' lon='126.9059516335' />
  <node id='-26456' action='modify' visible='true' lat='35.17944600459' lon='126.90595458306' />
  <node id='-26457' action='modify' visible='true' lat='35.17943727906' lon='126.90595751636' />
  <node id='-26458' action='modify' visible='true' lat='35.17942846097' lon='126.90596021156' />
  <node id='-26459' action='modify' visible='true' lat='35.17941960017' lon='126.90596275238' />
  <node id='-26460' action='modify' visible='true' lat='35.17940965031' lon='126.90596581795' />
  <node id='-26461' action='modify' visible='true' lat='35.17940099006' lon='126.90596891062' />
  <node id='-26462' action='modify' visible='true' lat='35.17939042123' lon='126.90597301695' />
  <node id='-26463' action='modify' visible='true' lat='35.17938178071' lon='126.90597630426' />
  <node id='-26464' action='modify' visible='true' lat='35.1793718172' lon='126.90597989682' />
  <node id='-26465' action='modify' visible='true' lat='35.17936278309' lon='126.90598298689' />
  <node id='-26466' action='modify' visible='true' lat='35.17935349859' lon='126.90598604368' />
  <node id='-26467' action='modify' visible='true' lat='35.17934446862' lon='126.90598928997' />
  <node id='-26468' action='modify' visible='true' lat='35.17933465318' lon='126.90599313243' />
  <node id='-26469' action='modify' visible='true' lat='35.17932552552' lon='126.9059965881' />
  <node id='-26470' action='modify' visible='true' lat='35.17931623562' lon='126.90599999289' />
  <node id='-26471' action='modify' visible='true' lat='35.1793065661' lon='126.90600330073' />
  <node id='-26472' action='modify' visible='true' lat='35.17929748837' lon='126.90600625508' />
  <node id='-26473' action='modify' visible='true' lat='35.17928829453' lon='126.90600911715' />
  <node id='-26474' action='modify' visible='true' lat='35.17927926687' lon='126.90601214351' />
  <node id='-26475' action='modify' visible='true' lat='35.17927034004' lon='126.90601506575' />
  <node id='-26476' action='modify' visible='true' lat='35.17926151688' lon='126.90601788162' />
  <node id='-26477' action='modify' visible='true' lat='35.17925256296' lon='126.90602072878' />
  <node id='-26478' action='modify' visible='true' lat='35.17924221434' lon='126.90602391163' />
  <node id='-26479' action='modify' visible='true' lat='35.17923183942' lon='126.90602708854' />
  <node id='-26480' action='modify' visible='true' lat='35.17922254469' lon='126.90602967708' />
  <node id='-26481' action='modify' visible='true' lat='35.17921283337' lon='126.90603225462' />
  <node id='-26482' action='modify' visible='true' lat='35.1792038516' lon='126.90603550397' />
  <node id='-26483' action='modify' visible='true' lat='35.17919396169' lon='126.90603978139' />
  <node id='-26484' action='modify' visible='true' lat='35.17918539867' lon='126.90604346118' />
  <node id='-26485' action='modify' visible='true' lat='35.17917522817' lon='126.90604700872' />
  <node id='-26486' action='modify' visible='true' lat='35.17916547237' lon='126.9060498135' />
  <node id='-26487' action='modify' visible='true' lat='35.17915570219' lon='126.90605263853' />
  <node id='-26488' action='modify' visible='true' lat='35.1791459793' lon='126.90605556494' />
  <node id='-26489' action='modify' visible='true' lat='35.17913713615' lon='126.90605814356' />
  <node id='-26490' action='modify' visible='true' lat='35.17912748424' lon='126.90606088728' />
  <node id='-26491' action='modify' visible='true' lat='35.17911711619' lon='126.90606363827' />
  <node id='-26492' action='modify' visible='true' lat='35.17910794649' lon='126.90606603561' />
  <node id='-26493' action='modify' visible='true' lat='35.17909809027' lon='126.90606884861' />
  <node id='-26494' action='modify' visible='true' lat='35.17908782556' lon='126.90607162576' />
  <node id='-26495' action='modify' visible='true' lat='35.17907865104' lon='126.90607398281' />
  <node id='-26496' action='modify' visible='true' lat='35.17906869722' lon='126.90607762652' />
  <node id='-26497' action='modify' visible='true' lat='35.17905983532' lon='126.90608090332' />
  <node id='-26498' action='modify' visible='true' lat='35.17905113788' lon='126.90608400132' />
  <node id='-26499' action='modify' visible='true' lat='35.17904176861' lon='126.90608737026' />
  <node id='-26500' action='modify' visible='true' lat='35.17903217273' lon='126.90609086422' />
  <node id='-26501' action='modify' visible='true' lat='35.17902261326' lon='126.9060942679' />
  <node id='-26502' action='modify' visible='true' lat='35.17901347479' lon='126.90609729336' />
  <node id='-26503' action='modify' visible='true' lat='35.17900406426' lon='126.90610057556' />
  <node id='-26504' action='modify' visible='true' lat='35.17899448739' lon='126.90610394333' />
  <node id='-26505' action='modify' visible='true' lat='35.17898431651' lon='126.90610734196' />
  <node id='-26506' action='modify' visible='true' lat='35.17897398819' lon='126.90611045766' />
  <node id='-26507' action='modify' visible='true' lat='35.17896384719' lon='126.90611338008' />
  <node id='-26508' action='modify' visible='true' lat='35.17895498696' lon='126.90611618875' />
  <node id='-26509' action='modify' visible='true' lat='35.17894636872' lon='126.9061193485' />
  <node id='-26510' action='modify' visible='true' lat='35.17893605225' lon='126.90612334016' />
  <node id='-26511' action='modify' visible='true' lat='35.17892603095' lon='126.90612708335' />
  <node id='-26512' action='modify' visible='true' lat='35.17891732216' lon='126.90613063869' />
  <node id='-26513' action='modify' visible='true' lat='35.17890819032' lon='126.9061345334' />
  <node id='-26514' action='modify' visible='true' lat='35.17889873871' lon='126.90613839098' />
  <node id='-26515' action='modify' visible='true' lat='35.17888972708' lon='126.90614215686' />
  <node id='-26516' action='modify' visible='true' lat='35.17888088252' lon='126.90614579983' />
  <node id='-26517' action='modify' visible='true' lat='35.17887187262' lon='126.90614927614' />
  <node id='-26518' action='modify' visible='true' lat='35.17886245838' lon='126.90615275805' />
  <node id='-26519' action='modify' visible='true' lat='35.17885344988' lon='126.90615586155' />
  <node id='-26520' action='modify' visible='true' lat='35.17884419142' lon='126.90615889321' />
  <node id='-26521' action='modify' visible='true' lat='35.17883484669' lon='126.90616239331' />
  <node id='-26522' action='modify' visible='true' lat='35.17882556328' lon='126.90616578772' />
  <node id='-26523' action='modify' visible='true' lat='35.17881632644' lon='126.90616921833' />
  <node id='-26524' action='modify' visible='true' lat='35.17880682742' lon='126.90617270484' />
  <node id='-26525' action='modify' visible='true' lat='35.17879727136' lon='126.90617650495' />
  <node id='-26526' action='modify' visible='true' lat='35.17878810989' lon='126.90618032434' />
  <node id='-26527' action='modify' visible='true' lat='35.17877951338' lon='126.90618451818' />
  <node id='-26528' action='modify' visible='true' lat='35.17877059356' lon='126.9061893296' />
  <node id='-26529' action='modify' visible='true' lat='35.17876274812' lon='126.90619489093' />
  <node id='-26530' action='modify' visible='true' lat='35.17875438045' lon='126.90620240574' />
  <node id='-26531' action='modify' visible='true' lat='35.17874684794' lon='126.90621180804' />
  <node id='-26532' action='modify' visible='true' lat='35.17874061022' lon='126.90622054647' />
  <node id='-26533' action='modify' visible='true' lat='35.17873446826' lon='126.90622926997' />
  <node id='-26534' action='modify' visible='true' lat='35.17873169326' lon='126.90623485411' />
  <node id='-26535' action='modify' visible='true' lat='35.17872874522' lon='126.90624544982' />
  <node id='-26536' action='modify' visible='true' lat='35.17872654374' lon='126.90625650027' />
  <node id='-26537' action='modify' visible='true' lat='35.17872577988' lon='126.90626770861' />
  <node id='-26538' action='modify' visible='true' lat='35.1787253681' lon='126.90627927099' />
  <node id='-26539' action='modify' visible='true' lat='35.17872569637' lon='126.90628601995' />
  <node id='-26540' action='modify' visible='true' lat='35.17872800713' lon='126.90629703859' />
  <node id='-26541' action='modify' visible='true' lat='35.1787319688' lon='126.9063072249' />
  <node id='-26542' action='modify' visible='true' lat='35.17873757673' lon='126.90631694653' />
  <node id='-26543' action='modify' visible='true' lat='35.17874391792' lon='126.90632619471' />
  <node id='-26544' action='modify' visible='true' lat='35.17875059181' lon='126.90633405598' />
  <node id='-26545' action='modify' visible='true' lat='35.17875803936' lon='126.90634120193' />
  <node id='-26546' action='modify' visible='true' lat='35.17876548946' lon='126.90634775605' />
  <node id='-26547' action='modify' visible='true' lat='35.17877337248' lon='126.90635421555' />
  <node id='-26548' action='modify' visible='true' lat='35.17878208428' lon='126.90636125476' />
  <node id='-26549' action='modify' visible='true' lat='35.17879098496' lon='126.90636834224' />
  <node id='-26550' action='modify' visible='true' lat='35.17879973099' lon='126.90637542775' />
  <node id='-26551' action='modify' visible='true' lat='35.17880859118' lon='126.90638229034' />
  <node id='-26552' action='modify' visible='true' lat='35.17881732931' lon='126.90638933232' />
  <node id='-26553' action='modify' visible='true' lat='35.17882542628' lon='126.90639589834' />
  <node id='-26554' action='modify' visible='true' lat='35.17883303773' lon='126.90640250764' />
  <node id='-26555' action='modify' visible='true' lat='35.17884212794' lon='126.90640964137' />
  <node id='-26556' action='modify' visible='true' lat='35.17885107492' lon='126.90641678146' />
  <node id='-26557' action='modify' visible='true' lat='35.17885855407' lon='126.9064230109' />
  <node id='-26558' action='modify' visible='true' lat='35.17886627526' lon='126.90642943535' />
  <node id='-26559' action='modify' visible='true' lat='35.17887443768' lon='126.90643459157' />
  <node id='-26560' action='modify' visible='true' lat='35.17888282113' lon='126.90643971431' />
  <node id='-26561' action='modify' visible='true' lat='35.17889267321' lon='126.90644591271' />
  <node id='-26562' action='modify' visible='true' lat='35.17890155484' lon='126.90645125472' />
  <node id='-26563' action='modify' visible='true' lat='35.17891144819' lon='126.90645678524' />
  <node id='-26564' action='modify' visible='true' lat='35.17892000274' lon='126.90646214545' />
  <node id='-26565' action='modify' visible='true' lat='35.17892919916' lon='126.90646889807' />
  <node id='-26566' action='modify' visible='true' lat='35.17893788785' lon='126.90647530132' />
  <node id='-26567' action='modify' visible='true' lat='35.17894704306' lon='126.9064820736' />
  <node id='-26568' action='modify' visible='true' lat='35.1789553463' lon='126.90648829356' />
  <node id='-26569' action='modify' visible='true' lat='35.17896442278' lon='126.90649532562' />
  <node id='-26570' action='modify' visible='true' lat='35.17897326098' lon='126.90650247531' />
  <node id='-26571' action='modify' visible='true' lat='35.17898154629' lon='126.90650951184' />
  <node id='-26572' action='modify' visible='true' lat='35.17898935667' lon='126.90651557372' />
  <node id='-26573' action='modify' visible='true' lat='35.17899743367' lon='126.9065210643' />
  <node id='-26574' action='modify' visible='true' lat='35.17900625021' lon='126.90652716053' />
  <node id='-26575' action='modify' visible='true' lat='35.17901570645' lon='126.90653298123' />
  <node id='-26576' action='modify' visible='true' lat='35.17902226762' lon='126.90653391806' />
  <node id='-26577' action='modify' visible='true' lat='35.1790322559' lon='126.90653392883' />
  <node id='-26578' action='modify' visible='true' lat='35.17904412371' lon='126.90653392633' />
  <node id='-26579' action='modify' visible='true' lat='35.17905150114' lon='126.90653253086' />
  <node id='-26580' action='modify' visible='true' lat='35.179060532' lon='126.90652909651' />
  <node id='-26581' action='modify' visible='true' lat='35.17906933116' lon='126.90652561985' />
  <node id='-26582' action='modify' visible='true' lat='35.17907993289' lon='126.9065215294' />
  <node id='-26583' action='modify' visible='true' lat='35.17909120006' lon='126.90651665461' />
  <node id='-26584' action='modify' visible='true' lat='35.17910170581' lon='126.90651111886' />
  <node id='-26585' action='modify' visible='true' lat='35.17911197106' lon='126.90650608924' />
  <node id='-26586' action='modify' visible='true' lat='35.17912066232' lon='126.90650210827' />
  <node id='-26587' action='modify' visible='true' lat='35.17912936963' lon='126.90649872109' />
  <node id='-26588' action='modify' visible='true' lat='35.1791400754' lon='126.90649507061' />
  <node id='-26589' action='modify' visible='true' lat='35.17914898406' lon='126.90649227799' />
  <node id='-26590' action='modify' visible='true' lat='35.17916042552' lon='126.90648901888' />
  <node id='-26591' action='modify' visible='true' lat='35.17917177716' lon='126.90648604614' />
  <node id='-26592' action='modify' visible='true' lat='35.17918215515' lon='126.90648283516' />
  <node id='-26593' action='modify' visible='true' lat='35.17919171258' lon='126.90647988574' />
  <node id='-26594' action='modify' visible='true' lat='35.17920229776' lon='126.90647679527' />
  <node id='-26595' action='modify' visible='true' lat='35.17921190054' lon='126.90647363635' />
  <node id='-26596' action='modify' visible='true' lat='35.17922226788' lon='126.90646995266' />
  <node id='-26597' action='modify' visible='true' lat='35.17923231068' lon='126.90646645757' />
  <node id='-26598' action='modify' visible='true' lat='35.17924279677' lon='126.9064627318' />
  <node id='-26599' action='modify' visible='true' lat='35.17925218467' lon='126.90645919068' />
  <node id='-26600' action='modify' visible='true' lat='35.17926209724' lon='126.90645563418' />
  <node id='-26601' action='modify' visible='true' lat='35.17927204312' lon='126.90645203561' />
  <node id='-26602' action='modify' visible='true' lat='35.17928267663' lon='126.9064479852' />
  <node id='-26603' action='modify' visible='true' lat='35.17929300684' lon='126.90644409914' />
  <node id='-26604' action='modify' visible='true' lat='35.17930237479' lon='126.90644092353' />
  <node id='-26605' action='modify' visible='true' lat='35.17931202795' lon='126.90643748392' />
  <node id='-26606' action='modify' visible='true' lat='35.17932303037' lon='126.90643332075' />
  <node id='-26607' action='modify' visible='true' lat='35.17933280711' lon='126.9064297374' />
  <node id='-26608' action='modify' visible='true' lat='35.17934153522' lon='126.90642670621' />
  <node id='-26609' action='modify' visible='true' lat='35.17935256322' lon='126.90642314345' />
  <node id='-26610' action='modify' visible='true' lat='35.1793615237' lon='126.90642027693' />
  <node id='-26611' action='modify' visible='true' lat='35.17937246501' lon='126.90641617992' />
  <node id='-26612' action='modify' visible='true' lat='35.17938177606' lon='126.9064126333' />
  <node id='-26613' action='modify' visible='true' lat='35.17939134123' lon='126.9064090816' />
  <node id='-26614' action='modify' visible='true' lat='35.17940207421' lon='126.9064051991' />
  <node id='-26615' action='modify' visible='true' lat='35.17941288024' lon='126.90640150406' />
  <node id='-26616' action='modify' visible='true' lat='35.17942303334' lon='126.90639795637' />
  <node id='-26617' action='modify' visible='true' lat='35.17943273691' lon='126.90639432202' />
  <node id='-27652' action='modify' visible='true' lat='35.1800942465' lon='126.90578112125' />
  <node id='-28763' action='modify' visible='true' lat='35.18053210159' lon='126.90551636583' />
  <way id='-579' action='modify' visible='true'>
    <nd ref='-25833' />
    <nd ref='-25834' />
    <nd ref='-25835' />
    <nd ref='-25836' />
    <nd ref='-25837' />
    <nd ref='-25838' />
    <nd ref='-25839' />
    <nd ref='-25840' />
    <nd ref='-25841' />
    <nd ref='-25842' />
    <nd ref='-25843' />
    <nd ref='-25844' />
    <nd ref='-25845' />
    <nd ref='-25846' />
    <nd ref='-25847' />
    <nd ref='-25848' />
    <nd ref='-25849' />
    <nd ref='-25850' />
    <nd ref='-25851' />
    <nd ref='-25852' />
    <nd ref='-25853' />
    <nd ref='-25854' />
    <nd ref='-25855' />
    <nd ref='-25856' />
    <nd ref='-25857' />
    <nd ref='-25858' />
    <nd ref='-25859' />
    <nd ref='-25860' />
    <nd ref='-25861' />
    <nd ref='-25862' />
    <nd ref='-25863' />
    <nd ref='-25864' />
    <nd ref='-25865' />
    <nd ref='-25866' />
    <nd ref='-25867' />
    <nd ref='-25868' />
    <nd ref='-25869' />
    <nd ref='-25870' />
    <nd ref='-25871' />
    <nd ref='-25872' />
    <nd ref='-25873' />
    <nd ref='-25874' />
    <nd ref='-25875' />
    <nd ref='-25876' />
    <nd ref='-25877' />
    <nd ref='-25878' />
    <nd ref='-25879' />
    <nd ref='-25880' />
    <nd ref='-25881' />
    <nd ref='-25882' />
    <nd ref='-25883' />
    <nd ref='-25884' />
    <nd ref='-25885' />
    <nd ref='-25886' />
    <nd ref='-25887' />
    <nd ref='-25888' />
    <nd ref='-25889' />
    <nd ref='-25890' />
    <nd ref='-25891' />
    <nd ref='-25892' />
    <nd ref='-25893' />
    <nd ref='-25894' />
    <nd ref='-25895' />
    <nd ref='-25896' />
    <nd ref='-25897' />
    <nd ref='-25898' />
    <nd ref='-25899' />
    <nd ref='-25900' />
    <nd ref='-25901' />
    <nd ref='-25902' />
    <nd ref='-25903' />
    <nd ref='-25904' />
    <nd ref='-25905' />
    <nd ref='-25906' />
    <nd ref='-25907' />
    <nd ref='-25908' />
    <nd ref='-25909' />
    <nd ref='-25910' />
    <nd ref='-25911' />
    <nd ref='-25912' />
    <nd ref='-25913' />
    <nd ref='-25914' />
    <nd ref='-25915' />
    <nd ref='-25916' />
    <nd ref='-25917' />
    <nd ref='-25918' />
    <nd ref='-25919' />
    <nd ref='-25920' />
    <nd ref='-25921' />
    <nd ref='-25922' />
    <nd ref='-25923' />
    <nd ref='-25924' />
    <nd ref='-25925' />
    <nd ref='-25926' />
    <nd ref='-25927' />
    <nd ref='-25928' />
    <nd ref='-25929' />
    <nd ref='-25930' />
    <nd ref='-25931' />
    <nd ref='-25932' />
    <nd ref='-25933' />
    <nd ref='-25934' />
    <nd ref='-25935' />
    <nd ref='-25936' />
    <nd ref='-25937' />
    <nd ref='-25938' />
    <nd ref='-25939' />
    <nd ref='-25940' />
    <nd ref='-25941' />
    <nd ref='-25942' />
    <nd ref='-25943' />
    <nd ref='-25944' />
    <nd ref='-25945' />
    <nd ref='-25946' />
    <nd ref='-25947' />
    <nd ref='-25948' />
    <nd ref='-25949' />
    <nd ref='-25950' />
    <nd ref='-25951' />
    <nd ref='-25952' />
    <nd ref='-25953' />
    <nd ref='-25954' />
    <nd ref='-25955' />
    <nd ref='-25956' />
    <nd ref='-25957' />
    <nd ref='-25958' />
    <nd ref='-25959' />
    <nd ref='-25960' />
    <nd ref='-25961' />
    <nd ref='-25962' />
    <nd ref='-25963' />
    <nd ref='-25964' />
    <nd ref='-25965' />
    <nd ref='-25966' />
    <nd ref='-25967' />
    <nd ref='-25968' />
    <nd ref='-25969' />
    <nd ref='-25970' />
    <nd ref='-25971' />
    <nd ref='-25972' />
    <nd ref='-25973' />
    <nd ref='-25974' />
    <nd ref='-25975' />
    <nd ref='-25976' />
    <nd ref='-25977' />
    <nd ref='-25978' />
    <nd ref='-25979' />
    <nd ref='-25980' />
    <nd ref='-25981' />
    <nd ref='-25982' />
    <nd ref='-25983' />
    <nd ref='-25984' />
    <nd ref='-25985' />
    <nd ref='-25986' />
    <nd ref='-25987' />
    <nd ref='-25988' />
    <nd ref='-25989' />
    <nd ref='-25990' />
    <nd ref='-25991' />
    <nd ref='-25992' />
    <nd ref='-25993' />
    <nd ref='-25994' />
    <nd ref='-25995' />
    <nd ref='-25996' />
    <nd ref='-25997' />
    <nd ref='-25998' />
    <nd ref='-25999' />
    <nd ref='-26000' />
    <nd ref='-26001' />
    <nd ref='-26002' />
    <nd ref='-26003' />
    <nd ref='-26004' />
    <nd ref='-26005' />
    <nd ref='-26006' />
    <nd ref='-26007' />
    <nd ref='-26008' />
    <nd ref='-26009' />
    <nd ref='-26010' />
    <nd ref='-26011' />
    <nd ref='-26012' />
    <nd ref='-26013' />
    <nd ref='-26014' />
    <nd ref='-26015' />
    <nd ref='-26016' />
    <nd ref='-26017' />
    <nd ref='-26018' />
    <nd ref='-26019' />
    <nd ref='-26020' />
    <nd ref='-26021' />
    <nd ref='-26022' />
    <nd ref='-26023' />
    <nd ref='-26024' />
    <nd ref='-26025' />
    <nd ref='-26026' />
    <nd ref='-26027' />
    <nd ref='-26028' />
    <nd ref='-26029' />
    <nd ref='-26030' />
    <nd ref='-26031' />
    <nd ref='-26032' />
    <nd ref='-26033' />
    <nd ref='-26034' />
    <nd ref='-26035' />
    <nd ref='-26036' />
    <nd ref='-26037' />
    <nd ref='-26038' />
    <nd ref='-26039' />
    <nd ref='-26040' />
    <nd ref='-26041' />
    <nd ref='-26042' />
    <nd ref='-26043' />
    <nd ref='-26044' />
    <nd ref='-26045' />
    <nd ref='-26046' />
    <nd ref='-26047' />
    <nd ref='-26048' />
    <nd ref='-26049' />
    <nd ref='-26050' />
    <nd ref='-26051' />
    <nd ref='-26052' />
    <nd ref='-26053' />
    <nd ref='-26054' />
    <nd ref='-26055' />
    <nd ref='-26056' />
    <nd ref='-26057' />
    <nd ref='-26058' />
    <nd ref='-26059' />
    <nd ref='-26060' />
    <nd ref='-26061' />
    <nd ref='-26062' />
    <nd ref='-26063' />
    <nd ref='-26064' />
    <nd ref='-26065' />
    <nd ref='-26066' />
    <nd ref='-26067' />
    <nd ref='-26068' />
    <nd ref='-26069' />
    <nd ref='-26070' />
    <nd ref='-26071' />
    <nd ref='-26072' />
    <nd ref='-26073' />
    <nd ref='-26074' />
    <nd ref='-26075' />
    <nd ref='-26076' />
    <nd ref='-26077' />
    <nd ref='-26078' />
    <nd ref='-26079' />
    <nd ref='-26080' />
    <nd ref='-26081' />
    <nd ref='-26082' />
    <nd ref='-26083' />
    <nd ref='-26084' />
    <nd ref='-26085' />
    <nd ref='-26086' />
    <nd ref='-26087' />
    <nd ref='-26088' />
    <nd ref='-26089' />
    <nd ref='-26090' />
    <nd ref='-26091' />
    <nd ref='-26092' />
    <nd ref='-26093' />
    <nd ref='-26094' />
    <nd ref='-26095' />
    <nd ref='-26096' />
    <nd ref='-26097' />
    <nd ref='-26098' />
    <nd ref='-26099' />
    <nd ref='-26100' />
    <nd ref='-26101' />
    <nd ref='-26102' />
    <nd ref='-26103' />
    <nd ref='-26104' />
    <nd ref='-26105' />
    <nd ref='-26106' />
    <nd ref='-26107' />
    <nd ref='-26108' />
    <nd ref='-26109' />
    <nd ref='-26110' />
    <nd ref='-26111' />
    <nd ref='-26112' />
    <nd ref='-26113' />
    <nd ref='-26114' />
    <nd ref='-26115' />
    <nd ref='-26116' />
    <nd ref='-26117' />
    <nd ref='-26118' />
    <nd ref='-26119' />
    <nd ref='-26120' />
    <nd ref='-26121' />
    <nd ref='-26122' />
    <nd ref='-26123' />
    <nd ref='-26124' />
    <nd ref='-26125' />
    <nd ref='-26126' />
    <nd ref='-26127' />
    <nd ref='-26128' />
    <nd ref='-26129' />
    <nd ref='-26130' />
    <nd ref='-26131' />
    <nd ref='-26132' />
    <nd ref='-26133' />
    <nd ref='-26134' />
    <nd ref='-26135' />
    <nd ref='-26136' />
    <nd ref='-26137' />
    <nd ref='-26138' />
    <nd ref='-26139' />
    <nd ref='-26140' />
    <nd ref='-26141' />
    <nd ref='-26142' />
    <nd ref='-26143' />
    <nd ref='-26144' />
    <nd ref='-26145' />
    <nd ref='-26146' />
    <nd ref='-26147' />
    <nd ref='-26148' />
    <nd ref='-26149' />
    <nd ref='-26150' />
    <nd ref='-26151' />
    <nd ref='-26152' />
    <nd ref='-26153' />
    <nd ref='-26154' />
    <nd ref='-26155' />
    <nd ref='-26156' />
    <nd ref='-26157' />
    <nd ref='-26158' />
    <nd ref='-26159' />
    <nd ref='-26160' />
    <nd ref='-26161' />
    <nd ref='-26162' />
    <nd ref='-26163' />
    <nd ref='-26164' />
    <nd ref='-26165' />
    <nd ref='-26166' />
    <nd ref='-26167' />
    <nd ref='-26168' />
    <nd ref='-26169' />
    <nd ref='-26170' />
    <nd ref='-26171' />
    <nd ref='-26172' />
    <nd ref='-26173' />
    <nd ref='-26174' />
    <nd ref='-26175' />
    <nd ref='-26176' />
    <nd ref='-26177' />
    <nd ref='-26178' />
    <nd ref='-26179' />
    <nd ref='-26180' />
    <nd ref='-26181' />
    <nd ref='-26182' />
    <nd ref='-26183' />
    <nd ref='-26184' />
    <nd ref='-26185' />
    <nd ref='-26186' />
    <nd ref='-26187' />
    <nd ref='-26188' />
    <nd ref='-26189' />
    <nd ref='-26190' />
    <nd ref='-26191' />
    <nd ref='-26192' />
    <nd ref='-26193' />
    <nd ref='-26194' />
    <nd ref='-26195' />
    <nd ref='-26196' />
    <nd ref='-26197' />
    <nd ref='-26198' />
    <nd ref='-26199' />
    <nd ref='-26200' />
    <nd ref='-26201' />
    <nd ref='-26202' />
    <nd ref='-26203' />
    <nd ref='-26204' />
    <nd ref='-26205' />
    <nd ref='-26206' />
    <nd ref='-26207' />
    <nd ref='-26208' />
    <nd ref='-26209' />
    <nd ref='-26210' />
    <nd ref='-26211' />
    <nd ref='-26212' />
    <nd ref='-26213' />
    <nd ref='-26214' />
    <nd ref='-26215' />
    <nd ref='-26216' />
    <nd ref='-26217' />
    <nd ref='-26218' />
    <nd ref='-26219' />
    <nd ref='-26220' />
    <nd ref='-26221' />
    <nd ref='-26222' />
    <nd ref='-26223' />
    <nd ref='-26224' />
    <nd ref='-26225' />
    <nd ref='-26226' />
    <nd ref='-26227' />
    <nd ref='-26228' />
    <nd ref='-26229' />
    <nd ref='-26230' />
    <nd ref='-26231' />
    <nd ref='-26232' />
    <nd ref='-26233' />
    <nd ref='-26234' />
    <nd ref='-26235' />
    <nd ref='-26236' />
    <nd ref='-26237' />
    <nd ref='-26238' />
    <nd ref='-26239' />
    <nd ref='-26240' />
    <nd ref='-26241' />
    <nd ref='-26242' />
    <nd ref='-26243' />
    <nd ref='-26244' />
    <nd ref='-26245' />
    <nd ref='-26246' />
    <nd ref='-26247' />
    <nd ref='-26248' />
    <nd ref='-26249' />
    <nd ref='-26250' />
    <nd ref='-26251' />
    <nd ref='-26252' />
    <nd ref='-26253' />
    <nd ref='-26254' />
    <nd ref='-26255' />
    <nd ref='-26256' />
    <nd ref='-26257' />
    <nd ref='-26258' />
    <nd ref='-26259' />
    <nd ref='-26260' />
    <nd ref='-26261' />
    <nd ref='-26262' />
    <nd ref='-26263' />
    <nd ref='-26264' />
    <nd ref='-26265' />
    <nd ref='-26266' />
    <nd ref='-26267' />
    <nd ref='-26268' />
    <nd ref='-26269' />
    <nd ref='-26270' />
    <nd ref='-26271' />
    <nd ref='-26272' />
    <nd ref='-26273' />
    <nd ref='-26274' />
    <nd ref='-26275' />
    <nd ref='-26276' />
    <nd ref='-26277' />
    <nd ref='-26278' />
    <nd ref='-26279' />
    <nd ref='-26280' />
    <nd ref='-26281' />
    <nd ref='-26282' />
    <nd ref='-26283' />
    <nd ref='-26284' />
    <nd ref='-26285' />
    <nd ref='-26286' />
    <nd ref='-26287' />
    <nd ref='-26288' />
    <nd ref='-26289' />
    <nd ref='-26290' />
    <nd ref='-26291' />
    <nd ref='-26292' />
    <nd ref='-26293' />
    <nd ref='-26294' />
    <nd ref='-26295' />
    <nd ref='-26296' />
    <nd ref='-26297' />
    <nd ref='-26298' />
    <nd ref='-26299' />
    <nd ref='-26300' />
    <nd ref='-26301' />
    <nd ref='-26302' />
    <nd ref='-26303' />
    <nd ref='-26304' />
    <nd ref='-26305' />
    <nd ref='-26306' />
    <nd ref='-26307' />
    <nd ref='-26308' />
    <nd ref='-26309' />
    <nd ref='-26310' />
    <nd ref='-26311' />
    <nd ref='-26312' />
    <nd ref='-26313' />
    <nd ref='-26314' />
    <nd ref='-26315' />
    <nd ref='-26316' />
    <nd ref='-26317' />
    <nd ref='-26318' />
    <nd ref='-26319' />
    <nd ref='-26320' />
    <nd ref='-26321' />
    <nd ref='-26322' />
    <nd ref='-26323' />
    <nd ref='-26324' />
    <nd ref='-26325' />
    <nd ref='-26326' />
    <nd ref='-26327' />
    <nd ref='-26328' />
    <nd ref='-26329' />
    <nd ref='-26330' />
    <nd ref='-26331' />
    <nd ref='-26332' />
    <nd ref='-26333' />
    <nd ref='-26334' />
    <nd ref='-26335' />
    <nd ref='-26336' />
    <nd ref='-26337' />
    <nd ref='-26338' />
    <nd ref='-26339' />
    <nd ref='-26340' />
    <nd ref='-26341' />
    <nd ref='-26342' />
    <nd ref='-26343' />
    <nd ref='-26344' />
    <nd ref='-26345' />
    <nd ref='-26346' />
    <nd ref='-26347' />
    <nd ref='-26348' />
    <nd ref='-26349' />
    <nd ref='-26350' />
    <nd ref='-26351' />
    <nd ref='-26352' />
    <nd ref='-26353' />
    <nd ref='-26354' />
    <nd ref='-26355' />
    <nd ref='-26356' />
    <nd ref='-26357' />
    <nd ref='-26358' />
    <nd ref='-26359' />
    <nd ref='-26360' />
    <nd ref='-26361' />
    <nd ref='-26362' />
    <nd ref='-26363' />
    <nd ref='-26364' />
    <nd ref='-26365' />
    <nd ref='-26366' />
    <nd ref='-26367' />
    <nd ref='-26368' />
    <nd ref='-26369' />
    <nd ref='-26370' />
    <nd ref='-26371' />
    <nd ref='-26372' />
    <nd ref='-26373' />
    <nd ref='-26374' />
    <nd ref='-26375' />
    <nd ref='-26376' />
    <nd ref='-26377' />
    <nd ref='-26378' />
    <nd ref='-26379' />
    <nd ref='-26380' />
    <nd ref='-26381' />
    <nd ref='-26382' />
    <nd ref='-26383' />
    <nd ref='-26384' />
    <nd ref='-26385' />
    <nd ref='-26386' />
    <nd ref='-26387' />
    <nd ref='-26388' />
    <nd ref='-26389' />
    <nd ref='-26390' />
    <nd ref='-26391' />
    <nd ref='-26392' />
    <nd ref='-26393' />
    <nd ref='-26394' />
    <nd ref='-26395' />
    <nd ref='-26396' />
    <nd ref='-26397' />
    <nd ref='-26398' />
    <nd ref='-26399' />
    <nd ref='-26400' />
    <nd ref='-26401' />
    <nd ref='-26402' />
    <nd ref='-26403' />
    <nd ref='-26404' />
    <nd ref='-26405' />
    <nd ref='-26406' />
    <nd ref='-26407' />
    <nd ref='-26408' />
    <nd ref='-26409' />
    <nd ref='-26410' />
    <nd ref='-26411' />
    <nd ref='-26412' />
    <nd ref='-26413' />
    <nd ref='-26414' />
    <nd ref='-26415' />
    <nd ref='-26416' />
    <nd ref='-26417' />
    <nd ref='-26418' />
    <nd ref='-26419' />
    <nd ref='-26420' />
    <nd ref='-26421' />
    <nd ref='-26422' />
    <nd ref='-26423' />
    <nd ref='-26424' />
    <nd ref='-26425' />
    <nd ref='-26426' />
    <nd ref='-26427' />
    <nd ref='-26428' />
    <nd ref='-26429' />
    <nd ref='-26430' />
    <nd ref='-26431' />
    <nd ref='-26432' />
    <nd ref='-26433' />
    <nd ref='-26434' />
    <nd ref='-26435' />
    <nd ref='-26436' />
    <nd ref='-26437' />
    <nd ref='-26438' />
    <nd ref='-26439' />
    <nd ref='-26440' />
    <nd ref='-26441' />
    <nd ref='-26442' />
    <nd ref='-26443' />
    <nd ref='-26444' />
    <nd ref='-26445' />
    <nd ref='-26446' />
    <nd ref='-26447' />
    <nd ref='-26448' />
    <nd ref='-26449' />
    <nd ref='-26450' />
    <nd ref='-26451' />
    <nd ref='-26452' />
    <nd ref='-26453' />
    <nd ref='-26454' />
    <nd ref='-26455' />
    <nd ref='-26456' />
    <nd ref='-26457' />
    <nd ref='-26458' />
    <nd ref='-26459' />
    <nd ref='-26460' />
    <nd ref='-26461' />
    <nd ref='-26462' />
    <nd ref='-26463' />
    <nd ref='-26464' />
    <nd ref='-26465' />
    <nd ref='-26466' />
    <nd ref='-26467' />
    <nd ref='-26468' />
    <nd ref='-26469' />
    <nd ref='-26470' />
    <nd ref='-26471' />
    <nd ref='-26472' />
    <nd ref='-26473' />
    <nd ref='-26474' />
    <nd ref='-26475' />
    <nd ref='-26476' />
    <nd ref='-26477' />
    <nd ref='-26478' />
    <nd ref='-26479' />
    <nd ref='-26480' />
    <nd ref='-26481' />
    <nd ref='-26482' />
    <nd ref='-26483' />
    <nd ref='-26484' />
    <nd ref='-26485' />
    <nd ref='-26486' />
    <nd ref='-26487' />
    <nd ref='-26488' />
    <nd ref='-26489' />
    <nd ref='-26490' />
    <nd ref='-26491' />
    <nd ref='-26492' />
    <nd ref='-26493' />
    <nd ref='-26494' />
    <nd ref='-26495' />
    <nd ref='-26496' />
    <nd ref='-26497' />
    <nd ref='-26498' />
    <nd ref='-26499' />
    <nd ref='-26500' />
    <nd ref='-26501' />
    <nd ref='-26502' />
    <nd ref='-26503' />
    <nd ref='-26504' />
    <nd ref='-26505' />
    <nd ref='-26506' />
    <nd ref='-26507' />
    <nd ref='-26508' />
    <nd ref='-26509' />
    <nd ref='-26510' />
    <nd ref='-26511' />
    <nd ref='-26512' />
    <nd ref='-26513' />
    <nd ref='-26514' />
    <nd ref='-26515' />
    <nd ref='-26516' />
    <nd ref='-26517' />
    <nd ref='-26518' />
    <nd ref='-26519' />
    <nd ref='-26520' />
    <nd ref='-26521' />
    <nd ref='-26522' />
    <nd ref='-26523' />
    <nd ref='-26524' />
    <nd ref='-26525' />
    <nd ref='-26526' />
    <nd ref='-26527' />
    <nd ref='-26528' />
    <nd ref='-26529' />
    <nd ref='-26530' />
    <nd ref='-26531' />
    <nd ref='-26532' />
    <nd ref='-26533' />
    <nd ref='-26534' />
    <nd ref='-26535' />
    <nd ref='-26536' />
    <nd ref='-26537' />
    <nd ref='-26538' />
    <nd ref='-26539' />
    <nd ref='-26540' />
    <nd ref='-26541' />
    <nd ref='-26542' />
    <nd ref='-26543' />
    <nd ref='-26544' />
    <nd ref='-26545' />
    <nd ref='-26546' />
    <nd ref='-26547' />
    <nd ref='-26548' />
    <nd ref='-26549' />
    <nd ref='-26550' />
    <nd ref='-26551' />
    <nd ref='-26552' />
    <nd ref='-26553' />
    <nd ref='-26554' />
    <nd ref='-26555' />
    <nd ref='-26556' />
    <nd ref='-26557' />
    <nd ref='-26558' />
    <nd ref='-26559' />
    <nd ref='-26560' />
    <nd ref='-26561' />
    <nd ref='-26562' />
    <nd ref='-26563' />
    <nd ref='-26564' />
    <nd ref='-26565' />
    <nd ref='-26566' />
    <nd ref='-26567' />
    <nd ref='-26568' />
    <nd ref='-26569' />
    <nd ref='-26570' />
    <nd ref='-26571' />
    <nd ref='-26572' />
    <nd ref='-26573' />
    <nd ref='-26574' />
    <nd ref='-26575' />
    <nd ref='-26576' />
    <nd ref='-26577' />
    <nd ref='-26578' />
    <nd ref='-26579' />
    <nd ref='-26580' />
    <nd ref='-26581' />
    <nd ref='-26582' />
    <nd ref='-26583' />
    <nd ref='-26584' />
    <nd ref='-26585' />
    <nd ref='-26586' />
    <nd ref='-26587' />
    <nd ref='-26588' />
    <nd ref='-26589' />
    <nd ref='-26590' />
    <nd ref='-26591' />
    <nd ref='-26592' />
    <nd ref='-26593' />
    <nd ref='-26594' />
    <nd ref='-26595' />
    <nd ref='-26596' />
    <nd ref='-26597' />
    <nd ref='-26598' />
    <nd ref='-26599' />
    <nd ref='-26600' />
    <nd ref='-26601' />
    <nd ref='-26602' />
    <nd ref='-26603' />
    <nd ref='-26604' />
    <nd ref='-26605' />
    <nd ref='-26606' />
    <nd ref='-26607' />
    <nd ref='-26608' />
    <nd ref='-26609' />
    <nd ref='-26610' />
    <nd ref='-26611' />
    <nd ref='-26612' />
    <nd ref='-26613' />
    <nd ref='-26614' />
    <nd ref='-26615' />
    <nd ref='-26616' />
    <nd ref='-26617' />
  </way>
  <way id='-20288' action='modify' visible='true'>
    <nd ref='-25356' />
    <nd ref='-25357' />
    <nd ref='-25358' />
    <nd ref='-25359' />
    <nd ref='-25360' />
    <nd ref='-25361' />
    <nd ref='-25362' />
    <nd ref='-25363' />
    <nd ref='-25364' />
    <nd ref='-25365' />
    <nd ref='-25366' />
    <nd ref='-25367' />
    <nd ref='-25368' />
    <nd ref='-25369' />
    <nd ref='-25370' />
    <nd ref='-25371' />
    <nd ref='-25372' />
    <nd ref='-25373' />
    <nd ref='-25374' />
    <nd ref='-25375' />
    <nd ref='-25376' />
    <nd ref='-25377' />
    <nd ref='-25378' />
    <nd ref='-25379' />
    <nd ref='-25380' />
    <nd ref='-25381' />
    <nd ref='-25382' />
    <nd ref='-25383' />
    <nd ref='-25384' />
    <nd ref='-25385' />
    <nd ref='-25386' />
    <nd ref='-25387' />
    <nd ref='-25388' />
    <nd ref='-25389' />
    <nd ref='-25390' />
    <nd ref='-25391' />
    <nd ref='-25392' />
    <nd ref='-25393' />
    <nd ref='-25394' />
    <nd ref='-25395' />
    <nd ref='-25396' />
    <nd ref='-25397' />
    <nd ref='-25398' />
    <nd ref='-25399' />
    <nd ref='-25400' />
    <nd ref='-25401' />
    <nd ref='-25402' />
    <nd ref='-25403' />
    <nd ref='-25404' />
    <nd ref='-25405' />
    <nd ref='-25406' />
    <nd ref='-25407' />
    <nd ref='-25408' />
    <nd ref='-25409' />
    <nd ref='-25410' />
    <nd ref='-25411' />
    <nd ref='-25412' />
    <nd ref='-25413' />
    <nd ref='-25414' />
    <nd ref='-25415' />
    <nd ref='-25416' />
    <nd ref='-25417' />
    <nd ref='-25418' />
    <nd ref='-25419' />
    <nd ref='-25420' />
    <nd ref='-25421' />
    <nd ref='-25422' />
    <nd ref='-25423' />
    <nd ref='-25424' />
    <nd ref='-25425' />
    <nd ref='-25426' />
    <nd ref='-25427' />
    <nd ref='-25428' />
    <nd ref='-25429' />
    <nd ref='-25430' />
    <nd ref='-25431' />
    <nd ref='-25432' />
    <nd ref='-25433' />
    <nd ref='-25434' />
    <nd ref='-25435' />
    <nd ref='-25436' />
    <nd ref='-25437' />
    <nd ref='-25438' />
    <nd ref='-25439' />
    <nd ref='-25440' />
    <nd ref='-25441' />
    <nd ref='-25442' />
    <nd ref='-25443' />
    <nd ref='-25444' />
    <nd ref='-25445' />
    <nd ref='-25446' />
    <nd ref='-25447' />
    <nd ref='-25448' />
    <nd ref='-25449' />
    <nd ref='-25450' />
    <nd ref='-25451' />
    <nd ref='-25452' />
    <nd ref='-25453' />
    <nd ref='-25454' />
    <nd ref='-25455' />
    <nd ref='-25456' />
    <nd ref='-25457' />
    <nd ref='-25458' />
    <nd ref='-25459' />
    <nd ref='-25460' />
    <nd ref='-25461' />
    <nd ref='-25462' />
    <nd ref='-25463' />
    <nd ref='-25464' />
    <nd ref='-25465' />
    <nd ref='-25466' />
    <nd ref='-25467' />
    <nd ref='-25468' />
    <nd ref='-25469' />
    <nd ref='-25470' />
    <nd ref='-25471' />
    <nd ref='-25472' />
    <nd ref='-25473' />
    <nd ref='-25474' />
    <nd ref='-25475' />
    <nd ref='-25476' />
    <nd ref='-25477' />
    <nd ref='-25478' />
    <nd ref='-25479' />
    <nd ref='-25480' />
    <nd ref='-25481' />
    <nd ref='-25482' />
    <nd ref='-25483' />
    <nd ref='-25484' />
    <nd ref='-25485' />
    <nd ref='-25486' />
    <nd ref='-25487' />
    <nd ref='-25488' />
    <nd ref='-25489' />
    <nd ref='-25490' />
    <nd ref='-25491' />
    <nd ref='-25492' />
    <nd ref='-25493' />
    <nd ref='-25494' />
    <nd ref='-25495' />
    <nd ref='-25496' />
    <nd ref='-25497' />
    <nd ref='-25498' />
    <nd ref='-25499' />
    <nd ref='-25500' />
    <nd ref='-25501' />
    <nd ref='-25502' />
    <nd ref='-25503' />
    <nd ref='-25504' />
    <nd ref='-25505' />
    <nd ref='-25506' />
    <nd ref='-25507' />
    <nd ref='-25508' />
    <nd ref='-25509' />
    <nd ref='-25510' />
    <nd ref='-25511' />
    <nd ref='-25512' />
    <nd ref='-25513' />
    <nd ref='-25514' />
    <nd ref='-25515' />
    <nd ref='-25516' />
    <nd ref='-25517' />
    <nd ref='-25518' />
    <nd ref='-25519' />
    <nd ref='-25520' />
    <nd ref='-25521' />
    <nd ref='-25522' />
    <nd ref='-25523' />
    <nd ref='-25524' />
    <nd ref='-25525' />
    <nd ref='-25526' />
    <nd ref='-25527' />
    <nd ref='-25528' />
    <nd ref='-25529' />
    <nd ref='-25530' />
    <nd ref='-25531' />
    <nd ref='-25532' />
    <nd ref='-25533' />
    <nd ref='-25534' />
    <nd ref='-25535' />
    <nd ref='-25536' />
    <nd ref='-25537' />
    <nd ref='-25538' />
    <nd ref='-25539' />
    <nd ref='-25540' />
    <nd ref='-25541' />
    <nd ref='-25542' />
    <nd ref='-25543' />
    <nd ref='-25544' />
    <nd ref='-25545' />
    <nd ref='-25546' />
    <nd ref='-25547' />
    <nd ref='-25548' />
    <nd ref='-25549' />
    <nd ref='-25550' />
    <nd ref='-25551' />
    <nd ref='-25552' />
    <nd ref='-25553' />
    <nd ref='-25554' />
    <nd ref='-25555' />
    <nd ref='-25556' />
    <nd ref='-25557' />
    <nd ref='-25558' />
    <nd ref='-25559' />
    <nd ref='-25560' />
    <nd ref='-25561' />
    <nd ref='-25562' />
    <nd ref='-25563' />
    <nd ref='-27652' />
    <nd ref='-25564' />
    <nd ref='-25565' />
    <nd ref='-25566' />
    <nd ref='-25567' />
    <nd ref='-25568' />
    <nd ref='-25569' />
    <nd ref='-25570' />
    <nd ref='-25571' />
    <nd ref='-25572' />
    <nd ref='-25573' />
    <nd ref='-25574' />
    <nd ref='-25575' />
    <nd ref='-25576' />
    <nd ref='-25577' />
    <nd ref='-25578' />
    <nd ref='-25579' />
    <nd ref='-25580' />
    <nd ref='-25581' />
    <nd ref='-25582' />
    <nd ref='-25583' />
    <nd ref='-25584' />
    <nd ref='-25585' />
    <nd ref='-25586' />
    <nd ref='-25587' />
    <nd ref='-25588' />
    <nd ref='-25589' />
    <nd ref='-25590' />
    <nd ref='-25591' />
    <nd ref='-25592' />
    <nd ref='-25593' />
    <nd ref='-25594' />
    <nd ref='-25595' />
    <nd ref='-25596' />
    <nd ref='-25597' />
    <nd ref='-25598' />
    <nd ref='-25599' />
    <nd ref='-25600' />
    <nd ref='-25601' />
    <nd ref='-25602' />
    <nd ref='-25603' />
    <nd ref='-25604' />
    <nd ref='-25605' />
    <nd ref='-25606' />
    <nd ref='-25607' />
    <nd ref='-25608' />
    <nd ref='-25609' />
    <nd ref='-25610' />
    <nd ref='-25611' />
    <nd ref='-25612' />
    <nd ref='-25613' />
    <nd ref='-25614' />
    <nd ref='-25615' />
    <nd ref='-25616' />
    <nd ref='-25617' />
    <nd ref='-25618' />
    <nd ref='-25619' />
    <nd ref='-25620' />
    <nd ref='-25621' />
    <nd ref='-25622' />
    <nd ref='-25623' />
    <nd ref='-25624' />
    <nd ref='-25625' />
    <nd ref='-25626' />
    <nd ref='-25627' />
    <nd ref='-25628' />
    <nd ref='-25629' />
    <nd ref='-25630' />
    <nd ref='-25631' />
    <nd ref='-25632' />
    <nd ref='-25633' />
    <nd ref='-25634' />
    <nd ref='-25635' />
    <nd ref='-25636' />
    <nd ref='-25637' />
    <nd ref='-25638' />
    <nd ref='-25639' />
    <nd ref='-25640' />
    <nd ref='-25641' />
    <nd ref='-25642' />
    <nd ref='-25643' />
    <nd ref='-25644' />
    <nd ref='-25645' />
    <nd ref='-25646' />
    <nd ref='-25647' />
    <nd ref='-25648' />
    <nd ref='-25649' />
    <nd ref='-25650' />
    <nd ref='-25651' />
    <nd ref='-25652' />
    <nd ref='-25653' />
    <nd ref='-25654' />
    <nd ref='-25655' />
    <nd ref='-25656' />
    <nd ref='-25657' />
    <nd ref='-25658' />
    <nd ref='-25659' />
    <nd ref='-25660' />
    <nd ref='-25661' />
    <nd ref='-25662' />
    <nd ref='-25663' />
    <nd ref='-25664' />
    <nd ref='-25665' />
    <nd ref='-25666' />
    <nd ref='-25667' />
    <nd ref='-25668' />
    <nd ref='-25669' />
    <nd ref='-25670' />
    <nd ref='-25671' />
    <nd ref='-25672' />
    <nd ref='-25673' />
    <nd ref='-25674' />
    <nd ref='-25675' />
    <nd ref='-25676' />
    <nd ref='-25677' />
    <nd ref='-25678' />
    <nd ref='-25679' />
    <nd ref='-25680' />
    <nd ref='-25681' />
    <nd ref='-25682' />
    <nd ref='-25683' />
    <nd ref='-25684' />
  </way>
  <way id='-20374' action='modify' visible='true'>
    <nd ref='-27652' />
    <nd ref='-25715' />
  </way>
  <way id='-21576' action='modify' visible='true'>
    <nd ref='-25715' />
    <nd ref='-25716' />
    <nd ref='-25717' />
    <nd ref='-25718' />
    <nd ref='-25719' />
    <nd ref='-25720' />
    <nd ref='-25721' />
    <nd ref='-25722' />
    <nd ref='-25723' />
    <nd ref='-25724' />
    <nd ref='-25725' />
    <nd ref='-25726' />
    <nd ref='-25727' />
    <nd ref='-25728' />
    <nd ref='-25729' />
    <nd ref='-25730' />
    <nd ref='-25731' />
    <nd ref='-25732' />
    <nd ref='-25733' />
    <nd ref='-25734' />
    <nd ref='-25735' />
    <nd ref='-25736' />
    <nd ref='-25737' />
    <nd ref='-25738' />
    <nd ref='-25739' />
    <nd ref='-25740' />
    <nd ref='-25741' />
    <nd ref='-25742' />
    <nd ref='-25743' />
    <nd ref='-25744' />
    <nd ref='-25745' />
    <nd ref='-25746' />
    <nd ref='-25747' />
    <nd ref='-25748' />
    <nd ref='-25749' />
    <nd ref='-25750' />
    <nd ref='-25751' />
    <nd ref='-25752' />
    <nd ref='-25753' />
    <nd ref='-25754' />
    <nd ref='-25755' />
    <nd ref='-25756' />
    <nd ref='-25757' />
    <nd ref='-25758' />
    <nd ref='-25759' />
    <nd ref='-25760' />
    <nd ref='-25761' />
    <nd ref='-25762' />
    <nd ref='-25763' />
    <nd ref='-26342' />
  </way>
  <way id='-21748' action='modify' visible='true'>
    <nd ref='-25766' />
    <nd ref='-25767' />
    <nd ref='-25768' />
    <nd ref='-25769' />
    <nd ref='-25770' />
    <nd ref='-25771' />
    <nd ref='-25772' />
    <nd ref='-28763' />
    <nd ref='-25773' />
    <nd ref='-25774' />
    <nd ref='-25775' />
    <nd ref='-25776' />
    <nd ref='-25921' />
  </way>
  <way id='-21874' action='modify' visible='true'>
    <nd ref='-26345' />
    <nd ref='-25766' />
  </way>
</osm>