<?xml version='1.0' encoding='UTF-8'?>
<osm version='0.6' generator='JOSM'>
  <node id='-101752' action='modify' visible='true' lat='35.17915555225' lon='126.90663780984' />
  <node id='-101753' action='modify' visible='true' lat='35.17916782067' lon='126.90664644533' />
  <node id='-101754' action='modify' visible='true' lat='35.17917622231' lon='126.90665296031' />
  <node id='-101755' action='modify' visible='true' lat='35.17918410249' lon='126.90665968226' />
  <node id='-101756' action='modify' visible='true' lat='35.17919146226' lon='126.90666620797' />
  <node id='-101757' action='modify' visible='true' lat='35.1791990272' lon='126.90667303107' />
  <node id='-101758' action='modify' visible='true' lat='35.17920652512' lon='126.90667957419' />
  <node id='-101759' action='modify' visible='true' lat='35.17921411464' lon='126.90668589588' />
  <node id='-101760' action='modify' visible='true' lat='35.17922173049' lon='126.90669236787' />
  <node id='-101761' action='modify' visible='true' lat='35.17922932202' lon='126.90669861389' />
  <node id='-101762' action='modify' visible='true' lat='35.17923678929' lon='126.90670481408' />
  <node id='-101763' action='modify' visible='true' lat='35.17924436904' lon='126.90671103094' />
  <node id='-101764' action='modify' visible='true' lat='35.17925229854' lon='126.90671777823' />
  <node id='-101765' action='modify' visible='true' lat='35.17925976989' lon='126.90672423908' />
  <node id='-101766' action='modify' visible='true' lat='35.17926706603' lon='126.90673077291' />
  <node id='-101767' action='modify' visible='true' lat='35.17927429625' lon='126.90673733592' />
  <node id='-101768' action='modify' visible='true' lat='35.17928168609' lon='126.90674408967' />
  <node id='-101769' action='modify' visible='true' lat='35.17928956764' lon='126.90675065383' />
  <node id='-101770' action='modify' visible='true' lat='35.17929759251' lon='126.90675760704' />
  <node id='-101771' action='modify' visible='true' lat='35.17930518277' lon='126.9067645626' />
  <node id='-101772' action='modify' visible='true' lat='35.17931259412' lon='126.90677094312' />
  <node id='-101773' action='modify' visible='true' lat='35.1793200913' lon='126.90677740755' />
  <node id='-101774' action='modify' visible='true' lat='35.17932776452' lon='126.90678423328' />
  <node id='-101775' action='modify' visible='true' lat='35.17933520589' lon='126.90679087313' />
  <node id='-101776' action='modify' visible='true' lat='35.17934250844' lon='126.90679741805' />
  <node id='-101777' action='modify' visible='true' lat='35.17935070097' lon='126.90680435567' />
  <node id='-101778' action='modify' visible='true' lat='35.17935890115' lon='126.90681125857' />
  <node id='-101779' action='modify' visible='true' lat='35.17936738514' lon='126.90681836097' />
  <node id='-101780' action='modify' visible='true' lat='35.17937544556' lon='126.90682538684' />
  <node id='-101781' action='modify' visible='true' lat='35.17938368943' lon='126.90683200476' />
  <node id='-101782' action='modify' visible='true' lat='35.17939184992' lon='126.90683852734' />
  <node id='-101783' action='modify' visible='true' lat='35.17940010938' lon='126.90684517146' />
  <node id='-101784' action='modify' visible='true' lat='35.17940782834' lon='126.90685135344' />
  <node id='-101785' action='modify' visible='true' lat='35.17941589113' lon='126.90685733212' />
  <node id='-101786' action='modify' visible='true' lat='35.17942433521' lon='126.9068626917' />
  <node id='-101787' action='modify' visible='true' lat='35.17943269587' lon='126.90686860549' />
  <node id='-101788' action='modify' visible='true' lat='35.17944114283' lon='126.90687482498' />
  <node id='-101789' action='modify' visible='true' lat='35.17944970631' lon='126.90688136853' />
  <node id='-101790' action='modify' visible='true' lat='35.17945868942' lon='126.90688713943' />
  <node id='-101791' action='modify' visible='true' lat='35.1794675534' lon='126.90689203684' />
  <node id='-101792' action='modify' visible='true' lat='35.17947615348' lon='126.90689712335' />
  <node id='-101793' action='modify' visible='true' lat='35.17948477773' lon='126.90690250789' />
  <node id='-101794' action='modify' visible='true' lat='35.17949313879' lon='126.9069073349' />
  <node id='-101795' action='modify' visible='true' lat='35.17950162842' lon='126.90691207093' />
  <node id='-101796' action='modify' visible='true' lat='35.17951017088' lon='126.90691697249' />
  <node id='-101797' action='modify' visible='true' lat='35.17951886389' lon='126.9069217215' />
  <node id='-101798' action='modify' visible='true' lat='35.17952803373' lon='126.90692662416' />
  <node id='-101799' action='modify' visible='true' lat='35.17953747719' lon='126.90693169918' />
  <node id='-101800' action='modify' visible='true' lat='35.17954655702' lon='126.90693628764' />
  <node id='-101801' action='modify' visible='true' lat='35.17955508571' lon='126.90694025577' />
  <node id='-101802' action='modify' visible='true' lat='35.17956432537' lon='126.90694469385' />
  <node id='-101803' action='modify' visible='true' lat='35.17957299216' lon='126.906948913' />
  <node id='-101804' action='modify' visible='true' lat='35.17958196695' lon='126.90695321744' />
  <node id='-101805' action='modify' visible='true' lat='35.17959121164' lon='126.90695701153' />
  <node id='-101806' action='modify' visible='true' lat='35.17960040182' lon='126.90696081396' />
  <node id='-101807' action='modify' visible='true' lat='35.17961006632' lon='126.90696451469' />
  <node id='-101808' action='modify' visible='true' lat='35.17961961045' lon='126.90696831912' />
  <node id='-101809' action='modify' visible='true' lat='35.17962844558' lon='126.90697105168' />
  <node id='-101810' action='modify' visible='true' lat='35.17963790693' lon='126.90697377181' />
  <node id='-101811' action='modify' visible='true' lat='35.17964703461' lon='126.90697648045' />
  <node id='-101812' action='modify' visible='true' lat='35.17965693245' lon='126.90697940767' />
  <node id='-101813' action='modify' visible='true' lat='35.17966584527' lon='126.90698220702' />
  <node id='-101814' action='modify' visible='true' lat='35.17967516343' lon='126.90698529617' />
  <node id='-101815' action='modify' visible='true' lat='35.1796844286' lon='126.90698720291' />
  <node id='-101816' action='modify' visible='true' lat='35.17969391099' lon='126.90698887001' />
  <node id='-101817' action='modify' visible='true' lat='35.17970310715' lon='126.90699101931' />
  <node id='-101818' action='modify' visible='true' lat='35.17971285665' lon='126.90699319057' />
  <node id='-101819' action='modify' visible='true' lat='35.17972259012' lon='126.90699452406' />
  <node id='-101820' action='modify' visible='true' lat='35.17973177775' lon='126.90699566047' />
  <node id='-101821' action='modify' visible='true' lat='35.17974216807' lon='126.90699708642' />
  <node id='-101822' action='modify' visible='true' lat='35.1797524972' lon='126.90699817684' />
  <node id='-101823' action='modify' visible='true' lat='35.17976293326' lon='126.90699858295' />
  <node id='-101824' action='modify' visible='true' lat='35.1797732728' lon='126.9069993372' />
  <node id='-101825' action='modify' visible='true' lat='35.17978314809' lon='126.90700036439' />
  <node id='-101826' action='modify' visible='true' lat='35.17979216426' lon='126.90700105179' />
  <node id='-101827' action='modify' visible='true' lat='35.17980229667' lon='126.90700141425' />
  <node id='-101828' action='modify' visible='true' lat='35.17981217663' lon='126.90700173961' />
  <node id='-101829' action='modify' visible='true' lat='35.17982241941' lon='126.90700220468' />
  <node id='-101830' action='modify' visible='true' lat='35.17983300858' lon='126.90700275773' />
  <node id='-101831' action='modify' visible='true' lat='35.17984220305' lon='126.90700328819' />
  <node id='-101832' action='modify' visible='true' lat='35.17985227102' lon='126.90700387782' />
  <node id='-101833' action='modify' visible='true' lat='35.17986189393' lon='126.90700401916' />
  <node id='-101834' action='modify' visible='true' lat='35.17987157166' lon='126.90700440834' />
  <node id='-101835' action='modify' visible='true' lat='35.1798811023' lon='126.9070049112' />
  <node id='-101836' action='modify' visible='true' lat='35.1798903108' lon='126.90700513095' />
  <node id='-101837' action='modify' visible='true' lat='35.17989975615' lon='126.90700524353' />
  <node id='-101838' action='modify' visible='true' lat='35.17990884722' lon='126.90700544265' />
  <node id='-101839' action='modify' visible='true' lat='35.17991804798' lon='126.90700559463' />
  <node id='-101840' action='modify' visible='true' lat='35.17992792706' lon='126.90700593718' />
  <node id='-101841' action='modify' visible='true' lat='35.17993799751' lon='126.90700641512' />
  <node id='-101842' action='modify' visible='true' lat='35.17994725511' lon='126.90700701589' />
  <node id='-101843' action='modify' visible='true' lat='35.17995682711' lon='126.90700732632' />
  <node id='-101844' action='modify' visible='true' lat='35.17996683759' lon='126.90700764522' />
  <node id='-101845' action='modify' visible='true' lat='35.17997593968' lon='126.90700812234' />
  <node id='-101846' action='modify' visible='true' lat='35.17998548357' lon='126.90700820251' />
  <node id='-101847' action='modify' visible='true' lat='35.17999567326' lon='126.9070077668' />
  <node id='-101848' action='modify' visible='true' lat='35.18000525896' lon='126.90700759475' />
  <node id='-101849' action='modify' visible='true' lat='35.18001541773' lon='126.90700758313' />
  <node id='-101850' action='modify' visible='true' lat='35.18002535653' lon='126.90700774612' />
  <node id='-101851' action='modify' visible='true' lat='35.1800351556' lon='126.9070079355' />
  <node id='-101852' action='modify' visible='true' lat='35.18004468765' lon='126.90700743355' />
  <node id='-101853' action='modify' visible='true' lat='35.18005447259' lon='126.90700693373' />
  <node id='-101854' action='modify' visible='true' lat='35.18006493063' lon='126.90700642513' />
  <node id='-101855' action='modify' visible='true' lat='35.18007424903' lon='126.90700609438' />
  <node id='-101856' action='modify' visible='true' lat='35.18008458081' lon='126.90700591192' />
  <node id='-101857' action='modify' visible='true' lat='35.18009484308' lon='126.90700588538' />
  <node id='-101858' action='modify' visible='true' lat='35.18010500511' lon='126.90700606487' />
  <node id='-101859' action='modify' visible='true' lat='35.18011522838' lon='126.90700634964' />
  <node id='-101860' action='modify' visible='true' lat='35.1801242374' lon='126.90700673581' />
  <node id='-101861' action='modify' visible='true' lat='35.18013438879' lon='126.90700674107' />
  <node id='-101862' action='modify' visible='true' lat='35.18014475933' lon='126.90700661407' />
  <node id='-101863' action='modify' visible='true' lat='35.18015497491' lon='126.9070064962' />
  <node id='-101864' action='modify' visible='true' lat='35.18016397285' lon='126.90700647546' />
  <node id='-101865' action='modify' visible='true' lat='35.18017353547' lon='126.90700619914' />
  <node id='-101866' action='modify' visible='true' lat='35.18018365719' lon='126.90700526311' />
  <node id='-101867' action='modify' visible='true' lat='35.18019274789' lon='126.90700465185' />
  <node id='-101868' action='modify' visible='true' lat='35.180202194' lon='126.90700440245' />
  <node id='-101869' action='modify' visible='true' lat='35.18021252779' lon='126.90700395973' />
  <node id='-101870' action='modify' visible='true' lat='35.18022300539' lon='126.90700330474' />
  <node id='-101871' action='modify' visible='true' lat='35.18023204444' lon='126.90700290033' />
  <node id='-101872' action='modify' visible='true' lat='35.18024106816' lon='126.90700255906' />
  <node id='-101873' action='modify' visible='true' lat='35.18025140887' lon='126.90700226179' />
  <node id='-101874' action='modify' visible='true' lat='35.18026063564' lon='126.90700219301' />
  <node id='-101875' action='modify' visible='true' lat='35.1802698749' lon='126.90700232054' />
  <node id='-101876' action='modify' visible='true' lat='35.18028018696' lon='126.90700275643' />
  <node id='-101877' action='modify' visible='true' lat='35.18029039251' lon='126.90700309645' />
  <node id='-101878' action='modify' visible='true' lat='35.18030071988' lon='126.90700379103' />
  <node id='-101879' action='modify' visible='true' lat='35.18031074057' lon='126.90700476562' />
  <node id='-101880' action='modify' visible='true' lat='35.18032094824' lon='126.90700545317' />
  <node id='-101881' action='modify' visible='true' lat='35.18033100203' lon='126.90700601584' />
  <node id='-101882' action='modify' visible='true' lat='35.1803411464' lon='126.90700680865' />
  <node id='-101883' action='modify' visible='true' lat='35.18035147084' lon='126.90700759053' />
  <node id='-101884' action='modify' visible='true' lat='35.18036123901' lon='126.90700820207' />
  <node id='-101885' action='modify' visible='true' lat='35.1803710877' lon='126.9070085941' />
  <node id='-101886' action='modify' visible='true' lat='35.18038102615' lon='126.90700917392' />
  <node id='-101887' action='modify' visible='true' lat='35.18039082632' lon='126.90700976589' />
  <node id='-101888' action='modify' visible='true' lat='35.18039999445' lon='126.90701053805' />
  <node id='-101889' action='modify' visible='true' lat='35.18041053757' lon='126.90701147881' />
  <node id='-101890' action='modify' visible='true' lat='35.18042021111' lon='126.90701262642' />
  <node id='-101891' action='modify' visible='true' lat='35.18042941874' lon='126.90701372598' />
  <node id='-101892' action='modify' visible='true' lat='35.18043849179' lon='126.90701495068' />
  <node id='-101893' action='modify' visible='true' lat='35.18044845492' lon='126.90701645164' />
  <node id='-101894' action='modify' visible='true' lat='35.18045751304' lon='126.90701797447' />
  <node id='-101895' action='modify' visible='true' lat='35.18046710298' lon='126.90701964718' />
  <node id='-101896' action='modify' visible='true' lat='35.18047617313' lon='126.90702126959' />
  <node id='-101897' action='modify' visible='true' lat='35.18048630843' lon='126.90702294867' />
  <node id='-101898' action='modify' visible='true' lat='35.1804964477' lon='126.90702479056' />
  <node id='-101899' action='modify' visible='true' lat='35.18050666626' lon='126.9070266246' />
  <node id='-101900' action='modify' visible='true' lat='35.1805169921' lon='126.90702876951' />
  <node id='-101901' action='modify' visible='true' lat='35.18052647301' lon='126.90703084958' />
  <node id='-101902' action='modify' visible='true' lat='35.18053559761' lon='126.90703261218' />
  <node id='-101903' action='modify' visible='true' lat='35.18054571106' lon='126.90703458205' />
  <node id='-101904' action='modify' visible='true' lat='35.18055580225' lon='126.90703645986' />
  <node id='-101905' action='modify' visible='true' lat='35.1805658577' lon='126.90703855263' />
  <node id='-101906' action='modify' visible='true' lat='35.18057549093' lon='126.90704052849' />
  <node id='-101907' action='modify' visible='true' lat='35.18058551784' lon='126.90704249042' />
  <node id='-101908' action='modify' visible='true' lat='35.18059528861' lon='126.90704498998' />
  <node id='-101909' action='modify' visible='true' lat='35.18060407397' lon='126.90704800513' />
  <node id='-101910' action='modify' visible='true' lat='35.18061317784' lon='126.90705136173' />
  <node id='-101911' action='modify' visible='true' lat='35.18062159021' lon='126.90705534339' />
  <node id='-101912' action='modify' visible='true' lat='35.18063097471' lon='126.90706012397' />
  <node id='-101913' action='modify' visible='true' lat='35.18064049101' lon='126.90706520979' />
  <node id='-101914' action='modify' visible='true' lat='35.18064997965' lon='126.9070705084' />
  <node id='-101915' action='modify' visible='true' lat='35.18065890979' lon='126.90707697017' />
  <node id='-101916' action='modify' visible='true' lat='35.18066432271' lon='126.90708283216' />
  <node id='-101917' action='modify' visible='true' lat='35.18067036734' lon='126.90709239027' />
  <node id='-101918' action='modify' visible='true' lat='35.18067567278' lon='126.90710247127' />
  <node id='-101919' action='modify' visible='true' lat='35.18068021335' lon='126.90711216162' />
  <node id='-101920' action='modify' visible='true' lat='35.18068519101' lon='126.90712263112' />
  <node id='-101921' action='modify' visible='true' lat='35.18069026482' lon='126.90713371426' />
  <node id='-101922' action='modify' visible='true' lat='35.18069539713' lon='126.90714509264' />
  <node id='-101923' action='modify' visible='true' lat='35.18070002653' lon='126.90715598569' />
  <node id='-101924' action='modify' visible='true' lat='35.18070460162' lon='126.90716635314' />
  <node id='-101925' action='modify' visible='true' lat='35.18070922626' lon='126.90717652064' />
  <node id='-101926' action='modify' visible='true' lat='35.18071347062' lon='126.90718629673' />
  <node id='-101927' action='modify' visible='true' lat='35.1807180863' lon='126.90719706062' />
  <node id='-101928' action='modify' visible='true' lat='35.1807227941' lon='126.90720730425' />
  <node id='-101929' action='modify' visible='true' lat='35.18072858949' lon='126.90721640178' />
  <node id='-101930' action='modify' visible='true' lat='35.18073520299' lon='126.90722406554' />
  <node id='-101931' action='modify' visible='true' lat='35.18074072494' lon='126.9072333341' />
  <node id='-101932' action='modify' visible='true' lat='35.18074584394' lon='126.9072438979' />
  <node id='-101933' action='modify' visible='true' lat='35.18075021208' lon='126.90725352152' />
  <node id='-101934' action='modify' visible='true' lat='35.18075446862' lon='126.90726321127' />
  <node id='-101935' action='modify' visible='true' lat='35.1807586125' lon='126.90727295596' />
  <node id='-101936' action='modify' visible='true' lat='35.18076336277' lon='126.9072842939' />
  <node id='-101937' action='modify' visible='true' lat='35.18076787885' lon='126.90729572755' />
  <node id='-101938' action='modify' visible='true' lat='35.18077213088' lon='126.90730664305' />
  <node id='-101939' action='modify' visible='true' lat='35.18077590108' lon='126.90731694489' />
  <node id='-101940' action='modify' visible='true' lat='35.18077967858' lon='126.907328068' />
  <node id='-101941' action='modify' visible='true' lat='35.1807832938' lon='126.90733900853' />
  <node id='-101942' action='modify' visible='true' lat='35.18078660845' lon='126.90734968898' />
  <node id='-101943' action='modify' visible='true' lat='35.18079043223' lon='126.90735991365' />
  <node id='-101944' action='modify' visible='true' lat='35.18079468508' lon='126.90736989155' />
  <node id='-101945' action='modify' visible='true' lat='35.18079878643' lon='126.90738074869' />
  <node id='-101946' action='modify' visible='true' lat='35.18080266543' lon='126.90739144767' />
  <node id='-101947' action='modify' visible='true' lat='35.18080663124' lon='126.90740274214' />
  <node id='-101948' action='modify' visible='true' lat='35.18081067555' lon='126.90741333494' />
  <node id='-101949' action='modify' visible='true' lat='35.1808148308' lon='126.90742352511' />
  <node id='-101950' action='modify' visible='true' lat='35.18081942111' lon='126.90743388789' />
  <node id='-101951' action='modify' visible='true' lat='35.18082380691' lon='126.90744375181' />
  <node id='-101952' action='modify' visible='true' lat='35.18082857373' lon='126.9074546722' />
  <node id='-101953' action='modify' visible='true' lat='35.18083285292' lon='126.90746455494' />
  <node id='-101954' action='modify' visible='true' lat='35.18083736438' lon='126.90747550697' />
  <node id='-101955' action='modify' visible='true' lat='35.18084140168' lon='126.90748564792' />
  <node id='-101956' action='modify' visible='true' lat='35.18084514375' lon='126.90749577444' />
  <node id='-101957' action='modify' visible='true' lat='35.18084929789' lon='126.90750595612' />
  <node id='-101958' action='modify' visible='true' lat='35.18085345347' lon='126.90751590905' />
  <node id='-101959' action='modify' visible='true' lat='35.18085867092' lon='126.90752632195' />
  <node id='-101960' action='modify' visible='true' lat='35.18086376428' lon='126.9075369353' />
  <node id='-101961' action='modify' visible='true' lat='35.18086834724' lon='126.90754755423' />
  <node id='-101962' action='modify' visible='true' lat='35.18087323802' lon='126.90755876151' />
  <node id='-101963' action='modify' visible='true' lat='35.18087807232' lon='126.90757020003' />
  <node id='-101964' action='modify' visible='true' lat='35.18088242903' lon='126.90758080034' />
  <node id='-101965' action='modify' visible='true' lat='35.18088626846' lon='126.9075912537' />
  <node id='-101966' action='modify' visible='true' lat='35.18088985682' lon='126.9076022157' />
  <node id='-101967' action='modify' visible='true' lat='35.18089321539' lon='126.9076130026' />
  <node id='-101968' action='modify' visible='true' lat='35.18089683744' lon='126.90762335084' />
  <node id='-101969' action='modify' visible='true' lat='35.18090137781' lon='126.90763475293' />
  <node id='-101970' action='modify' visible='true' lat='35.18090642248' lon='126.90764609778' />
  <node id='-101971' action='modify' visible='true' lat='35.18091079988' lon='126.90765721775' />
  <node id='-101972' action='modify' visible='true' lat='35.18091431143' lon='126.90766826517' />
  <node id='-101973' action='modify' visible='true' lat='35.18091796309' lon='126.90767934245' />
  <node id='-101974' action='modify' visible='true' lat='35.1809218903' lon='126.90769028217' />
  <node id='-101975' action='modify' visible='true' lat='35.18092617718' lon='126.90770043731' />
  <node id='-101976' action='modify' visible='true' lat='35.18093082304' lon='126.90771128024' />
  <node id='-101977' action='modify' visible='true' lat='35.18093533895' lon='126.90772203992' />
  <node id='-101978' action='modify' visible='true' lat='35.1809395294' lon='126.90773290009' />
  <node id='-101979' action='modify' visible='true' lat='35.1809435002' lon='126.9077436963' />
  <node id='-101980' action='modify' visible='true' lat='35.18094766945' lon='126.90775518959' />
  <node id='-101981' action='modify' visible='true' lat='35.18095216973' lon='126.90776634346' />
  <node id='-101982' action='modify' visible='true' lat='35.18095619028' lon='126.9077762662' />
  <node id='-101983' action='modify' visible='true' lat='35.18096023146' lon='126.90778627988' />
  <node id='-101984' action='modify' visible='true' lat='35.1809643458' lon='126.90779643841' />
  <node id='-101985' action='modify' visible='true' lat='35.18096860689' lon='126.90780621909' />
  <node id='-101986' action='modify' visible='true' lat='35.18097290645' lon='126.90781653584' />
  <node id='-101987' action='modify' visible='true' lat='35.18097721369' lon='126.90782687195' />
  <node id='-101988' action='modify' visible='true' lat='35.18098212697' lon='126.90783808366' />
  <node id='-101989' action='modify' visible='true' lat='35.18098636337' lon='126.90784798632' />
  <node id='-101990' action='modify' visible='true' lat='35.18099101353' lon='126.90785923342' />
  <node id='-101991' action='modify' visible='true' lat='35.18099574312' lon='126.90787038602' />
  <node id='-101992' action='modify' visible='true' lat='35.18100064178' lon='126.90788138336' />
  <node id='-101993' action='modify' visible='true' lat='35.18100505969' lon='126.9078913712' />
  <node id='-101994' action='modify' visible='true' lat='35.18100922616' lon='126.90790127751' />
  <node id='-101995' action='modify' visible='true' lat='35.18101383124' lon='126.90791254091' />
  <node id='-101996' action='modify' visible='true' lat='35.18101823724' lon='126.90792367157' />
  <node id='-101997' action='modify' visible='true' lat='35.18102254915' lon='126.90793446866' />
  <node id='-101998' action='modify' visible='true' lat='35.18102644973' lon='126.90794466472' />
  <node id='-101999' action='modify' visible='true' lat='35.18103025508' lon='126.90795480078' />
  <node id='-102000' action='modify' visible='true' lat='35.1810337924' lon='126.90796491526' />
  <node id='-102001' action='modify' visible='true' lat='35.1810377158' lon='126.90797484144' />
  <node id='-102002' action='modify' visible='true' lat='35.18104211683' lon='126.90798615475' />
  <node id='-102003' action='modify' visible='true' lat='35.18104603419' lon='126.90799617024' />
  <node id='-102004' action='modify' visible='true' lat='35.18105022554' lon='126.90800749598' />
  <node id='-102005' action='modify' visible='true' lat='35.18105394621' lon='126.90801757463' />
  <node id='-102006' action='modify' visible='true' lat='35.18105763981' lon='126.90802800398' />
  <node id='-102007' action='modify' visible='true' lat='35.18106143578' lon='126.90803908137' />
  <node id='-102008' action='modify' visible='true' lat='35.18106523221' lon='126.90804992974' />
  <node id='-102009' action='modify' visible='true' lat='35.18106947021' lon='126.90806046829' />
  <node id='-102010' action='modify' visible='true' lat='35.1810738078' lon='126.90807133164' />
  <node id='-102011' action='modify' visible='true' lat='35.18107812789' lon='126.90808217029' />
  <node id='-102012' action='modify' visible='true' lat='35.18108192788' lon='126.9080925865' />
  <node id='-102013' action='modify' visible='true' lat='35.18108608652' lon='126.90810407331' />
  <node id='-102014' action='modify' visible='true' lat='35.1810903603' lon='126.90811526975' />
  <node id='-102015' action='modify' visible='true' lat='35.18109428022' lon='126.90812580415' />
  <node id='-102016' action='modify' visible='true' lat='35.18109874682' lon='126.90813664131' />
  <node id='-102017' action='modify' visible='true' lat='35.18110307908' lon='126.90814719576' />
  <node id='-102018' action='modify' visible='true' lat='35.1811074011' lon='126.90815791667' />
  <node id='-102019' action='modify' visible='true' lat='35.181111194' lon='126.90816826553' />
  <node id='-102020' action='modify' visible='true' lat='35.18111512932' lon='126.90817922515' />
  <node id='-102021' action='modify' visible='true' lat='35.18111930138' lon='126.90819066166' />
  <node id='-102022' action='modify' visible='true' lat='35.18112342489' lon='126.90820068055' />
  <node id='-102023' action='modify' visible='true' lat='35.18112766076' lon='126.9082112326' />
  <node id='-102024' action='modify' visible='true' lat='35.1811319718' lon='126.90822195242' />
  <node id='-102025' action='modify' visible='true' lat='35.18113601796' lon='126.90823201006' />
  <node id='-102026' action='modify' visible='true' lat='35.18114030797' lon='126.90824225007' />
  <node id='-102027' action='modify' visible='true' lat='35.18114474474' lon='126.90825293307' />
  <node id='-102028' action='modify' visible='true' lat='35.18114915117' lon='126.90826391023' />
  <node id='-102029' action='modify' visible='true' lat='35.18115350039' lon='126.90827496783' />
  <node id='-102030' action='modify' visible='true' lat='35.18115762635' lon='126.90828557548' />
  <node id='-102031' action='modify' visible='true' lat='35.18116193781' lon='126.90829548174' />
  <node id='-102032' action='modify' visible='true' lat='35.1811665801' lon='126.90830577442' />
  <node id='-102033' action='modify' visible='true' lat='35.18117127742' lon='126.90831635552' />
  <node id='-102034' action='modify' visible='true' lat='35.18117575971' lon='126.90832663228' />
  <node id='-102035' action='modify' visible='true' lat='35.18118050514' lon='126.90833799285' />
  <node id='-102036' action='modify' visible='true' lat='35.18118494229' lon='126.90834898511' />
  <node id='-102037' action='modify' visible='true' lat='35.18118905877' lon='126.90835913148' />
  <node id='-102038' action='modify' visible='true' lat='35.18119294898' lon='126.90836925069' />
  <node id='-102039' action='modify' visible='true' lat='35.18119705663' lon='126.90838026569' />
  <node id='-102040' action='modify' visible='true' lat='35.18120096738' lon='126.90839091528' />
  <node id='-102041' action='modify' visible='true' lat='35.18120478741' lon='126.90840171474' />
  <node id='-102042' action='modify' visible='true' lat='35.18120854872' lon='126.90841271171' />
  <node id='-102043' action='modify' visible='true' lat='35.18121218861' lon='126.90842375111' />
  <node id='-102044' action='modify' visible='true' lat='35.18121555588' lon='126.90843448469' />
  <node id='-102045' action='modify' visible='true' lat='35.18122000224' lon='126.90844545124' />
  <node id='-102046' action='modify' visible='true' lat='35.18122329063' lon='126.90845500661' />
  <node id='-102047' action='modify' visible='true' lat='35.18122603095' lon='126.90846439434' />
  <node id='-102048' action='modify' visible='true' lat='35.18122931934' lon='126.90847428499' />
  <node id='-102049' action='modify' visible='true' lat='35.18123356698' lon='126.90848685768' />
  <node id='-102050' action='modify' visible='true' lat='35.18123740344' lon='126.90850093927' />
  <node id='-102051' action='modify' visible='true' lat='35.18124233602' lon='126.90851435032' />
  <node id='-102052' action='modify' visible='true' lat='35.18122973053' lon='126.90852373805' />
  <node id='-102053' action='modify' visible='true' lat='35.18121548084' lon='126.90853077885' />
  <node id='-102054' action='modify' visible='true' lat='35.18120123114' lon='126.90853815492' />
  <node id='-102055' action='modify' visible='true' lat='35.18118917371' lon='126.90854284879' />
  <node id='-102056' action='modify' visible='true' lat='35.18117602014' lon='126.90854787793' />
  <node id='-102057' action='modify' visible='true' lat='35.18116149641' lon='126.90855458345' />
  <node id='-102058' action='modify' visible='true' lat='35.18114806881' lon='126.9085609537' />
  <node id='-102059' action='modify' visible='true' lat='35.1811338191' lon='126.90856631812' />
  <node id='-102060' action='modify' visible='true' lat='35.18112176166' lon='126.90857101198' />
  <node id='-102061' action='modify' visible='true' lat='35.18111408874' lon='126.9085750353' />
  <node id='-102062' action='modify' visible='true' lat='35.18110696389' lon='126.90857771751' />
  <node id='-102063' action='modify' visible='true' lat='35.18109841482' lon='126.90858151542' />
  <node id='-102064' action='modify' visible='true' lat='35.18109257928' lon='126.90858544144' />
  <node id='-102065' action='modify' visible='true' lat='35.18108302346' lon='126.90859028199' />
  <node id='-102066' action='modify' visible='true' lat='35.18107398795' lon='126.9085947899' />
  <node id='-102067' action='modify' visible='true' lat='35.18106495155' lon='126.90859917533' />
  <node id='-102068' action='modify' visible='true' lat='35.1810565326' lon='126.90860307371' />
  <node id='-102069' action='modify' visible='true' lat='35.18104771334' lon='126.90860716408' />
  <node id='-102070' action='modify' visible='true' lat='35.1810391314' lon='126.90861163067' />
  <node id='-102071' action='modify' visible='true' lat='35.18103086614' lon='126.9086161848' />
  <node id='-102072' action='modify' visible='true' lat='35.18102227729' lon='126.90862080688' />
  <node id='-102073' action='modify' visible='true' lat='35.18101352816' lon='126.90862526829' />
  <node id='-102074' action='modify' visible='true' lat='35.18100444573' lon='126.90862994819' />
  <node id='-102075' action='modify' visible='true' lat='35.180995864' lon='126.908634229' />
  <node id='-102076' action='modify' visible='true' lat='35.18098642919' lon='126.90863869087' />
  <node id='-102077' action='modify' visible='true' lat='35.18097743941' lon='126.90864296748' />
  <node id='-102078' action='modify' visible='true' lat='35.18096909988' lon='126.90864781812' />
  <node id='-102079' action='modify' visible='true' lat='35.18096053116' lon='126.90865288815' />
  <node id='-102080' action='modify' visible='true' lat='35.18095171546' lon='126.90865780976' />
  <node id='-102081' action='modify' visible='true' lat='35.18094245422' lon='126.90866286821' />
  <node id='-102082' action='modify' visible='true' lat='35.18093301943' lon='126.90866795165' />
  <node id='-102083' action='modify' visible='true' lat='35.18092372777' lon='126.90867269476' />
  <node id='-102084' action='modify' visible='true' lat='35.18091504693' lon='126.90867697966' />
  <node id='-102085' action='modify' visible='true' lat='35.18090652024' lon='126.90868101396' />
  <node id='-102086' action='modify' visible='true' lat='35.18089720482' lon='126.90868535697' />
  <node id='-102087' action='modify' visible='true' lat='35.18088792446' lon='126.90869007137' />
  <node id='-102088' action='modify' visible='true' lat='35.18087988304' lon='126.90869596676' />
  <node id='-102089' action='modify' visible='true' lat='35.18087194387' lon='126.90870170435' />
  <node id='-102090' action='modify' visible='true' lat='35.18086303335' lon='126.90870715203' />
  <node id='-102091' action='modify' visible='true' lat='35.18085383789' lon='126.90871217163' />
  <node id='-102092' action='modify' visible='true' lat='35.18084470337' lon='126.9087170003' />
  <node id='-102093' action='modify' visible='true' lat='35.18083506025' lon='126.90872185228' />
  <node id='-102094' action='modify' visible='true' lat='35.18082648182' lon='126.90872614926' />
  <node id='-102095' action='modify' visible='true' lat='35.18081788663' lon='126.9087303177' />
  <node id='-102096' action='modify' visible='true' lat='35.18080903457' lon='126.90873525005' />
  <node id='-102097' action='modify' visible='true' lat='35.18080087763' lon='126.90874033009' />
  <node id='-102098' action='modify' visible='true' lat='35.18079144383' lon='126.90874545428' />
  <node id='-102099' action='modify' visible='true' lat='35.18078198043' lon='126.90875038177' />
  <node id='-102100' action='modify' visible='true' lat='35.18077334397' lon='126.90875466821' />
  <node id='-102101' action='modify' visible='true' lat='35.18076431984' lon='126.90875892177' />
  <node id='-102102' action='modify' visible='true' lat='35.18075469313' lon='126.90876410419' />
  <node id='-102103' action='modify' visible='true' lat='35.18074580496' lon='126.90876901293' />
  <node id='-102104' action='modify' visible='true' lat='35.18073638472' lon='126.90877415' />
  <node id='-102105' action='modify' visible='true' lat='35.18072808413' lon='126.9087785819' />
  <node id='-102106' action='modify' visible='true' lat='35.18071958242' lon='126.90878302357' />
  <node id='-102107' action='modify' visible='true' lat='35.18071125286' lon='126.90878765953' />
  <node id='-102108' action='modify' visible='true' lat='35.1807016389' lon='126.90879302485' />
  <node id='-102109' action='modify' visible='true' lat='35.18069251628' lon='126.90879800092' />
  <node id='-102110' action='modify' visible='true' lat='35.18068382058' lon='126.90880259913' />
  <node id='-102111' action='modify' visible='true' lat='35.18067495286' lon='126.9088070225' />
  <node id='-102112' action='modify' visible='true' lat='35.18066621921' lon='126.90881197233' />
  <node id='-102113' action='modify' visible='true' lat='35.18065771489' lon='126.90881656658' />
  <node id='-102114' action='modify' visible='true' lat='35.18064864445' lon='126.90882124966' />
  <node id='-102115' action='modify' visible='true' lat='35.18063911768' lon='126.90882606447' />
  <node id='-102116' action='modify' visible='true' lat='35.18062993828' lon='126.90883070332' />
  <node id='-102117' action='modify' visible='true' lat='35.18062137138' lon='126.90883507146' />
  <node id='-102118' action='modify' visible='true' lat='35.18061311578' lon='126.90883970914' />
  <node id='-102119' action='modify' visible='true' lat='35.18060473085' lon='126.9088442805' />
  <node id='-102120' action='modify' visible='true' lat='35.1805960003' lon='126.90884914783' />
  <node id='-102121' action='modify' visible='true' lat='35.18058746961' lon='126.90885394235' />
  <node id='-102122' action='modify' visible='true' lat='35.18057842099' lon='126.90885891695' />
  <node id='-102123' action='modify' visible='true' lat='35.18056884758' lon='126.90886410195' />
  <node id='-102124' action='modify' visible='true' lat='35.18055984309' lon='126.90886877081' />
  <node id='-102125' action='modify' visible='true' lat='35.18055058081' lon='126.90887353526' />
  <node id='-102126' action='modify' visible='true' lat='35.18054146928' lon='126.90887821439' />
  <node id='-102127' action='modify' visible='true' lat='35.18053229083' lon='126.9088833589' />
  <node id='-102128' action='modify' visible='true' lat='35.18052337794' lon='126.90888810912' />
  <node id='-102129' action='modify' visible='true' lat='35.18051433663' lon='126.90889305893' />
  <node id='-102130' action='modify' visible='true' lat='35.18050553875' lon='126.90889809242' />
  <node id='-102131' action='modify' visible='true' lat='35.18049652068' lon='126.90890332657' />
  <node id='-102132' action='modify' visible='true' lat='35.18048731491' lon='126.90890848504' />
  <node id='-102133' action='modify' visible='true' lat='35.18047805516' lon='126.90891357575' />
  <node id='-102134' action='modify' visible='true' lat='35.18046919548' lon='126.90891840292' />
  <node id='-102135' action='modify' visible='true' lat='35.18045996419' lon='126.90892339461' />
  <node id='-102136' action='modify' visible='true' lat='35.18045062745' lon='126.90892858575' />
  <node id='-102137' action='modify' visible='true' lat='35.1804416523' lon='126.9089335257' />
  <node id='-102138' action='modify' visible='true' lat='35.1804331201' lon='126.90893802936' />
  <node id='-102139' action='modify' visible='true' lat='35.18042331348' lon='126.90894305841' />
  <node id='-102140' action='modify' visible='true' lat='35.18041450448' lon='126.90894740224' />
  <node id='-102141' action='modify' visible='true' lat='35.18040604929' lon='126.90895165805' />
  <node id='-102142' action='modify' visible='true' lat='35.1803971967' lon='126.90895653382' />
  <node id='-102143' action='modify' visible='true' lat='35.18038791891' lon='126.90896162446' />
  <node id='-102144' action='modify' visible='true' lat='35.18037906394' lon='126.90896633548' />
  <node id='-102145' action='modify' visible='true' lat='35.18037006683' lon='126.9089710367' />
  <node id='-102146' action='modify' visible='true' lat='35.18036058018' lon='126.90897575581' />
  <node id='-102147' action='modify' visible='true' lat='35.18035167199' lon='126.90898009569' />
  <node id='-102148' action='modify' visible='true' lat='35.1803424949' lon='126.9089845155' />
  <node id='-102149' action='modify' visible='true' lat='35.18033341336' lon='126.90898945419' />
  <node id='-102150' action='modify' visible='true' lat='35.18032452974' lon='126.90899421281' />
  <node id='-102151' action='modify' visible='true' lat='35.18031501044' lon='126.90899897456' />
  <node id='-102152' action='modify' visible='true' lat='35.18030625358' lon='126.9090034342' />
  <node id='-102153' action='modify' visible='true' lat='35.1802975368' lon='126.90900778167' />
  <node id='-102154' action='modify' visible='true' lat='35.18028915162' lon='126.90901191899' />
  <node id='-102155' action='modify' visible='true' lat='35.18027953976' lon='126.90901656754' />
  <node id='-102156' action='modify' visible='true' lat='35.18026999581' lon='126.90902201747' />
  <node id='-102157' action='modify' visible='true' lat='35.18026086532' lon='126.909027076' />
  <node id='-102158' action='modify' visible='true' lat='35.18025177821' lon='126.90903181437' />
  <node id='-102159' action='modify' visible='true' lat='35.18024276506' lon='126.90903670036' />
  <node id='-102160' action='modify' visible='true' lat='35.18023372784' lon='126.90904149969' />
  <node id='-102161' action='modify' visible='true' lat='35.18022417506' lon='126.90904637712' />
  <node id='-102162' action='modify' visible='true' lat='35.18021448899' lon='126.90905111494' />
  <node id='-102163' action='modify' visible='true' lat='35.18020498206' lon='126.90905564646' />
  <node id='-102164' action='modify' visible='true' lat='35.18019536696' lon='126.90905998181' />
  <node id='-102165' action='modify' visible='true' lat='35.18018614213' lon='126.90906417956' />
  <node id='-102166' action='modify' visible='true' lat='35.18017666127' lon='126.90906859675' />
  <node id='-102167' action='modify' visible='true' lat='35.18016748291' lon='126.90907287683' />
  <node id='-102168' action='modify' visible='true' lat='35.18015794464' lon='126.90907702179' />
  <node id='-102169' action='modify' visible='true' lat='35.18014822223' lon='126.90908200423' />
  <node id='-102170' action='modify' visible='true' lat='35.18013900794' lon='126.90908670182' />
  <node id='-102171' action='modify' visible='true' lat='35.18013023691' lon='126.90909090147' />
  <node id='-102172' action='modify' visible='true' lat='35.18012096326' lon='126.90909519712' />
  <node id='-102173' action='modify' visible='true' lat='35.1801117643' lon='126.90909946533' />
  <node id='-102174' action='modify' visible='true' lat='35.18010229478' lon='126.90910401766' />
  <node id='-102175' action='modify' visible='true' lat='35.18009328095' lon='126.9091081732' />
  <node id='-102176' action='modify' visible='true' lat='35.18008327879' lon='126.9091127193' />
  <node id='-102177' action='modify' visible='true' lat='35.18007333955' lon='126.90911710334' />
  <node id='-102178' action='modify' visible='true' lat='35.18006387775' lon='126.90912154142' />
  <node id='-102179' action='modify' visible='true' lat='35.18005422896' lon='126.90912612264' />
  <node id='-102180' action='modify' visible='true' lat='35.180044344' lon='126.90913071735' />
  <node id='-102181' action='modify' visible='true' lat='35.1800344815' lon='126.90913518073' />
  <node id='-102182' action='modify' visible='true' lat='35.18002441562' lon='126.90913963356' />
  <node id='-102183' action='modify' visible='true' lat='35.18001582971' lon='126.90914342485' />
  <node id='-102184' action='modify' visible='true' lat='35.18000690531' lon='126.9091475394' />
  <node id='-102185' action='modify' visible='true' lat='35.17999774257' lon='126.90915177361' />
  <node id='-102186' action='modify' visible='true' lat='35.17998914002' lon='126.90915570457' />
  <node id='-102187' action='modify' visible='true' lat='35.17998011108' lon='126.90915962037' />
  <node id='-102188' action='modify' visible='true' lat='35.17997389829' lon='126.9091623555' />
  <node id='-102189' action='modify' visible='true' lat='35.17971116524' lon='126.90922111256' />
  <node id='-102190' action='modify' visible='true' lat='35.17970554747' lon='126.90920786915' />
  <node id='-102191' action='modify' visible='true' lat='35.17969910759' lon='126.90919412283' />
  <node id='-102192' action='modify' visible='true' lat='35.17969157169' lon='126.90917819705' />
  <node id='-102193' action='modify' visible='true' lat='35.17968554286' lon='126.90916679766' />
  <node id='-102194' action='modify' visible='true' lat='35.17968040191' lon='126.90915448338' />
  <node id='-102195' action='modify' visible='true' lat='35.17967456161' lon='126.90914378773' />
  <node id='-102196' action='modify' visible='true' lat='35.17966917577' lon='126.90913275791' />
  <node id='-102197' action='modify' visible='true' lat='35.1796639016' lon='126.9091216623' />
  <node id='-102198' action='modify' visible='true' lat='35.17965865193' lon='126.90911084236' />
  <node id='-102199' action='modify' visible='true' lat='35.17965353095' lon='126.90910021955' />
  <node id='-102200' action='modify' visible='true' lat='35.17964857644' lon='126.90908933686' />
  <node id='-102201' action='modify' visible='true' lat='35.17964398098' lon='126.90907774622' />
  <node id='-102202' action='modify' visible='true' lat='35.17963985661' lon='126.90906594912' />
  <node id='-102203' action='modify' visible='true' lat='35.17963622026' lon='126.90905591402' />
  <node id='-102204' action='modify' visible='true' lat='35.17963207023' lon='126.90904593863' />
  <node id='-102205' action='modify' visible='true' lat='35.17962746055' lon='126.90903476633' />
  <node id='-102206' action='modify' visible='true' lat='35.17962345765' lon='126.90902426441' />
  <node id='-102207' action='modify' visible='true' lat='35.17961997975' lon='126.90901399739' />
  <node id='-102208' action='modify' visible='true' lat='35.17961602225' lon='126.90900255662' />
  <node id='-102209' action='modify' visible='true' lat='35.17961197267' lon='126.90899120303' />
  <node id='-102210' action='modify' visible='true' lat='35.17960799406' lon='126.90897947646' />
  <node id='-102211' action='modify' visible='true' lat='35.17960456672' lon='126.90896895293' />
  <node id='-102212' action='modify' visible='true' lat='35.17960084299' lon='126.90895732051' />
  <node id='-102213' action='modify' visible='true' lat='35.17959746808' lon='126.90894653649' />
  <node id='-102214' action='modify' visible='true' lat='35.17959364379' lon='126.90893526934' />
  <node id='-102215' action='modify' visible='true' lat='35.17958968791' lon='126.90892442889' />
  <node id='-102216' action='modify' visible='true' lat='35.17958597316' lon='126.90891385065' />
  <node id='-102217' action='modify' visible='true' lat='35.17958249042' lon='126.90890363579' />
  <node id='-102218' action='modify' visible='true' lat='35.17957871893' lon='126.90889152729' />
  <node id='-102219' action='modify' visible='true' lat='35.17957479884' lon='126.90887929173' />
  <node id='-102220' action='modify' visible='true' lat='35.17957032268' lon='126.90886734176' />
  <node id='-102221' action='modify' visible='true' lat='35.17956582611' lon='126.90885558884' />
  <node id='-102222' action='modify' visible='true' lat='35.17956205517' lon='126.90884549014' />
  <node id='-102223' action='modify' visible='true' lat='35.17955803121' lon='126.9088343891' />
  <node id='-102224' action='modify' visible='true' lat='35.17955424988' lon='126.90882375672' />
  <node id='-102225' action='modify' visible='true' lat='35.17955028187' lon='126.90881240633' />
  <node id='-102226' action='modify' visible='true' lat='35.17954631967' lon='126.90880087865' />
  <node id='-102227' action='modify' visible='true' lat='35.17954216727' lon='126.90878900129' />
  <node id='-102228' action='modify' visible='true' lat='35.17953864643' lon='126.9087786768' />
  <node id='-102229' action='modify' visible='true' lat='35.17953435872' lon='126.90876646628' />
  <node id='-102230' action='modify' visible='true' lat='35.17952937366' lon='126.90875457461' />
  <node id='-102231' action='modify' visible='true' lat='35.17952368544' lon='126.90874284451' />
  <node id='-102232' action='modify' visible='true' lat='35.17951858086' lon='126.90873106049' />
  <node id='-102233' action='modify' visible='true' lat='35.17951448613' lon='126.9087211356' />
  <node id='-102234' action='modify' visible='true' lat='35.17950978285' lon='126.9087091715' />
  <node id='-102235' action='modify' visible='true' lat='35.17950509869' lon='126.90869736918' />
  <node id='-102236' action='modify' visible='true' lat='35.17950084899' lon='126.90868593137' />
  <node id='-102237' action='modify' visible='true' lat='35.17949681369' lon='126.90867486875' />
  <node id='-102238' action='modify' visible='true' lat='35.17949248371' lon='126.90866323441' />
  <node id='-102239' action='modify' visible='true' lat='35.17948824938' lon='126.90865175992' />
  <node id='-102240' action='modify' visible='true' lat='35.17948380059' lon='126.90864036494' />
  <node id='-102241' action='modify' visible='true' lat='35.17947914461' lon='126.90862828079' />
  <node id='-102242' action='modify' visible='true' lat='35.17947454333' lon='126.90861595563' />
  <node id='-102243' action='modify' visible='true' lat='35.17947023941' lon='126.90860429307' />
  <node id='-102244' action='modify' visible='true' lat='35.17946619705' lon='126.90859283941' />
  <node id='-102245' action='modify' visible='true' lat='35.17946181588' lon='126.90858021758' />
  <node id='-102246' action='modify' visible='true' lat='35.17945786722' lon='126.90856844793' />
  <node id='-102247' action='modify' visible='true' lat='35.17945320885' lon='126.90855629351' />
  <node id='-102248' action='modify' visible='true' lat='35.17944846576' lon='126.90854465401' />
  <node id='-102249' action='modify' visible='true' lat='35.17944453714' lon='126.90853332191' />
  <node id='-102250' action='modify' visible='true' lat='35.17944079454' lon='126.9085220442' />
  <node id='-102251' action='modify' visible='true' lat='35.17943657607' lon='126.90851024269' />
  <node id='-102252' action='modify' visible='true' lat='35.17943230701' lon='126.9084981624' />
  <node id='-102253' action='modify' visible='true' lat='35.17942803788' lon='126.90848614963' />
  <node id='-102254' action='modify' visible='true' lat='35.17942435024' lon='126.90847606505' />
  <node id='-102255' action='modify' visible='true' lat='35.17942005834' lon='126.90846427106' />
  <node id='-102256' action='modify' visible='true' lat='35.1794162315' lon='126.90845333317' />
  <node id='-102257' action='modify' visible='true' lat='35.17941239026' lon='126.90844202067' />
  <node id='-102258' action='modify' visible='true' lat='35.17940844652' lon='126.90843012127' />
  <node id='-102259' action='modify' visible='true' lat='35.17940438329' lon='126.9084186502' />
  <node id='-102260' action='modify' visible='true' lat='35.17939975383' lon='126.90840765747' />
  <node id='-102261' action='modify' visible='true' lat='35.17939541241' lon='126.9083957278' />
  <node id='-102262' action='modify' visible='true' lat='35.17939120737' lon='126.90838398171' />
  <node id='-102263' action='modify' visible='true' lat='35.17938684274' lon='126.90837196354' />
  <node id='-102264' action='modify' visible='true' lat='35.17938313995' lon='126.90836004087' />
  <node id='-102265' action='modify' visible='true' lat='35.17937954009' lon='126.90834871632' />
  <node id='-102266' action='modify' visible='true' lat='35.17937597965' lon='126.90833786213' />
  <node id='-102267' action='modify' visible='true' lat='35.17937251356' lon='126.90832719691' />
  <node id='-102268' action='modify' visible='true' lat='35.17936903214' lon='126.90831627735' />
  <node id='-102269' action='modify' visible='true' lat='35.17936575407' lon='126.90830566505' />
  <node id='-102270' action='modify' visible='true' lat='35.17936252308' lon='126.90829514866' />
  <node id='-102271' action='modify' visible='true' lat='35.17935910751' lon='126.90828384695' />
  <node id='-102272' action='modify' visible='true' lat='35.179355438' lon='126.90827195669' />
  <node id='-102273' action='modify' visible='true' lat='35.1793515301' lon='126.90826127879' />
  <node id='-102274' action='modify' visible='true' lat='35.17934714476' lon='126.90825037074' />
  <node id='-102275' action='modify' visible='true' lat='35.1793426336' lon='126.90823920431' />
  <node id='-102276' action='modify' visible='true' lat='35.1793382082' lon='126.9082279936' />
  <node id='-102277' action='modify' visible='true' lat='35.17933400833' lon='126.90821679814' />
  <node id='-102278' action='modify' visible='true' lat='35.17932994835' lon='126.90820570977' />
  <node id='-102279' action='modify' visible='true' lat='35.17932624639' lon='126.90819414044' />
  <node id='-102280' action='modify' visible='true' lat='35.17932259229' lon='126.90818258728' />
  <node id='-102281' action='modify' visible='true' lat='35.17931909435' lon='126.90817120794' />
  <node id='-102282' action='modify' visible='true' lat='35.1793155405' lon='126.90815947849' />
  <node id='-102283' action='modify' visible='true' lat='35.17931216481' lon='126.90814767574' />
  <node id='-102284' action='modify' visible='true' lat='35.17930892764' lon='126.90813596698' />
  <node id='-102285' action='modify' visible='true' lat='35.17930675699' lon='126.90812331894' />
  <node id='-102286' action='modify' visible='true' lat='35.17930380747' lon='126.90811067786' />
  <node id='-102287' action='modify' visible='true' lat='35.17933987247' lon='126.90805364574' />
  <node id='-102288' action='modify' visible='true' lat='35.17934844886' lon='126.90804756473' />
  <node id='-102289' action='modify' visible='true' lat='35.17935740192' lon='126.90804176078' />
  <node id='-102290' action='modify' visible='true' lat='35.17936658282' lon='126.90803651881' />
  <node id='-102291' action='modify' visible='true' lat='35.17937611131' lon='126.90803152996' />
  <node id='-102292' action='modify' visible='true' lat='35.17938444784' lon='126.90802709184' />
  <node id='-102293' action='modify' visible='true' lat='35.17939472461' lon='126.90802229831' />
  <node id='-102294' action='modify' visible='true' lat='35.17940505765' lon='126.90801744209' />
  <node id='-102295' action='modify' visible='true' lat='35.17941525127' lon='126.90801291421' />
  <node id='-102296' action='modify' visible='true' lat='35.17942525252' lon='126.90800734082' />
  <node id='-102297' action='modify' visible='true' lat='35.17943485104' lon='126.90800234018' />
  <node id='-102298' action='modify' visible='true' lat='35.17944516827' lon='126.90799731891' />
  <node id='-102299' action='modify' visible='true' lat='35.17945564952' lon='126.90799226622' />
  <node id='-102300' action='modify' visible='true' lat='35.17946443908' lon='126.90798839108' />
  <node id='-102301' action='modify' visible='true' lat='35.17947335023' lon='126.90798432272' />
  <node id='-102302' action='modify' visible='true' lat='35.17948235883' lon='126.90798025209' />
  <node id='-102303' action='modify' visible='true' lat='35.17949155082' lon='126.90797598312' />
  <node id='-102304' action='modify' visible='true' lat='35.17950114984' lon='126.90797109861' />
  <node id='-102305' action='modify' visible='true' lat='35.17951036781' lon='126.90796637538' />
  <node id='-102306' action='modify' visible='true' lat='35.17951925154' lon='126.90796191368' />
  <node id='-102307' action='modify' visible='true' lat='35.17952827532' lon='126.90795757081' />
  <node id='-102308' action='modify' visible='true' lat='35.17953758873' lon='126.90795311868' />
  <node id='-102309' action='modify' visible='true' lat='35.17954727612' lon='126.90794872308' />
  <node id='-102310' action='modify' visible='true' lat='35.17955669951' lon='126.90794458225' />
  <node id='-102311' action='modify' visible='true' lat='35.17956557986' lon='126.90794074574' />
  <node id='-102312' action='modify' visible='true' lat='35.179574713' lon='126.90793675404' />
  <node id='-102313' action='modify' visible='true' lat='35.17958337502' lon='126.90793313264' />
  <node id='-102314' action='modify' visible='true' lat='35.1795922145' lon='126.90792952103' />
  <node id='-102315' action='modify' visible='true' lat='35.17960168568' lon='126.90792590202' />
  <node id='-102316' action='modify' visible='true' lat='35.17960963425' lon='126.90792258812' />
  <node id='-102317' action='modify' visible='true' lat='35.1796186775' lon='126.90791806189' />
  <node id='-102318' action='modify' visible='true' lat='35.17962998149' lon='126.90791269756' />
  <node id='-102319' action='modify' visible='true' lat='35.17964142264' lon='126.90790699778' />
  <node id='-102320' action='modify' visible='true' lat='35.17964841061' lon='126.9079229234' />
  <node id='-102321' action='modify' visible='true' lat='35.17965526155' lon='126.90793734027' />
  <node id='-102322' action='modify' visible='true' lat='35.17966116688' lon='126.90795120696' />
  <node id='-102323' action='modify' visible='true' lat='35.17966682716' lon='126.90796160203' />
  <node id='-102324' action='modify' visible='true' lat='35.17967081673' lon='126.90797225649' />
  <node id='-102325' action='modify' visible='true' lat='35.17967494873' lon='126.90798236254' />
  <node id='-102326' action='modify' visible='true' lat='35.17967968669' lon='126.90799328672' />
  <node id='-102327' action='modify' visible='true' lat='35.17968441004' lon='126.90800442585' />
  <node id='-102328' action='modify' visible='true' lat='35.17968918572' lon='126.9080160941' />
  <node id='-102329' action='modify' visible='true' lat='35.179693087' lon='126.90802610067' />
  <node id='-102330' action='modify' visible='true' lat='35.1796966142' lon='126.90803631542' />
  <node id='-102331' action='modify' visible='true' lat='35.1797000251' lon='126.90804657943' />
  <node id='-102332' action='modify' visible='true' lat='35.17970393854' lon='126.9080580849' />
  <node id='-102333' action='modify' visible='true' lat='35.17970846516' lon='126.90806935436' />
  <node id='-102334' action='modify' visible='true' lat='35.17971291104' lon='126.90808015553' />
  <node id='-102335' action='modify' visible='true' lat='35.1797178323' lon='126.90809239206' />
  <node id='-102336' action='modify' visible='true' lat='35.17972254826' lon='126.90810441577' />
  <node id='-102337' action='modify' visible='true' lat='35.17972698207' lon='126.90811634855' />
  <node id='-102338' action='modify' visible='true' lat='35.17973141339' lon='126.90812825329' />
  <node id='-102339' action='modify' visible='true' lat='35.17973577643' lon='126.90814055469' />
  <node id='-102340' action='modify' visible='true' lat='35.17973947099' lon='126.90815068516' />
  <node id='-102341' action='modify' visible='true' lat='35.17974411883' lon='126.90816309565' />
  <node id='-102342' action='modify' visible='true' lat='35.17974850672' lon='126.90817511917' />
  <node id='-102343' action='modify' visible='true' lat='35.1797528549' lon='126.90818667854' />
  <node id='-102344' action='modify' visible='true' lat='35.17975784878' lon='126.90819855367' />
  <node id='-102345' action='modify' visible='true' lat='35.17976235111' lon='126.90820918574' />
  <node id='-102346' action='modify' visible='true' lat='35.17976645944' lon='126.90821905717' />
  <node id='-102347' action='modify' visible='true' lat='35.17977082986' lon='126.90822962505' />
  <node id='-102348' action='modify' visible='true' lat='35.17977520594' lon='126.90824098652' />
  <node id='-102349' action='modify' visible='true' lat='35.17977920972' lon='126.90825164715' />
  <node id='-102350' action='modify' visible='true' lat='35.17978311331' lon='126.90826263167' />
  <node id='-102351' action='modify' visible='true' lat='35.1797874136' lon='126.90827490765' />
  <node id='-102352' action='modify' visible='true' lat='35.17979155877' lon='126.90828699611' />
  <node id='-102353' action='modify' visible='true' lat='35.17979501767' lon='126.90829737663' />
  <node id='-102354' action='modify' visible='true' lat='35.17979856156' lon='126.90830791425' />
  <node id='-102355' action='modify' visible='true' lat='35.17980283115' lon='126.90831982127' />
  <node id='-102356' action='modify' visible='true' lat='35.17980742174' lon='126.90833174792' />
  <node id='-102357' action='modify' visible='true' lat='35.17981196682' lon='126.90834408012' />
  <node id='-102358' action='modify' visible='true' lat='35.17981559299' lon='126.90835427484' />
  <node id='-102359' action='modify' visible='true' lat='35.17981945486' lon='126.90836525805' />
  <node id='-102360' action='modify' visible='true' lat='35.17982301129' lon='126.90837567901' />
  <node id='-102361' action='modify' visible='true' lat='35.17982642367' lon='126.9083861315' />
  <node id='-102362' action='modify' visible='true' lat='35.17983021817' lon='126.90839677825' />
  <node id='-102363' action='modify' visible='true' lat='35.17983422492' lon='126.90840710821' />
  <node id='-102364' action='modify' visible='true' lat='35.17983827313' lon='126.90841749995' />
  <node id='-102365' action='modify' visible='true' lat='35.17984252248' lon='126.90842779495' />
  <node id='-102366' action='modify' visible='true' lat='35.17984676427' lon='126.90843793531' />
  <node id='-102367' action='modify' visible='true' lat='35.17985085186' lon='126.90844785499' />
  <node id='-102368' action='modify' visible='true' lat='35.17985577935' lon='126.90845998271' />
  <node id='-102369' action='modify' visible='true' lat='35.17986056137' lon='126.90847223525' />
  <node id='-102370' action='modify' visible='true' lat='35.17986526068' lon='126.90848486837' />
  <node id='-102371' action='modify' visible='true' lat='35.17986971251' lon='126.90849713223' />
  <node id='-102372' action='modify' visible='true' lat='35.17987372685' lon='126.90850833238' />
  <node id='-102373' action='modify' visible='true' lat='35.17987742542' lon='126.90851907794' />
  <node id='-102374' action='modify' visible='true' lat='35.17988133939' lon='126.9085305765' />
  <node id='-102375' action='modify' visible='true' lat='35.17988529885' lon='126.9085414378' />
  <node id='-102376' action='modify' visible='true' lat='35.17988964279' lon='126.9085535318' />
  <node id='-102377' action='modify' visible='true' lat='35.17989408332' lon='126.90856518925' />
  <node id='-102378' action='modify' visible='true' lat='35.17989841988' lon='126.90857692975' />
  <node id='-102379' action='modify' visible='true' lat='35.17990293777' lon='126.9085888572' />
  <node id='-102380' action='modify' visible='true' lat='35.17990735141' lon='126.90860057367' />
  <node id='-102381' action='modify' visible='true' lat='35.17991199377' lon='126.90861279818' />
  <node id='-102382' action='modify' visible='true' lat='35.17991647428' lon='126.90862340239' />
  <node id='-102383' action='modify' visible='true' lat='35.17992066197' lon='126.90863313085' />
  <node id='-102384' action='modify' visible='true' lat='35.17992615302' lon='126.90864491266' />
  <node id='-102385' action='modify' visible='true' lat='35.17993147257' lon='126.90865717403' />
  <node id='-102386' action='modify' visible='true' lat='35.17993575768' lon='126.90866767322' />
  <node id='-102387' action='modify' visible='true' lat='35.17994013454' lon='126.90867888304' />
  <node id='-102388' action='modify' visible='true' lat='35.17994464034' lon='126.90869058135' />
  <node id='-102389' action='modify' visible='true' lat='35.1799491125' lon='126.90870256118' />
  <node id='-102390' action='modify' visible='true' lat='35.17995408677' lon='126.90871477472' />
  <node id='-102391' action='modify' visible='true' lat='35.1799595334' lon='126.90872644777' />
  <node id='-102392' action='modify' visible='true' lat='35.17996410332' lon='126.90873706559' />
  <node id='-102393' action='modify' visible='true' lat='35.17996872775' lon='126.90874800416' />
  <node id='-102394' action='modify' visible='true' lat='35.17997348222' lon='126.90875965691' />
  <node id='-102395' action='modify' visible='true' lat='35.17997860787' lon='126.90877171008' />
  <node id='-102396' action='modify' visible='true' lat='35.17998417009' lon='126.90878323584' />
  <node id='-102397' action='modify' visible='true' lat='35.1799888429' lon='126.90879269482' />
  <node id='-102398' action='modify' visible='true' lat='35.17999420466' lon='126.90880451518' />
  <node id='-102399' action='modify' visible='true' lat='35.17999919439' lon='126.90881612476' />
  <node id='-102400' action='modify' visible='true' lat='35.18000434532' lon='126.90882670032' />
  <node id='-102401' action='modify' visible='true' lat='35.18000960044' lon='126.90883598824' />
  <node id='-102402' action='modify' visible='true' lat='35.18001603149' lon='126.90884727968' />
  <node id='-102403' action='modify' visible='true' lat='35.18002110117' lon='126.90885733796' />
  <node id='-102404' action='modify' visible='true' lat='35.1800250747' lon='126.90886622278' />
  <node id='-102405' action='modify' visible='true' lat='35.18002781506' lon='126.90887460468' />
  <node id='-102406' action='modify' visible='true' lat='35.18003147077' lon='126.90888518664' />
  <node id='-102407' action='modify' visible='true' lat='35.1800357109' lon='126.90889680224' />
  <node id='-102408' action='modify' visible='true' lat='35.18003989947' lon='126.90890893317' />
  <node id='-102409' action='modify' visible='true' lat='35.18004369663' lon='126.90892039599' />
  <node id='-102410' action='modify' visible='true' lat='35.18004743351' lon='126.90893214576' />
  <node id='-102411' action='modify' visible='true' lat='35.18005091844' lon='126.9089434089' />
  <node id='-102412' action='modify' visible='true' lat='35.18005457634' lon='126.90895572547' />
  <node id='-102413' action='modify' visible='true' lat='35.18005775582' lon='126.90896701726' />
  <node id='-102414' action='modify' visible='true' lat='35.1800609275' lon='126.90897804433' />
  <node id='-102415' action='modify' visible='true' lat='35.18006510805' lon='126.90898969926' />
  <node id='-102416' action='modify' visible='true' lat='35.1800694747' lon='126.90900115643' />
  <node id='-102417' action='modify' visible='true' lat='35.18007418941' lon='126.90901355394' />
  <node id='-102418' action='modify' visible='true' lat='35.18007783648' lon='126.90902367653' />
  <node id='-102419' action='modify' visible='true' lat='35.18008121789' lon='126.90903577261' />
  <node id='-102420' action='modify' visible='true' lat='35.18008426657' lon='126.90904526023' />
  <node id='-102421' action='modify' visible='true' lat='35.17996854166' lon='126.90916571883' />
  <node id='-102422' action='modify' visible='true' lat='35.17995987137' lon='126.90917094582' />
  <node id='-102423' action='modify' visible='true' lat='35.17995148525' lon='126.90917496487' />
  <node id='-102424' action='modify' visible='true' lat='35.17994246206' lon='126.90917965498' />
  <node id='-102425' action='modify' visible='true' lat='35.17993369944' lon='126.90918470058' />
  <node id='-102426' action='modify' visible='true' lat='35.179925048' lon='126.90918912483' />
  <node id='-102427' action='modify' visible='true' lat='35.17991619508' lon='126.90919326834' />
  <node id='-102428' action='modify' visible='true' lat='35.17990744907' lon='126.90919706467' />
  <node id='-102429' action='modify' visible='true' lat='35.17989879734' lon='126.90920115685' />
  <node id='-102430' action='modify' visible='true' lat='35.17988897105' lon='126.90920679988' />
  <node id='-102431' action='modify' visible='true' lat='35.17988230154' lon='126.90921055136' />
  <node id='-102432' action='modify' visible='true' lat='35.17987503663' lon='126.90921413782' />
  <node id='-102433' action='modify' visible='true' lat='35.17986859969' lon='126.90921708925' />
  <node id='-102434' action='modify' visible='true' lat='35.17986092665' lon='126.90921993909' />
  <node id='-102435' action='modify' visible='true' lat='35.17985380168' lon='126.90922345949' />
  <node id='-102436' action='modify' visible='true' lat='35.17984914305' lon='126.90922563879' />
  <node id='-102437' action='modify' visible='true' lat='35.17984475846' lon='126.90922781808' />
  <node id='-102438' action='modify' visible='true' lat='35.17984023685' lon='126.90923050029' />
  <node id='-102439' action='modify' visible='true' lat='35.17983407101' lon='126.90923351778' />
  <node id='-102440' action='modify' visible='true' lat='35.17982804233' lon='126.90923754092' />
  <node id='-102441' action='modify' visible='true' lat='35.179819273' lon='126.90924223496' />
  <node id='-102442' action='modify' visible='true' lat='35.17981078957' lon='126.90924759683' />
  <node id='-102443' action='modify' visible='true' lat='35.17980193728' lon='126.90925450625' />
  <node id='-102444' action='modify' visible='true' lat='35.1797928284' lon='126.90926050751' />
  <node id='-102445' action='modify' visible='true' lat='35.1797844704' lon='126.90926570412' />
  <node id='-102446' action='modify' visible='true' lat='35.17977679722' lon='126.90927090107' />
  <node id='-102447' action='modify' visible='true' lat='35.17976898715' lon='126.90927609785' />
  <node id='-102448' action='modify' visible='true' lat='35.17975912181' lon='126.90928213282' />
  <node id='-102449' action='modify' visible='true' lat='35.17974788627' lon='126.9092873296' />
  <node id='-102450' action='modify' visible='true' lat='35.17973925409' lon='126.90929202346' />
  <node id='-102451' action='modify' visible='true' lat='35.17973226883' lon='126.90929530303' />
  <node id='-102452' action='modify' visible='true' lat='35.17972359149' lon='126.90929961847' />
  <node id='-102453' action='modify' visible='true' lat='35.17971485576' lon='126.90930387093' />
  <node id='-102454' action='modify' visible='true' lat='35.17970631684' lon='126.90930798718' />
  <node id='-102455' action='modify' visible='true' lat='35.17969638267' lon='126.90931378858' />
  <node id='-102456' action='modify' visible='true' lat='35.17968717485' lon='126.90932041256' />
  <node id='-102457' action='modify' visible='true' lat='35.17967789696' lon='126.90932598782' />
  <node id='-102458' action='modify' visible='true' lat='35.17966839241' lon='126.90933147007' />
  <node id='-102459' action='modify' visible='true' lat='35.17965981445' lon='126.90933627233' />
  <node id='-102460' action='modify' visible='true' lat='35.17965126128' lon='126.90934165217' />
  <node id='-102461' action='modify' visible='true' lat='35.17964260532' lon='126.90934743039' />
  <node id='-102462' action='modify' visible='true' lat='35.17963423977' lon='126.90935307456' />
  <node id='-102463' action='modify' visible='true' lat='35.17962514283' lon='126.90935909528' />
  <node id='-102464' action='modify' visible='true' lat='35.17961704542' lon='126.90936427887' />
  <node id='-102465' action='modify' visible='true' lat='35.17960819087' lon='126.9093699453' />
  <node id='-102466' action='modify' visible='true' lat='35.17959819498' lon='126.9093761112' />
  <node id='-102467' action='modify' visible='true' lat='35.17958994724' lon='126.90938109129' />
  <node id='-102468' action='modify' visible='true' lat='35.17958179972' lon='126.90938601271' />
  <node id='-102469' action='modify' visible='true' lat='35.17957193713' lon='126.90939152058' />
  <node id='-102470' action='modify' visible='true' lat='35.17956256726' lon='126.90939610258' />
  <node id='-102471' action='modify' visible='true' lat='35.17955337746' lon='126.90940119201' />
  <node id='-102472' action='modify' visible='true' lat='35.17954485384' lon='126.90940614398' />
  <node id='-102473' action='modify' visible='true' lat='35.17953643537' lon='126.90941107324' />
  <node id='-102474' action='modify' visible='true' lat='35.17952798029' lon='126.90941588672' />
  <node id='-102475' action='modify' visible='true' lat='35.17951820289' lon='126.90942123874' />
  <node id='-102476' action='modify' visible='true' lat='35.17950856774' lon='126.9094264399' />
  <node id='-102477' action='modify' visible='true' lat='35.17950025809' lon='126.90943089016' />
  <node id='-102478' action='modify' visible='true' lat='35.17949026675' lon='126.90943599935' />
  <node id='-102479' action='modify' visible='true' lat='35.17948045207' lon='126.9094413713' />
  <node id='-102480' action='modify' visible='true' lat='35.17947041866' lon='126.90944709573' />
  <node id='-102481' action='modify' visible='true' lat='35.17946066549' lon='126.90945264534' />
  <node id='-102482' action='modify' visible='true' lat='35.17945241892' lon='126.9094571366' />
  <node id='-102483' action='modify' visible='true' lat='35.1794425699' lon='126.90946246453' />
  <node id='-102484' action='modify' visible='true' lat='35.17943243267' lon='126.90946802239' />
  <node id='-102485' action='modify' visible='true' lat='35.17942413442' lon='126.90947246823' />
  <node id='-102486' action='modify' visible='true' lat='35.17941407124' lon='126.90947770479' />
  <node id='-102487' action='modify' visible='true' lat='35.17940576075' lon='126.90948204179' />
  <node id='-102488' action='modify' visible='true' lat='35.17939725351' lon='126.90948677032' />
  <node id='-102489' action='modify' visible='true' lat='35.17938709737' lon='126.90949219406' />
  <node id='-102490' action='modify' visible='true' lat='35.17937852683' lon='126.9094966571' />
  <node id='-102491' action='modify' visible='true' lat='35.1793700289' lon='126.90950091775' />
  <node id='-102492' action='modify' visible='true' lat='35.17936099088' lon='126.90950586461' />
  <node id='-102493' action='modify' visible='true' lat='35.17935262881' lon='126.9095104896' />
  <node id='-102494' action='modify' visible='true' lat='35.17934223918' lon='126.90951613984' />
  <node id='-102495' action='modify' visible='true' lat='35.17933236884' lon='126.90952190692' />
  <node id='-102496' action='modify' visible='true' lat='35.17932421605' lon='126.90952705777' />
  <node id='-102497' action='modify' visible='true' lat='35.1793139033' lon='126.90953259888' />
  <node id='-102498' action='modify' visible='true' lat='35.17930393976' lon='126.9095374179' />
  <node id='-102499' action='modify' visible='true' lat='35.17929551187' lon='126.90954131694' />
  <node id='-102500' action='modify' visible='true' lat='35.17928547295' lon='126.90954585578' />
  <node id='-102501' action='modify' visible='true' lat='35.17927554297' lon='126.9095507962' />
  <node id='-102502' action='modify' visible='true' lat='35.17926612425' lon='126.909555163' />
  <node id='-102503' action='modify' visible='true' lat='35.1792574005' lon='126.90955925126' />
  <node id='-102504' action='modify' visible='true' lat='35.17924782655' lon='126.90956365538' />
  <node id='-102505' action='modify' visible='true' lat='35.17923890818' lon='126.90956741246' />
  <node id='-102506' action='modify' visible='true' lat='35.17922917867' lon='126.90957157242' />
  <node id='-102507' action='modify' visible='true' lat='35.17922035464' lon='126.90957462064' />
  <node id='-102508' action='modify' visible='true' lat='35.17921147923' lon='126.90957669362' />
  <node id='-102509' action='modify' visible='true' lat='35.17920296107' lon='126.90958019312' />
  <node id='-102510' action='modify' visible='true' lat='35.17919199949' lon='126.90958421644' />
  <node id='-102511' action='modify' visible='true' lat='35.17918103792' lon='126.90958924558' />
  <node id='-102512' action='modify' visible='true' lat='35.17916870615' lon='126.90959427472' />
  <node id='-102513' action='modify' visible='true' lat='35.17915473013' lon='126.90959997442' />
  <node id='-102514' action='modify' visible='true' lat='35.17914048008' lon='126.90960533883' />
  <node id='-102515' action='modify' visible='true' lat='35.17912568195' lon='126.90961170908' />
  <node id='-102516' action='modify' visible='true' lat='35.17911280208' lon='126.90961673822' />
  <node id='-102517' action='modify' visible='true' lat='35.17910786937' lon='126.90959662165' />
  <node id='-102518' action='modify' visible='true' lat='35.17910252546' lon='126.90958002565' />
  <node id='-102519' action='modify' visible='true' lat='35.17909786679' lon='126.90956577642' />
  <node id='-102520' action='modify' visible='true' lat='35.17909211195' lon='126.9095520301' />
  <node id='-102521' action='modify' visible='true' lat='35.17908786448' lon='126.90953995999' />
  <node id='-102522' action='modify' visible='true' lat='35.17908402792' lon='126.90953057226' />
  <node id='-102523' action='modify' visible='true' lat='35.17907843959' lon='126.90951620397' />
  <node id='-102524' action='modify' visible='true' lat='35.17907413777' lon='126.90950450997' />
  <node id='-102525' action='modify' visible='true' lat='35.17906967841' lon='126.90949219311' />
  <node id='-102526' action='modify' visible='true' lat='35.17906577086' lon='126.9094822633' />
  <node id='-102527' action='modify' visible='true' lat='35.17906174886' lon='126.90947198674' />
  <node id='-102528' action='modify' visible='true' lat='35.179057989' lon='126.90946175307' />
  <node id='-102529' action='modify' visible='true' lat='35.17905457219' lon='126.90945128235' />
  <node id='-102530' action='modify' visible='true' lat='35.17905051436' lon='126.90943896668' />
  <node id='-102531' action='modify' visible='true' lat='35.17904638271' lon='126.90942647473' />
  <node id='-102532' action='modify' visible='true' lat='35.17904227544' lon='126.90941346465' />
  <node id='-102533' action='modify' visible='true' lat='35.17903894569' lon='126.90940283911' />
  <node id='-102534' action='modify' visible='true' lat='35.1790351332' lon='126.9093897393' />
  <node id='-102535' action='modify' visible='true' lat='35.1790317959' lon='126.90937951266' />
  <node id='-102536' action='modify' visible='true' lat='35.17902827005' lon='126.90936884106' />
  <node id='-102537' action='modify' visible='true' lat='35.17902487632' lon='126.9093584295' />
  <node id='-102538' action='modify' visible='true' lat='35.17902164817' lon='126.90934761362' />
  <node id='-102539' action='modify' visible='true' lat='35.17901765204' lon='126.90933490062' />
  <node id='-102540' action='modify' visible='true' lat='35.17901393634' lon='126.90932450912' />
  <node id='-102541' action='modify' visible='true' lat='35.17901022877' lon='126.90931399852' />
  <node id='-102542' action='modify' visible='true' lat='35.17900655906' lon='126.90930335275' />
  <node id='-102543' action='modify' visible='true' lat='35.17900250411' lon='126.90929066822' />
  <node id='-102544' action='modify' visible='true' lat='35.17899932389' lon='126.9092803068' />
  <node id='-102545' action='modify' visible='true' lat='35.17899618085' lon='126.90926981455' />
  <node id='-102546' action='modify' visible='true' lat='35.17899289286' lon='126.90925961148' />
  <node id='-102547' action='modify' visible='true' lat='35.17898894261' lon='126.90924773923' />
  <node id='-102548' action='modify' visible='true' lat='35.17898513767' lon='126.90923579761' />
  <node id='-102549' action='modify' visible='true' lat='35.17898136621' lon='126.90922351113' />
  <node id='-102550' action='modify' visible='true' lat='35.17897774486' lon='126.90921134454' />
  <node id='-102551' action='modify' visible='true' lat='35.17897411993' lon='126.90919902691' />
  <node id='-102552' action='modify' visible='true' lat='35.17897077932' lon='126.90918729249' />
  <node id='-102553' action='modify' visible='true' lat='35.17896688027' lon='126.90917524198' />
  <node id='-102554' action='modify' visible='true' lat='35.17896333298' lon='126.90916422825' />
  <node id='-102555' action='modify' visible='true' lat='35.17895991067' lon='126.90915358933' />
  <node id='-102556' action='modify' visible='true' lat='35.17895669626' lon='126.909143205' />
  <node id='-102557' action='modify' visible='true' lat='35.17895355169' lon='126.90913291961' />
  <node id='-102558' action='modify' visible='true' lat='35.17895018896' lon='126.90912145911' />
  <node id='-102559' action='modify' visible='true' lat='35.17894665226' lon='126.90910920583' />
  <node id='-102560' action='modify' visible='true' lat='35.17894313248' lon='126.90909843934' />
  <node id='-102561' action='modify' visible='true' lat='35.17893924074' lon='126.90908737043' />
  <node id='-102562' action='modify' visible='true' lat='35.17893554701' lon='126.90907638784' />
  <node id='-102563' action='modify' visible='true' lat='35.17893218503' lon='126.90906524014' />
  <node id='-102564' action='modify' visible='true' lat='35.17892788943' lon='126.90905431892' />
  <node id='-102565' action='modify' visible='true' lat='35.17892358656' lon='126.90904320368' />
  <node id='-102566' action='modify' visible='true' lat='35.17891942849' lon='126.90903159687' />
  <node id='-102567' action='modify' visible='true' lat='35.17891533433' lon='126.90901932907' />
  <node id='-102568' action='modify' visible='true' lat='35.17891174392' lon='126.90900827128' />
  <node id='-102569' action='modify' visible='true' lat='35.17890802567' lon='126.90899625171' />
  <node id='-102570' action='modify' visible='true' lat='35.17890433855' lon='126.9089840665' />
  <node id='-102571' action='modify' visible='true' lat='35.1789008557' lon='126.90897201767' />
  <node id='-102572' action='modify' visible='true' lat='35.17889707941' lon='126.90895970843' />
  <node id='-102573' action='modify' visible='true' lat='35.17889329023' lon='126.90894816035' />
  <node id='-102574' action='modify' visible='true' lat='35.17888952933' lon='126.90893663655' />
  <node id='-102575' action='modify' visible='true' lat='35.17888555348' lon='126.90892406806' />
  <node id='-102576' action='modify' visible='true' lat='35.17888210953' lon='126.9089138783' />
  <node id='-102577' action='modify' visible='true' lat='35.17887735644' lon='126.90890152596' />
  <node id='-102578' action='modify' visible='true' lat='35.17887218909' lon='126.90888938658' />
  <node id='-102579' action='modify' visible='true' lat='35.17886814901' lon='126.90887921225' />
  <node id='-102580' action='modify' visible='true' lat='35.17886380849' lon='126.90886732226' />
  <node id='-102581' action='modify' visible='true' lat='35.17885942488' lon='126.90885473901' />
  <node id='-102582' action='modify' visible='true' lat='35.17885522152' lon='126.90884210294' />
  <node id='-102583' action='modify' visible='true' lat='35.1788512675' lon='126.90882976798' />
  <node id='-102584' action='modify' visible='true' lat='35.17884769191' lon='126.90881824509' />
  <node id='-102585' action='modify' visible='true' lat='35.1788442119' lon='126.90880657494' />
  <node id='-102586' action='modify' visible='true' lat='35.17884150228' lon='126.90879598243' />
  <node id='-102587' action='modify' visible='true' lat='35.17883930995' lon='126.90878625942' />
  <node id='-102588' action='modify' visible='true' lat='35.17883643253' lon='126.90877586586' />
  <node id='-102589' action='modify' visible='true' lat='35.17883437722' lon='126.90876681341' />
  <node id='-102590' action='modify' visible='true' lat='35.17883081483' lon='126.90875507858' />
  <node id='-102591' action='modify' visible='true' lat='35.17882711515' lon='126.90874401463' />
  <node id='-102592' action='modify' visible='true' lat='35.17882451176' lon='126.90873479454' />
  <node id='-102593' action='modify' visible='true' lat='35.17882190838' lon='126.90872691555' />
  <node id='-102594' action='modify' visible='true' lat='35.17881930499' lon='126.90872071294' />
  <node id='-102595' action='modify' visible='true' lat='35.17881587949' lon='126.90871266631' />
  <node id='-102596' action='modify' visible='true' lat='35.17881179144' lon='126.90870368054' />
  <node id='-102597' action='modify' visible='true' lat='35.17880718529' lon='126.90869399645' />
  <node id='-102598' action='modify' visible='true' lat='35.17880273209' lon='126.90868402' />
  <node id='-102599' action='modify' visible='true' lat='35.17879850386' lon='126.90867377228' />
  <node id='-102600' action='modify' visible='true' lat='35.17879431702' lon='126.90866302475' />
  <node id='-102601' action='modify' visible='true' lat='35.17879047783' lon='126.90865271596' />
  <node id='-102602' action='modify' visible='true' lat='35.17878662889' lon='126.90864197284' />
  <node id='-102603' action='modify' visible='true' lat='35.17878318249' lon='126.90863025018' />
  <node id='-102604' action='modify' visible='true' lat='35.17878066526' lon='126.90862046538' />
  <node id='-102605' action='modify' visible='true' lat='35.17877715772' lon='126.90860953981' />
  <node id='-102606' action='modify' visible='true' lat='35.17877246025' lon='126.90859986885' />
  <node id='-102607' action='modify' visible='true' lat='35.17876792585' lon='126.9085879479' />
  <node id='-102608' action='modify' visible='true' lat='35.1787637498' lon='126.90857645974' />
  <node id='-102609' action='modify' visible='true' lat='35.17875919829' lon='126.90856465567' />
  <node id='-102610' action='modify' visible='true' lat='35.17875442301' lon='126.90855386576' />
  <node id='-102611' action='modify' visible='true' lat='35.17874932664' lon='126.90854163699' />
  <node id='-102612' action='modify' visible='true' lat='35.1787448106' lon='126.9085293281' />
  <node id='-102613' action='modify' visible='true' lat='35.17874119087' lon='126.90851882196' />
  <node id='-102614' action='modify' visible='true' lat='35.17873771245' lon='126.90850792033' />
  <node id='-102615' action='modify' visible='true' lat='35.17873517448' lon='126.90849926306' />
  <node id='-102616' action='modify' visible='true' lat='35.17873284514' lon='126.90848954005' />
  <node id='-102617' action='modify' visible='true' lat='35.17871900607' lon='126.90845333023' />
  <node id='-102618' action='modify' visible='true' lat='35.17871446114' lon='126.90844212967' />
  <node id='-102619' action='modify' visible='true' lat='35.17870853203' lon='126.90843217651' />
  <node id='-102620' action='modify' visible='true' lat='35.17870234649' lon='126.9084206533' />
  <node id='-102621' action='modify' visible='true' lat='35.17869695473' lon='126.90840888047' />
  <node id='-102622' action='modify' visible='true' lat='35.17869160241' lon='126.90839691586' />
  <node id='-102623' action='modify' visible='true' lat='35.17868658605' lon='126.90838522371' />
  <node id='-102624' action='modify' visible='true' lat='35.17868174051' lon='126.90837363718' />
  <node id='-102625' action='modify' visible='true' lat='35.17867695242' lon='126.90836188662' />
  <node id='-102626' action='modify' visible='true' lat='35.17867233433' lon='126.9083503003' />
  <node id='-102627' action='modify' visible='true' lat='35.17866721232' lon='126.9083400069' />
  <node id='-102628' action='modify' visible='true' lat='35.17866269064' lon='126.908331625' />
  <node id='-102629' action='modify' visible='true' lat='35.17865789492' lon='126.90832307545' />
  <node id='-102630' action='modify' visible='true' lat='35.17867577659' lon='126.90824437707' />
  <node id='-102631' action='modify' visible='true' lat='35.17868238281' lon='126.90823665546' />
  <node id='-102632' action='modify' visible='true' lat='35.17868899396' lon='126.9082284652' />
  <node id='-102633' action='modify' visible='true' lat='35.17869541347' lon='126.90822050776' />
  <node id='-102634' action='modify' visible='true' lat='35.1787025756' lon='126.90821237157' />
  <node id='-102635' action='modify' visible='true' lat='35.17871005536' lon='126.90820514774' />
  <node id='-102636' action='modify' visible='true' lat='35.17871773217' lon='126.90819876765' />
  <node id='-102637' action='modify' visible='true' lat='35.17872608245' lon='126.90819213937' />
  <node id='-102638' action='modify' visible='true' lat='35.17879244901' lon='126.90816583095' />
  <node id='-102639' action='modify' visible='true' lat='35.1788146463' lon='126.90815929307' />
  <node id='-102640' action='modify' visible='true' lat='35.17882505985' lon='126.90815627558' />
  <node id='-102641' action='modify' visible='true' lat='35.17883465126' lon='126.90815392865' />
  <node id='-102642' action='modify' visible='true' lat='35.17884396864' lon='126.90815158172' />
  <node id='-102643' action='modify' visible='true' lat='35.17885236038' lon='126.90814967566' />
  <node id='-102644' action='modify' visible='true' lat='35.17886258438' lon='126.90814808087' />
  <node id='-102645' action='modify' visible='true' lat='35.17887185444' lon='126.90814654905' />
  <node id='-102646' action='modify' visible='true' lat='35.17888116096' lon='126.90814515228' />
  <node id='-102647' action='modify' visible='true' lat='35.17889103732' lon='126.90814443611' />
  <node id='-102648' action='modify' visible='true' lat='35.1789008644' lon='126.90814454158' />
  <node id='-102649' action='modify' visible='true' lat='35.17891000619' lon='126.90814477771' />
  <node id='-102650' action='modify' visible='true' lat='35.17891985082' lon='126.9081449816' />
  <node id='-102651' action='modify' visible='true' lat='35.17893090203' lon='126.90814523572' />
  <node id='-102652' action='modify' visible='true' lat='35.17894067083' lon='126.90814560474' />
  <node id='-102653' action='modify' visible='true' lat='35.1789505162' lon='126.90814604203' />
  <node id='-102654' action='modify' visible='true' lat='35.17896142954' lon='126.90814678404' />
  <node id='-102655' action='modify' visible='true' lat='35.17897198005' lon='126.90814755053' />
  <node id='-102656' action='modify' visible='true' lat='35.17898287905' lon='126.90814859545' />
  <node id='-102657' action='modify' visible='true' lat='35.17899377573' lon='126.90814967433' />
  <node id='-102658' action='modify' visible='true' lat='35.17900425623' lon='126.90814864235' />
  <node id='-102659' action='modify' visible='true' lat='35.17901470091' lon='126.90814728653' />
  <node id='-102660' action='modify' visible='true' lat='35.17902557547' lon='126.90814681433' />
  <node id='-102661' action='modify' visible='true' lat='35.17903627313' lon='126.9081474217' />
  <node id='-102662' action='modify' visible='true' lat='35.17904656774' lon='126.908148222' />
  <node id='-102663' action='modify' visible='true' lat='35.17905648312' lon='126.90814916771' />
  <node id='-102664' action='modify' visible='true' lat='35.17906568925' lon='126.9081501874' />
  <node id='-102665' action='modify' visible='true' lat='35.17907238103' lon='126.90814965396' />
  <node id='-102666' action='modify' visible='true' lat='35.1790814906' lon='126.90814784883' />
  <node id='-102667' action='modify' visible='true' lat='35.17909170103' lon='126.9081452113' />
  <node id='-102668' action='modify' visible='true' lat='35.17909690765' lon='126.90814437328' />
  <node id='-102669' action='modify' visible='true' lat='35.1791048548' lon='126.90814286454' />
  <node id='-102670' action='modify' visible='true' lat='35.17911458321' lon='126.90814152343' />
  <node id='-102671' action='modify' visible='true' lat='35.17912485969' lon='126.90813934414' />
  <node id='-102672' action='modify' visible='true' lat='35.17913350129' lon='126.90813744031' />
  <node id='-102673' action='modify' visible='true' lat='35.17914374684' lon='126.9081357626' />
  <node id='-102674' action='modify' visible='true' lat='35.17915562056' lon='126.90813280634' />
  <node id='-102675' action='modify' visible='true' lat='35.17916366913' lon='126.90812972182' />
  <node id='-102676' action='modify' visible='true' lat='35.17917287375' lon='126.90812592975' />
  <node id='-102677' action='modify' visible='true' lat='35.17918298274' lon='126.90812167282' />
  <node id='-102678' action='modify' visible='true' lat='35.17919241403' lon='126.90811774842' />
  <node id='-102679' action='modify' visible='true' lat='35.17920132572' lon='126.90811436159' />
  <node id='-102680' action='modify' visible='true' lat='35.17921120066' lon='126.90811073072' />
  <node id='-102681' action='modify' visible='true' lat='35.17922051285' lon='126.90810702223' />
  <node id='-102682' action='modify' visible='true' lat='35.17922963606' lon='126.90810287194' />
  <node id='-102683' action='modify' visible='true' lat='35.17923926652' lon='126.90809841082' />
  <node id='-102684' action='modify' visible='true' lat='35.17924814739' lon='126.90809443371' />
  <node id='-102685' action='modify' visible='true' lat='35.17925675688' lon='126.90809064521' />
  <node id='-102686' action='modify' visible='true' lat='35.1792667944' lon='126.9080861159' />
  <node id='-102687' action='modify' visible='true' lat='35.17927581911' lon='126.90808221197' />
  <node id='-102688' action='modify' visible='true' lat='35.17928441996' lon='126.90807867156' />
  <node id='-102689' action='modify' visible='true' lat='35.17929519515' lon='126.90807445461' />
  <node id='-102690' action='modify' visible='true' lat='35.179304442' lon='126.90807103446' />
  <node id='-102691' action='modify' visible='true' lat='35.17931335521' lon='126.90806764902' />
  <node id='-102692' action='modify' visible='true' lat='35.1791426724' lon='126.90808854964' />
  <node id='-102693' action='modify' visible='true' lat='35.1791385618' lon='126.9080764797' />
  <node id='-102694' action='modify' visible='true' lat='35.17913417717' lon='126.90806575086' />
  <node id='-102695' action='modify' visible='true' lat='35.17912978846' lon='126.90805452187' />
  <node id='-102696' action='modify' visible='true' lat='35.17912454641' lon='126.90804542811' />
  <node id='-102697' action='modify' visible='true' lat='35.17911964661' lon='126.90803587899' />
  <node id='-102698' action='modify' visible='true' lat='35.17911541643' lon='126.90802582172' />
  <node id='-102699' action='modify' visible='true' lat='35.17911138544' lon='126.90801560786' />
  <node id='-102700' action='modify' visible='true' lat='35.17910755316' lon='126.90800565559' />
  <node id='-102701' action='modify' visible='true' lat='35.1791033378' lon='126.907993329' />
  <node id='-102702' action='modify' visible='true' lat='35.17909986787' lon='126.90798140744' />
  <node id='-102703' action='modify' visible='true' lat='35.1790964338' lon='126.90796998362' />
  <node id='-102704' action='modify' visible='true' lat='35.17909288865' lon='126.90795936595' />
  <node id='-102705' action='modify' visible='true' lat='35.17908919053' lon='126.90794846447' />
  <node id='-102706' action='modify' visible='true' lat='35.17908540245' lon='126.90793731865' />
  <node id='-102707' action='modify' visible='true' lat='35.17908151647' lon='126.90792554532' />
  <node id='-102708' action='modify' visible='true' lat='35.17907767152' lon='126.90791361846' />
  <node id='-102709' action='modify' visible='true' lat='35.17907376306' lon='126.90790166853' />
  <node id='-102710' action='modify' visible='true' lat='35.17906896612' lon='126.90789002601' />
  <node id='-102711' action='modify' visible='true' lat='35.17906491782' lon='126.90787782456' />
  <node id='-102712' action='modify' visible='true' lat='35.17906090688' lon='126.90786628542' />
  <node id='-102713' action='modify' visible='true' lat='35.17905694186' lon='126.90785533304' />
  <node id='-102714' action='modify' visible='true' lat='35.17905300741' lon='126.90784413459' />
  <node id='-102715' action='modify' visible='true' lat='35.179048755' lon='126.90783192022' />
  <node id='-102716' action='modify' visible='true' lat='35.17904513232' lon='126.90782118708' />
  <node id='-102717' action='modify' visible='true' lat='35.17904096623' lon='126.90780867179' />
  <node id='-102718' action='modify' visible='true' lat='35.17903733665' lon='126.9077971952' />
  <node id='-102719' action='modify' visible='true' lat='35.17903383301' lon='126.90778589567' />
  <node id='-102720' action='modify' visible='true' lat='35.17903017767' lon='126.90777555733' />
  <node id='-102721' action='modify' visible='true' lat='35.17902624149' lon='126.90776492436' />
  <node id='-102722' action='modify' visible='true' lat='35.17902259987' lon='126.90775475932' />
  <node id='-102723' action='modify' visible='true' lat='35.17901886404' lon='126.90774435864' />
  <node id='-102724' action='modify' visible='true' lat='35.17901493124' lon='126.90773311556' />
  <node id='-102725' action='modify' visible='true' lat='35.17901104489' lon='126.90772257521' />
  <node id='-102726' action='modify' visible='true' lat='35.1790072915' lon='126.90771251683' />
  <node id='-102727' action='modify' visible='true' lat='35.1790030545' lon='126.9077014951' />
  <node id='-102728' action='modify' visible='true' lat='35.17899834419' lon='126.90768989199' />
  <node id='-102729' action='modify' visible='true' lat='35.17899403004' lon='126.90767928616' />
  <node id='-102730' action='modify' visible='true' lat='35.17898989862' lon='126.90766880114' />
  <node id='-102731' action='modify' visible='true' lat='35.17898569229' lon='126.90765797378' />
  <node id='-102732' action='modify' visible='true' lat='35.17898162288' lon='126.90764766476' />
  <node id='-102733' action='modify' visible='true' lat='35.17897762177' lon='126.90763775238' />
  <node id='-102734' action='modify' visible='true' lat='35.17897302225' lon='126.90762633527' />
  <node id='-102735' action='modify' visible='true' lat='35.17896890153' lon='126.90761627411' />
  <node id='-102736' action='modify' visible='true' lat='35.17896481441' lon='126.90760601888' />
  <node id='-102737' action='modify' visible='true' lat='35.17895994043' lon='126.90759510779' />
  <node id='-102738' action='modify' visible='true' lat='35.17895531243' lon='126.90758477484' />
  <node id='-102739' action='modify' visible='true' lat='35.17895141023' lon='126.90757485325' />
  <node id='-102740' action='modify' visible='true' lat='35.17894759957' lon='126.90756453887' />
  <node id='-102741' action='modify' visible='true' lat='35.17894346738' lon='126.90755269792' />
  <node id='-102742' action='modify' visible='true' lat='35.17893980965' lon='126.90754188261' />
  <node id='-102743' action='modify' visible='true' lat='35.17893618767' lon='126.9075307296' />
  <node id='-102744' action='modify' visible='true' lat='35.17893280614' lon='126.90751998229' />
  <node id='-102745' action='modify' visible='true' lat='35.17892919339' lon='126.90750809668' />
  <node id='-102746' action='modify' visible='true' lat='35.17892616415' lon='126.90749770362' />
  <node id='-102747' action='modify' visible='true' lat='35.17892255885' lon='126.90748694739' />
  <node id='-102748' action='modify' visible='true' lat='35.17891884576' lon='126.90747676367' />
  <node id='-102749' action='modify' visible='true' lat='35.17891487157' lon='126.90746629273' />
  <node id='-102750' action='modify' visible='true' lat='35.17891055894' lon='126.90745474617' />
  <node id='-102751' action='modify' visible='true' lat='35.17890626561' lon='126.90744295946' />
  <node id='-102752' action='modify' visible='true' lat='35.17890240174' lon='126.90743118106' />
  <node id='-102753' action='modify' visible='true' lat='35.17889868809' lon='126.90741907305' />
  <node id='-102754' action='modify' visible='true' lat='35.1788950085' lon='126.90740615074' />
  <node id='-102755' action='modify' visible='true' lat='35.17889122477' lon='126.90739620488' />
  <node id='-102756' action='modify' visible='true' lat='35.17888647821' lon='126.90738640405' />
  <node id='-102757' action='modify' visible='true' lat='35.1788824274' lon='126.90737512731' />
  <node id='-102758' action='modify' visible='true' lat='35.17887908073' lon='126.90736395005' />
  <node id='-102759' action='modify' visible='true' lat='35.17887582595' lon='126.90735247987' />
  <node id='-102760' action='modify' visible='true' lat='35.17887238126' lon='126.90734177725' />
  <node id='-102761' action='modify' visible='true' lat='35.17886703416' lon='126.90733292778' />
  <node id='-102762' action='modify' visible='true' lat='35.17886067047' lon='126.90732263683' />
  <node id='-102763' action='modify' visible='true' lat='35.17885424432' lon='126.90731241899' />
  <node id='-102764' action='modify' visible='true' lat='35.17884874923' lon='126.90730350923' />
  <node id='-102765' action='modify' visible='true' lat='35.17884271086' lon='126.90729527721' />
  <node id='-102766' action='modify' visible='true' lat='35.17883587648' lon='126.90728787376' />
  <node id='-102767' action='modify' visible='true' lat='35.17882750424' lon='126.90727914752' />
  <node id='-102768' action='modify' visible='true' lat='35.17882052817' lon='126.90727158667' />
  <node id='-102769' action='modify' visible='true' lat='35.17881367108' lon='126.90726425189' />
  <node id='-102770' action='modify' visible='true' lat='35.1788066366' lon='126.90725656136' />
  <node id='-102771' action='modify' visible='true' lat='35.1787989633' lon='126.90724793205' />
  <node id='-102772' action='modify' visible='true' lat='35.17879168607' lon='126.90723955772' />
  <node id='-102773' action='modify' visible='true' lat='35.1787843072' lon='126.90723167839' />
  <node id='-102774' action='modify' visible='true' lat='35.1787775073' lon='126.90722426845' />
  <node id='-102775' action='modify' visible='true' lat='35.17877070944' lon='126.90721686056' />
  <node id='-102776' action='modify' visible='true' lat='35.17876340917' lon='126.9072090364' />
  <node id='-102777' action='modify' visible='true' lat='35.17875628526' lon='126.90720119787' />
  <node id='-102778' action='modify' visible='true' lat='35.17874897711' lon='126.9071942155' />
  <node id='-102779' action='modify' visible='true' lat='35.17874100753' lon='126.90718660503' />
  <node id='-102780' action='modify' visible='true' lat='35.17873305542' lon='126.90717905343' />
  <node id='-102781' action='modify' visible='true' lat='35.17872497681' lon='126.90717133171' />
  <node id='-102782' action='modify' visible='true' lat='35.17871692116' lon='126.90716325349' />
  <node id='-102783' action='modify' visible='true' lat='35.17870986551' lon='126.90715607144' />
  <node id='-102784' action='modify' visible='true' lat='35.17870221761' lon='126.90714821715' />
  <node id='-102785' action='modify' visible='true' lat='35.17869457873' lon='126.90714073139' />
  <node id='-102786' action='modify' visible='true' lat='35.17868716333' lon='126.90713422437' />
  <node id='-102787' action='modify' visible='true' lat='35.17868023881' lon='126.90713064175' />
  <node id='-102788' action='modify' visible='true' lat='35.17867104903' lon='126.90712597188' />
  <node id='-102789' action='modify' visible='true' lat='35.17862487295' lon='126.90707584826' />
  <node id='-102790' action='modify' visible='true' lat='35.17862268062' lon='126.90708624182' />
  <node id='-102791' action='modify' visible='true' lat='35.17861925511' lon='126.90709965287' />
  <node id='-102792' action='modify' visible='true' lat='35.17861582959' lon='126.90711373447' />
  <node id='-102793' action='modify' visible='true' lat='35.17861158195' lon='126.90712613968' />
  <node id='-102794' action='modify' visible='true' lat='35.17860623815' lon='126.90713938309' />
  <node id='-102795' action='modify' visible='true' lat='35.17860157944' lon='126.90715027956' />
  <node id='-102796' action='modify' visible='true' lat='35.17859650981' lon='126.90716117587' />
  <node id='-102797' action='modify' visible='true' lat='35.17859212502' lon='126.90717190487' />
  <node id='-102798' action='modify' visible='true' lat='35.17858815142' lon='126.90718196316' />
  <node id='-102799' action='modify' visible='true' lat='35.17858445199' lon='126.90719135072' />
  <node id='-102800' action='modify' visible='true' lat='35.1785811635' lon='126.90719973262' />
  <node id='-102801' action='modify' visible='true' lat='35.17857897117' lon='126.90720677342' />
  <node id='-102802' action='modify' visible='true' lat='35.17857732692' lon='126.90721482005' />
  <node id='-102803' action='modify' visible='true' lat='35.1785745865' lon='126.90722085502' />
  <node id='-102804' action='modify' visible='true' lat='35.17857294225' lon='126.9072295722' />
  <node id='-102805' action='modify' visible='true' lat='35.17857074992' lon='126.90723996576' />
  <node id='-102806' action='modify' visible='true' lat='35.17856746143' lon='126.90725438263' />
  <node id='-102807' action='modify' visible='true' lat='35.17856417293' lon='126.90726645257' />
  <node id='-102808' action='modify' visible='true' lat='35.17856088443' lon='126.90727718141' />
  <node id='-102809' action='modify' visible='true' lat='35.17855814402' lon='126.90728824552' />
  <node id='-102810' action='modify' visible='true' lat='35.17855485552' lon='126.90730165657' />
  <node id='-102811' action='modify' visible='true' lat='35.17855184106' lon='126.90731171485' />
  <node id='-102812' action='modify' visible='true' lat='35.17854690831' lon='126.90732445534' />
  <node id='-102813' action='modify' visible='true' lat='35.17854194902' lon='126.90733581133' />
  <node id='-102814' action='modify' visible='true' lat='35.17853680653' lon='126.90734756352' />
  <node id='-102815' action='modify' visible='true' lat='35.178531685' lon='126.907358893' />
  <node id='-102816' action='modify' visible='true' lat='35.17852681858' lon='126.90736964866' />
  <node id='-102817' action='modify' visible='true' lat='35.17852155954' lon='126.9073806909' />
  <node id='-102818' action='modify' visible='true' lat='35.17851597595' lon='126.90739152386' />
  <node id='-102819' action='modify' visible='true' lat='35.1785096369' lon='126.90740217222' />
  <node id='-102820' action='modify' visible='true' lat='35.17850278091' lon='126.90741298342' />
  <node id='-102821' action='modify' visible='true' lat='35.17849580234' lon='126.90742358305' />
  <node id='-102822' action='modify' visible='true' lat='35.17848865411' lon='126.90743331509' />
  <node id='-102823' action='modify' visible='true' lat='35.17848210185' lon='126.9074429972' />
  <node id='-102824' action='modify' visible='true' lat='35.17847621219' lon='126.90744997565' />
  <node id='-102825' action='modify' visible='true' lat='35.17846812707' lon='126.90745732765' />
  <node id='-102826' action='modify' visible='true' lat='35.17846090978' lon='126.90746495598' />
  <node id='-102827' action='modify' visible='true' lat='35.17845421351' lon='126.90747298292' />
  <node id='-102828' action='modify' visible='true' lat='35.17844982884' lon='126.90747809588' />
  <node id='-102829' action='modify' visible='true' lat='35.17844406317' lon='126.90748601699' />
  <node id='-102830' action='modify' visible='true' lat='35.17843772943' lon='126.90749604098' />
  <node id='-102831' action='modify' visible='true' lat='35.17843140443' lon='126.90750574878' />
  <node id='-102832' action='modify' visible='true' lat='35.17842456907' lon='126.90751591418' />
  <node id='-102833' action='modify' visible='true' lat='35.17841787866' lon='126.90752584268' />
  <node id='-102834' action='modify' visible='true' lat='35.17841154451' lon='126.90753658005' />
  <node id='-102835' action='modify' visible='true' lat='35.17840598882' lon='126.90754528433' />
  <node id='-102836' action='modify' visible='true' lat='35.17839949286' lon='126.90755414605' />
  <node id='-102837' action='modify' visible='true' lat='35.17839342936' lon='126.90756254426' />
  <node id='-102838' action='modify' visible='true' lat='35.1783867374' lon='126.90757279985' />
  <node id='-102839' action='modify' visible='true' lat='35.1783811514' lon='126.90758145292' />
  <node id='-102840' action='modify' visible='true' lat='35.17837510454' lon='126.9075907766' />
  <node id='-102841' action='modify' visible='true' lat='35.17836921835' lon='126.90759979763' />
  <node id='-102842' action='modify' visible='true' lat='35.17836337044' lon='126.90760857301' />
  <node id='-102843' action='modify' visible='true' lat='35.17835671332' lon='126.9076183969' />
  <node id='-102844' action='modify' visible='true' lat='35.17835041058' lon='126.90762749253' />
  <node id='-102845' action='modify' visible='true' lat='35.17834410847' lon='126.9076364332' />
  <node id='-102846' action='modify' visible='true' lat='35.17833815484' lon='126.90764492384' />
  <node id='-102847' action='modify' visible='true' lat='35.17833185257' lon='126.90765375829' />
  <node id='-102848' action='modify' visible='true' lat='35.17832522032' lon='126.90766287088' />
  <node id='-102849' action='modify' visible='true' lat='35.17831842171' lon='126.90767259636' />
  <node id='-102850' action='modify' visible='true' lat='35.17831342447' lon='126.90768085403' />
  <node id='-102851' action='modify' visible='true' lat='35.17830834659' lon='126.90768926098' />
  <node id='-102852' action='modify' visible='true' lat='35.17830383299' lon='126.90769527091' />
  <node id='-102853' action='modify' visible='true' lat='35.1782980781' lon='126.90770298226' />
  <node id='-102854' action='modify' visible='true' lat='35.17829328235' lon='126.90771002306' />
  <node id='-102855' action='modify' visible='true' lat='35.17828602023' lon='126.90772024898' />
  <node id='-102856' action='modify' visible='true' lat='35.17827779896' lon='126.907731816' />
  <node id='-102857' action='modify' visible='true' lat='35.17827108492' lon='126.9077423772' />
  <node id='-102858' action='modify' visible='true' lat='35.17826245272' lon='126.90775159713' />
  <node id='-102859' action='modify' visible='true' lat='35.17827122208' lon='126.90776299652' />
  <node id='-102860' action='modify' visible='true' lat='35.17827971739' lon='126.90777372535' />
  <node id='-102861' action='modify' visible='true' lat='35.17828711654' lon='126.90778344836' />
  <node id='-102862' action='modify' visible='true' lat='35.17829670802' lon='126.90779518303' />
  <node id='-102863' action='modify' visible='true' lat='35.178303011' lon='126.90780322965' />
  <node id='-102864' action='modify' visible='true' lat='35.1783101361' lon='126.90781261738' />
  <node id='-102865' action='modify' visible='true' lat='35.17831698715' lon='126.90782099929' />
  <node id='-102866' action='modify' visible='true' lat='35.17832274204' lon='126.90782904591' />
  <node id='-102867' action='modify' visible='true' lat='35.17832863381' lon='126.9078379309' />
  <node id='-102868' action='modify' visible='true' lat='35.17833411466' lon='126.90784664808' />
  <node id='-102869' action='modify' visible='true' lat='35.17834028061' lon='126.90785570053' />
  <node id='-102870' action='modify' visible='true' lat='35.17834602032' lon='126.90786491195' />
  <node id='-102871' action='modify' visible='true' lat='35.17835163812' lon='126.90787623101' />
  <node id='-102872' action='modify' visible='true' lat='35.17835766446' lon='126.90788714382' />
  <node id='-102873' action='modify' visible='true' lat='35.17836357918' lon='126.90789720697' />
  <node id='-102874' action='modify' visible='true' lat='35.17837005798' lon='126.90790696126' />
  <node id='-102875' action='modify' visible='true' lat='35.17837669333' lon='126.90791660155' />
  <node id='-102876' action='modify' visible='true' lat='35.178383432' lon='126.90792684216' />
  <node id='-102877' action='modify' visible='true' lat='35.17838903347' lon='126.90793586419' />
  <node id='-102878' action='modify' visible='true' lat='35.17839449971' lon='126.90794479683' />
  <node id='-102879' action='modify' visible='true' lat='35.17840031287' lon='126.90795397302' />
  <node id='-102880' action='modify' visible='true' lat='35.17840672933' lon='126.90796212619' />
  <node id='-102881' action='modify' visible='true' lat='35.17841259349' lon='126.90797064495' />
  <node id='-102882' action='modify' visible='true' lat='35.17841877625' lon='126.90798040046' />
  <node id='-102883' action='modify' visible='true' lat='35.17842467976' lon='126.90798977223' />
  <node id='-102884' action='modify' visible='true' lat='35.17843050022' lon='126.90799827071' />
  <node id='-102885' action='modify' visible='true' lat='35.17843727176' lon='126.90800815437' />
  <node id='-102886' action='modify' visible='true' lat='35.1784439936' lon='126.90801790955' />
  <node id='-102887' action='modify' visible='true' lat='35.17845088388' lon='126.90802786379' />
  <node id='-102888' action='modify' visible='true' lat='35.17845741208' lon='126.90803781539' />
  <node id='-102889' action='modify' visible='true' lat='35.17846402405' lon='126.90804787078' />
  <node id='-102890' action='modify' visible='true' lat='35.17847003033' lon='126.90805722849' />
  <node id='-102891' action='modify' visible='true' lat='35.17847581372' lon='126.9080666655' />
  <node id='-102892' action='modify' visible='true' lat='35.17848125939' lon='126.90807573403' />
  <node id='-102893' action='modify' visible='true' lat='35.17848667989' lon='126.90808493249' />
  <node id='-102894' action='modify' visible='true' lat='35.17849248192' lon='126.90809452356' />
  <node id='-102895' action='modify' visible='true' lat='35.17849944441' lon='126.90810425646' />
  <node id='-102896' action='modify' visible='true' lat='35.17850611275' lon='126.90811430945' />
  <node id='-102897' action='modify' visible='true' lat='35.17851244332' lon='126.90812467366' />
  <node id='-102898' action='modify' visible='true' lat='35.17851876188' lon='126.90813439055' />
  <node id='-102899' action='modify' visible='true' lat='35.17852513118' lon='126.9081425726' />
  <node id='-102900' action='modify' visible='true' lat='35.1785314052' lon='126.90815105486' />
  <node id='-102901' action='modify' visible='true' lat='35.17853792087' lon='126.90816063187' />
  <node id='-102902' action='modify' visible='true' lat='35.17854429271' lon='126.90817048535' />
  <node id='-102903' action='modify' visible='true' lat='35.17854980139' lon='126.90817919125' />
  <node id='-102904' action='modify' visible='true' lat='35.17855537498' lon='126.90818820574' />
  <node id='-102905' action='modify' visible='true' lat='35.17856098428' lon='126.90819695701' />
  <node id='-102906' action='modify' visible='true' lat='35.17856815911' lon='126.90820758709' />
  <node id='-102907' action='modify' visible='true' lat='35.17857287354' lon='126.90821419462' />
  <node id='-102908' action='modify' visible='true' lat='35.17857746373' lon='126.90821997813' />
  <node id='-102909' action='modify' visible='true' lat='35.17858356115' lon='126.90822894677' />
  <node id='-102910' action='modify' visible='true' lat='35.17862624316' lon='126.90706511943' />
  <node id='-102911' action='modify' visible='true' lat='35.17862788741' lon='126.9070535524' />
  <node id='-102912' action='modify' visible='true' lat='35.17862829847' lon='126.90704215301' />
  <node id='-102913' action='modify' visible='true' lat='35.17862925761' lon='126.90703041835' />
  <node id='-102914' action='modify' visible='true' lat='35.1786298057' lon='126.90701851605' />
  <node id='-102915' action='modify' visible='true' lat='35.1786304908' lon='126.90700795485' />
  <node id='-102916' action='modify' visible='true' lat='35.1786311759' lon='126.90699404089' />
  <node id='-102917' action='modify' visible='true' lat='35.17863144994' lon='126.90697995929' />
  <node id='-102918' action='modify' visible='true' lat='35.17863227207' lon='126.90696554242' />
  <node id='-102919' action='modify' visible='true' lat='35.17863429206' lon='126.90695345241' />
  <node id='-102920' action='modify' visible='true' lat='35.17863525377' lon='126.90694183953' />
  <node id='-102921' action='modify' visible='true' lat='35.17863613431' lon='126.90692986587' />
  <node id='-102922' action='modify' visible='true' lat='35.17863719458' lon='126.90691771645' />
  <node id='-102923' action='modify' visible='true' lat='35.17863821957' lon='126.90690674432' />
  <node id='-102924' action='modify' visible='true' lat='35.17863953613' lon='126.90689441237' />
  <node id='-102925' action='modify' visible='true' lat='35.1786409509' lon='126.90688109222' />
  <node id='-102926' action='modify' visible='true' lat='35.17864312456' lon='126.90686900071' />
  <node id='-102927' action='modify' visible='true' lat='35.17864581555' lon='126.90685725318' />
  <node id='-102928' action='modify' visible='true' lat='35.17864883348' lon='126.90684664073' />
  <node id='-102929' action='modify' visible='true' lat='35.17865207081' lon='126.90683636289' />
  <node id='-102930' action='modify' visible='true' lat='35.17865519435' lon='126.90682517507' />
  <node id='-102931' action='modify' visible='true' lat='35.17865856854' lon='126.90681321397' />
  <node id='-102932' action='modify' visible='true' lat='35.17866152001' lon='126.90680279253' />
  <node id='-102933' action='modify' visible='true' lat='35.178664608' lon='126.90679243465' />
  <node id='-102934' action='modify' visible='true' lat='35.17866790555' lon='126.90678094458' />
  <node id='-102935' action='modify' visible='true' lat='35.17867061864' lon='126.90677023011' />
  <node id='-102936' action='modify' visible='true' lat='35.1786738652' lon='126.90675913462' />
  <node id='-102937' action='modify' visible='true' lat='35.1786774431' lon='126.90674725537' />
  <node id='-102938' action='modify' visible='true' lat='35.17868108384' lon='126.90673584795' />
  <node id='-102939' action='modify' visible='true' lat='35.17868492775' lon='126.90672426405' />
  <node id='-102940' action='modify' visible='true' lat='35.1786890376' lon='126.90671235676' />
  <node id='-102941' action='modify' visible='true' lat='35.17869328441' lon='126.90670038111' />
  <node id='-102942' action='modify' visible='true' lat='35.17869815401' lon='126.9066887292' />
  <node id='-102943' action='modify' visible='true' lat='35.17870287743' lon='126.90667900635' />
  <node id='-102944' action='modify' visible='true' lat='35.17870781949' lon='126.90666847182' />
  <node id='-102945' action='modify' visible='true' lat='35.17871243792' lon='126.90665788018' />
  <node id='-102946' action='modify' visible='true' lat='35.17871663952' lon='126.90664678151' />
  <node id='-102947' action='modify' visible='true' lat='35.17872163822' lon='126.90663523811' />
  <node id='-102948' action='modify' visible='true' lat='35.1787250349' lon='126.90662674597' />
  <node id='-102949' action='modify' visible='true' lat='35.17872777552' lon='126.90661735799' />
  <node id='-102950' action='modify' visible='true' lat='35.17872914572' lon='126.90660964664' />
  <node id='-102951' action='modify' visible='true' lat='35.17873154337' lon='126.90659975625' />
  <node id='-102952' action='modify' visible='true' lat='35.1787336981' lon='126.9065882987' />
  <node id='-102953' action='modify' visible='true' lat='35.17873734434' lon='126.90657794828' />
  <node id='-102954' action='modify' visible='true' lat='35.17874160373' lon='126.90656622972' />
  <node id='-102955' action='modify' visible='true' lat='35.17874586325' lon='126.90655387186' />
  <node id='-102956' action='modify' visible='true' lat='35.17874948691' lon='126.9065428951' />
  <node id='-102957' action='modify' visible='true' lat='35.17875354551' lon='126.90653060151' />
  <node id='-102958' action='modify' visible='true' lat='35.17875788305' lon='126.90651798918' />
  <node id='-102959' action='modify' visible='true' lat='35.17876147424' lon='126.90650773942' />
  <node id='-102960' action='modify' visible='true' lat='35.17876560709' lon='126.90649776284' />
  <node id='-102961' action='modify' visible='true' lat='35.17877052575' lon='126.906485427' />
  <node id='-102962' action='modify' visible='true' lat='35.17877491054' lon='126.90647754785' />
  <node id='-102963' action='modify' visible='true' lat='35.1787795691' lon='126.90646966903' />
  <node id='-102964' action='modify' visible='true' lat='35.17878573501' lon='126.90645927547' />
  <node id='-102965' action='modify' visible='true' lat='35.17879190093' lon='126.90645206703' />
  <node id='-102966' action='modify' visible='true' lat='35.17879792982' lon='126.90644385276' />
  <node id='-102967' action='modify' visible='true' lat='35.17880601402' lon='126.90643312393' />
  <node id='-102968' action='modify' visible='true' lat='35.1788139612' lon='126.90642306564' />
  <node id='-102969' action='modify' visible='true' lat='35.17882108626' lon='126.90641384555' />
  <node id='-102970' action='modify' visible='true' lat='35.17882889682' lon='126.90640009873' />
  <node id='-102971' action='modify' visible='true' lat='35.17916432179' lon='126.90652884476' />
  <node id='-102972' action='modify' visible='true' lat='35.17918871102' lon='126.90651845153' />
  <node id='-102973' action='modify' visible='true' lat='35.17920953781' lon='126.90651141099' />
  <node id='-102974' action='modify' visible='true' lat='35.17922725667' lon='126.9065064888' />
  <node id='-102975' action='modify' visible='true' lat='35.17924729451' lon='126.90649879829' />
  <node id='-102976' action='modify' visible='true' lat='35.17925681528' lon='126.90649554871' />
  <node id='-102977' action='modify' visible='true' lat='35.17926604804' lon='126.90649258758' />
  <node id='-102978' action='modify' visible='true' lat='35.17927485676' lon='126.9064898792' />
  <node id='-102979' action='modify' visible='true' lat='35.17928452427' lon='126.90648711372' />
  <node id='-102980' action='modify' visible='true' lat='35.17929441344' lon='126.90648408136' />
  <node id='-102981' action='modify' visible='true' lat='35.17930337902' lon='126.90648106166' />
  <node id='-102982' action='modify' visible='true' lat='35.17931314567' lon='126.90647805179' />
  <node id='-102983' action='modify' visible='true' lat='35.17932292673' lon='126.9064747503' />
  <node id='-102984' action='modify' visible='true' lat='35.17933205191' lon='126.90647218735' />
  <node id='-102985' action='modify' visible='true' lat='35.17934216822' lon='126.90646873429' />
  <node id='-102986' action='modify' visible='true' lat='35.17935261818' lon='126.90646527816' />
  <node id='-102987' action='modify' visible='true' lat='35.17936270653' lon='126.9064620711' />
  <node id='-102988' action='modify' visible='true' lat='35.17937342594' lon='126.90645878014' />
  <node id='-102989' action='modify' visible='true' lat='35.17938378641' lon='126.90645583315' />
  <node id='-102990' action='modify' visible='true' lat='35.1793941492' lon='126.90645301453' />
  <node id='-102991' action='modify' visible='true' lat='35.179404202' lon='126.9064504447' />
  <node id='-102992' action='modify' visible='true' lat='35.17941308133' lon='126.90644828601' />
  <node id='-102993' action='modify' visible='true' lat='35.17942288643' lon='126.90644610578' />
  <node id='-102994' action='modify' visible='true' lat='35.17943298498' lon='126.9064433287' />
  <node id='-102995' action='modify' visible='true' lat='35.17944229248' lon='126.90643997998' />
  <node id='-102996' action='modify' visible='true' lat='35.17945132083' lon='126.90643728783' />
  <node id='-102997' action='modify' visible='true' lat='35.17946040468' lon='126.90643443695' />
  <node id='-102998' action='modify' visible='true' lat='35.17946916855' lon='126.90643153312' />
  <node id='-102999' action='modify' visible='true' lat='35.17947823704' lon='126.9064286691' />
  <node id='-103000' action='modify' visible='true' lat='35.17948783551' lon='126.90642567526' />
  <node id='-103001' action='modify' visible='true' lat='35.17949021571' lon='126.90642476855' />
  <node id='-103002' action='modify' visible='true' lat='35.17949128391' lon='126.90642449071' />
  <node id='-103003' action='modify' visible='true' lat='35.17909142727' lon='126.90659388833' />
  <node id='-103004' action='modify' visible='true' lat='35.17911581652' lon='126.90660629388' />
  <node id='-103005' action='modify' visible='true' lat='35.17913527333' lon='126.90662238713' />
  <node id='-103006' action='modify' visible='true' lat='35.17914486471' lon='126.90654460307' />
  <node id='-103007' action='modify' visible='true' lat='35.17912595599' lon='126.90655935522' />
  <node id='-103008' action='modify' visible='true' lat='35.17911225401' lon='126.90657276627' />
  <node id='-103009' action='modify' visible='true' lat='35.17866419786' lon='126.90712178109' />
  <node id='-103010' action='modify' visible='true' lat='35.17865830598' lon='126.90711759014' />
  <node id='-103011' action='modify' visible='true' lat='35.17865186601' lon='126.90711356683' />
  <node id='-103012' action='modify' visible='true' lat='35.17864391882' lon='126.90710920824' />
  <node id='-103013' action='modify' visible='true' lat='35.17863720481' lon='126.90710619075' />
  <node id='-103014' action='modify' visible='true' lat='35.17862843549' lon='126.90710267035' />
  <node id='-103015' action='modify' visible='true' lat='35.17914472749' lon='126.90809441722' />
  <node id='-103016' action='modify' visible='true' lat='35.17914774192' lon='126.90810363731' />
  <node id='-103017' action='modify' visible='true' lat='35.17915055083' lon='126.90811361178' />
  <node id='-103018' action='modify' visible='true' lat='35.17915294867' lon='126.90812224514' />
  <node id='-103019' action='modify' visible='true' lat='35.17930147793' lon='126.9081013742' />
  <node id='-103020' action='modify' visible='true' lat='35.17929908009' lon='126.90809131592' />
  <node id='-103021' action='modify' visible='true' lat='35.17929716182' lon='126.90808343693' />
  <node id='-103022' action='modify' visible='true' lat='35.17932182533' lon='126.90806357182' />
  <node id='-103023' action='modify' visible='true' lat='35.1793308001' lon='126.90805904559' />
  <node id='-103024' action='modify' visible='true' lat='35.17859171395' lon='126.90823992698' />
  <node id='-103025' action='modify' visible='true' lat='35.17860253859' lon='126.90825333802' />
  <node id='-103026' action='modify' visible='true' lat='35.17861034876' lon='126.90826406686' />
  <node id='-103027' action='modify' visible='true' lat='35.17861747384' lon='126.90827295167' />
  <node id='-103028' action='modify' visible='true' lat='35.17862528401' lon='126.90828183649' />
  <node id='-103029' action='modify' visible='true' lat='35.17863282015' lon='126.90829139186' />
  <node id='-103030' action='modify' visible='true' lat='35.17864035628' lon='126.90830010904' />
  <node id='-103031' action='modify' visible='true' lat='35.17864720731' lon='126.90830882622' />
  <node id='-103032' action='modify' visible='true' lat='35.1786537843' lon='126.90831804631' />
  <node id='-103033' action='modify' visible='true' lat='35.17864008224' lon='126.90828384815' />
  <node id='-103034' action='modify' visible='true' lat='35.17864748135' lon='126.90827563388' />
  <node id='-103035' action='modify' visible='true' lat='35.17865351026' lon='126.90826859308' />
  <node id='-103036' action='modify' visible='true' lat='35.17865981321' lon='126.9082620552' />
  <node id='-103037' action='modify' visible='true' lat='35.17866406084' lon='126.9082571937' />
  <node id='-103038' action='modify' visible='true' lat='35.17866940464' lon='126.908251494' />
  <node id='-103039' action='modify' visible='true' lat='35.18008604774' lon='126.90905129529' />
  <node id='-103040' action='modify' visible='true' lat='35.18008796599' lon='126.90905783317' />
  <node id='-103041' action='modify' visible='true' lat='35.18009002126' lon='126.90906487397' />
  <node id='-103042' action='modify' visible='true' lat='35.18009173399' lon='126.90907132803' />
  <node id='-103043' action='modify' visible='true' lat='35.18009351523' lon='126.90907769828' />
  <node id='-103044' action='modify' visible='true' lat='35.18009536497' lon='126.90908381707' />
  <node id='-103045' action='modify' visible='true' lat='35.18009714621' lon='126.9090896844' />
  <node id='-103046' action='modify' visible='true' lat='35.18009906446' lon='126.90909571937' />
  <node id='-103047' action='modify' visible='true' lat='35.18010057166' lon='126.90909991032' />
  <node id='-103048' action='modify' visible='true' lat='35.17971637195' lon='126.90923385305' />
  <node id='-103049' action='modify' visible='true' lat='35.17972061954' lon='126.90924558772' />
  <node id='-103050' action='modify' visible='true' lat='35.17972445606' lon='126.909255646' />
  <node id='-103051' action='modify' visible='true' lat='35.17972760749' lon='126.90926570429' />
  <node id='-103052' action='modify' visible='true' lat='35.17973171806' lon='126.90927609785' />
  <node id='-103053' action='modify' visible='true' lat='35.17973514366' lon='126.9092841443' />
  <node id='-103054' action='modify' visible='true' lat='35.17884259886' lon='126.90638668768' />
  <node id='-103055' action='modify' visible='true' lat='35.17885520471' lon='126.90639741651' />
  <node id='-103056' action='modify' visible='true' lat='35.17887055098' lon='126.9064074748' />
  <node id='-103057' action='modify' visible='true' lat='35.17888754149' lon='126.90641954474' />
  <node id='-103058' action='modify' visible='true' lat='35.17890562815' lon='126.906435638' />
  <node id='-103059' action='modify' visible='true' lat='35.17893138794' lon='126.90646044843' />
  <node id='-103060' action='modify' visible='true' lat='35.17894673418' lon='126.90647520058' />
  <node id='-103061' action='modify' visible='true' lat='35.17897057568' lon='126.90649699352' />
  <node id='-103062' action='modify' visible='true' lat='35.17898838828' lon='126.90651409261' />
  <node id='-103063' action='modify' visible='true' lat='35.1790111336' lon='126.90653219752' />
  <node id='-103064' action='modify' visible='true' lat='35.17903497507' lon='126.90655097298' />
  <node id='-103065' action='modify' visible='true' lat='35.17905744634' lon='126.90656706624' />
  <node id='-103066' action='modify' visible='true' lat='35.17907334065' lon='126.90657779508' />
  <node id='-103067' action='modify' visible='true' lat='35.17873421534' lon='126.90818712099' />
  <node id='-103068' action='modify' visible='true' lat='35.17874312167' lon='126.90818192421' />
  <node id='-103069' action='modify' visible='true' lat='35.17875326118' lon='126.90817756562' />
  <node id='-103070' action='modify' visible='true' lat='35.17876340069' lon='126.90817454813' />
  <node id='-103071' action='modify' visible='true' lat='35.17877244404' lon='126.90817136301' />
  <node id='-103072' action='modify' visible='true' lat='35.17878203546' lon='126.90816851316' />
  <node id='-103073' action='modify' visible='true' lat='35.1788038217' lon='126.90816247819' />
  <node id='-103074' action='modify' visible='true' lat='35.17872332215' lon='126.90846523262' />
  <node id='-103075' action='modify' visible='true' lat='35.17872811786' lon='126.90847721874' />
  <way id='-101782' action='modify' visible='true'>
    <nd ref='-101752' />
    <nd ref='-101753' />
    <nd ref='-101754' />
    <nd ref='-101755' />
    <nd ref='-101756' />
    <nd ref='-101757' />
    <nd ref='-101758' />
    <nd ref='-101759' />
    <nd ref='-101760' />
    <nd ref='-101761' />
    <nd ref='-101762' />
    <nd ref='-101763' />
    <nd ref='-101764' />
    <nd ref='-101765' />
    <nd ref='-101766' />
    <nd ref='-101767' />
    <nd ref='-101768' />
    <nd ref='-101769' />
    <nd ref='-101770' />
    <nd ref='-101771' />
    <nd ref='-101772' />
    <nd ref='-101773' />
    <nd ref='-101774' />
    <nd ref='-101775' />
    <nd ref='-101776' />
    <nd ref='-101777' />
    <nd ref='-101778' />
    <nd ref='-101779' />
    <nd ref='-101780' />
    <nd ref='-101781' />
    <nd ref='-101782' />
    <nd ref='-101783' />
    <nd ref='-101784' />
    <nd ref='-101785' />
    <nd ref='-101786' />
    <nd ref='-101787' />
    <nd ref='-101788' />
    <nd ref='-101789' />
    <nd ref='-101790' />
    <nd ref='-101791' />
    <nd ref='-101792' />
    <nd ref='-101793' />
    <nd ref='-101794' />
    <nd ref='-101795' />
    <nd ref='-101796' />
    <nd ref='-101797' />
    <nd ref='-101798' />
    <nd ref='-101799' />
    <nd ref='-101800' />
    <nd ref='-101801' />
    <nd ref='-101802' />
    <nd ref='-101803' />
    <nd ref='-101804' />
    <nd ref='-101805' />
    <nd ref='-101806' />
    <nd ref='-101807' />
    <nd ref='-101808' />
    <nd ref='-101809' />
    <nd ref='-101810' />
    <nd ref='-101811' />
    <nd ref='-101812' />
    <nd ref='-101813' />
    <nd ref='-101814' />
    <nd ref='-101815' />
    <nd ref='-101816' />
    <nd ref='-101817' />
    <nd ref='-101818' />
    <nd ref='-101819' />
    <nd ref='-101820' />
    <nd ref='-101821' />
    <nd ref='-101822' />
    <nd ref='-101823' />
    <nd ref='-101824' />
    <nd ref='-101825' />
    <nd ref='-101826' />
    <nd ref='-101827' />
    <nd ref='-101828' />
    <nd ref='-101829' />
    <nd ref='-101830' />
    <nd ref='-101831' />
    <nd ref='-101832' />
    <nd ref='-101833' />
    <nd ref='-101834' />
    <nd ref='-101835' />
    <nd ref='-101836' />
    <nd ref='-101837' />
    <nd ref='-101838' />
    <nd ref='-101839' />
    <nd ref='-101840' />
    <nd ref='-101841' />
    <nd ref='-101842' />
    <nd ref='-101843' />
    <nd ref='-101844' />
    <nd ref='-101845' />
    <nd ref='-101846' />
    <nd ref='-101847' />
    <nd ref='-101848' />
    <nd ref='-101849' />
    <nd ref='-101850' />
    <nd ref='-101851' />
    <nd ref='-101852' />
    <nd ref='-101853' />
    <nd ref='-101854' />
    <nd ref='-101855' />
    <nd ref='-101856' />
    <nd ref='-101857' />
    <nd ref='-101858' />
    <nd ref='-101859' />
    <nd ref='-101860' />
    <nd ref='-101861' />
    <nd ref='-101862' />
    <nd ref='-101863' />
    <nd ref='-101864' />
    <nd ref='-101865' />
    <nd ref='-101866' />
    <nd ref='-101867' />
    <nd ref='-101868' />
    <nd ref='-101869' />
    <nd ref='-101870' />
    <nd ref='-101871' />
    <nd ref='-101872' />
    <nd ref='-101873' />
    <nd ref='-101874' />
    <nd ref='-101875' />
    <nd ref='-101876' />
    <nd ref='-101877' />
    <nd ref='-101878' />
    <nd ref='-101879' />
    <nd ref='-101880' />
    <nd ref='-101881' />
    <nd ref='-101882' />
    <nd ref='-101883' />
    <nd ref='-101884' />
    <nd ref='-101885' />
    <nd ref='-101886' />
    <nd ref='-101887' />
    <nd ref='-101888' />
    <nd ref='-101889' />
    <nd ref='-101890' />
    <nd ref='-101891' />
    <nd ref='-101892' />
    <nd ref='-101893' />
    <nd ref='-101894' />
    <nd ref='-101895' />
    <nd ref='-101896' />
    <nd ref='-101897' />
    <nd ref='-101898' />
    <nd ref='-101899' />
    <nd ref='-101900' />
    <nd ref='-101901' />
    <nd ref='-101902' />
    <nd ref='-101903' />
    <nd ref='-101904' />
    <nd ref='-101905' />
    <nd ref='-101906' />
    <nd ref='-101907' />
    <nd ref='-101908' />
    <nd ref='-101909' />
    <nd ref='-101910' />
    <nd ref='-101911' />
    <nd ref='-101912' />
    <nd ref='-101913' />
    <nd ref='-101914' />
    <nd ref='-101915' />
    <nd ref='-101916' />
    <nd ref='-101917' />
    <nd ref='-101918' />
    <nd ref='-101919' />
    <nd ref='-101920' />
    <nd ref='-101921' />
    <nd ref='-101922' />
    <nd ref='-101923' />
    <nd ref='-101924' />
    <nd ref='-101925' />
    <nd ref='-101926' />
    <nd ref='-101927' />
    <nd ref='-101928' />
    <nd ref='-101929' />
    <nd ref='-101930' />
    <nd ref='-101931' />
    <nd ref='-101932' />
    <nd ref='-101933' />
    <nd ref='-101934' />
    <nd ref='-101935' />
    <nd ref='-101936' />
    <nd ref='-101937' />
    <nd ref='-101938' />
    <nd ref='-101939' />
    <nd ref='-101940' />
    <nd ref='-101941' />
    <nd ref='-101942' />
    <nd ref='-101943' />
    <nd ref='-101944' />
    <nd ref='-101945' />
    <nd ref='-101946' />
    <nd ref='-101947' />
    <nd ref='-101948' />
    <nd ref='-101949' />
    <nd ref='-101950' />
    <nd ref='-101951' />
    <nd ref='-101952' />
    <nd ref='-101953' />
    <nd ref='-101954' />
    <nd ref='-101955' />
    <nd ref='-101956' />
    <nd ref='-101957' />
    <nd ref='-101958' />
    <nd ref='-101959' />
    <nd ref='-101960' />
    <nd ref='-101961' />
    <nd ref='-101962' />
    <nd ref='-101963' />
    <nd ref='-101964' />
    <nd ref='-101965' />
    <nd ref='-101966' />
    <nd ref='-101967' />
    <nd ref='-101968' />
    <nd ref='-101969' />
    <nd ref='-101970' />
    <nd ref='-101971' />
    <nd ref='-101972' />
    <nd ref='-101973' />
    <nd ref='-101974' />
    <nd ref='-101975' />
    <nd ref='-101976' />
    <nd ref='-101977' />
    <nd ref='-101978' />
    <nd ref='-101979' />
    <nd ref='-101980' />
    <nd ref='-101981' />
    <nd ref='-101982' />
    <nd ref='-101983' />
    <nd ref='-101984' />
    <nd ref='-101985' />
    <nd ref='-101986' />
    <nd ref='-101987' />
    <nd ref='-101988' />
    <nd ref='-101989' />
    <nd ref='-101990' />
    <nd ref='-101991' />
    <nd ref='-101992' />
    <nd ref='-101993' />
    <nd ref='-101994' />
    <nd ref='-101995' />
    <nd ref='-101996' />
    <nd ref='-101997' />
    <nd ref='-101998' />
    <nd ref='-101999' />
    <nd ref='-102000' />
    <nd ref='-102001' />
    <nd ref='-102002' />
    <nd ref='-102003' />
    <nd ref='-102004' />
    <nd ref='-102005' />
    <nd ref='-102006' />
    <nd ref='-102007' />
    <nd ref='-102008' />
    <nd ref='-102009' />
    <nd ref='-102010' />
    <nd ref='-102011' />
    <nd ref='-102012' />
    <nd ref='-102013' />
    <nd ref='-102014' />
    <nd ref='-102015' />
    <nd ref='-102016' />
    <nd ref='-102017' />
    <nd ref='-102018' />
    <nd ref='-102019' />
    <nd ref='-102020' />
    <nd ref='-102021' />
    <nd ref='-102022' />
    <nd ref='-102023' />
    <nd ref='-102024' />
    <nd ref='-102025' />
    <nd ref='-102026' />
    <nd ref='-102027' />
    <nd ref='-102028' />
    <nd ref='-102029' />
    <nd ref='-102030' />
    <nd ref='-102031' />
    <nd ref='-102032' />
    <nd ref='-102033' />
    <nd ref='-102034' />
    <nd ref='-102035' />
    <nd ref='-102036' />
    <nd ref='-102037' />
    <nd ref='-102038' />
    <nd ref='-102039' />
    <nd ref='-102040' />
    <nd ref='-102041' />
    <nd ref='-102042' />
    <nd ref='-102043' />
    <nd ref='-102044' />
    <nd ref='-102045' />
    <nd ref='-102046' />
    <nd ref='-102047' />
    <nd ref='-102048' />
    <nd ref='-102049' />
    <nd ref='-102050' />
    <nd ref='-102051' />
    <nd ref='-102052' />
    <nd ref='-102053' />
    <nd ref='-102054' />
    <nd ref='-102055' />
    <nd ref='-102056' />
    <nd ref='-102057' />
    <nd ref='-102058' />
    <nd ref='-102059' />
    <nd ref='-102060' />
  </way>
  <way id='-101783' action='modify' visible='true'>
    <nd ref='-102910' />
    <nd ref='-102911' />
    <nd ref='-102912' />
    <nd ref='-102913' />
    <nd ref='-102914' />
    <nd ref='-102915' />
    <nd ref='-102916' />
    <nd ref='-102917' />
    <nd ref='-102918' />
    <nd ref='-102919' />
    <nd ref='-102920' />
    <nd ref='-102921' />
    <nd ref='-102922' />
    <nd ref='-102923' />
    <nd ref='-102924' />
    <nd ref='-102925' />
    <nd ref='-102926' />
    <nd ref='-102927' />
    <nd ref='-102928' />
    <nd ref='-102929' />
    <nd ref='-102930' />
    <nd ref='-102931' />
    <nd ref='-102932' />
    <nd ref='-102933' />
    <nd ref='-102934' />
    <nd ref='-102935' />
    <nd ref='-102936' />
    <nd ref='-102937' />
    <nd ref='-102938' />
    <nd ref='-102939' />
    <nd ref='-102940' />
    <nd ref='-102941' />
    <nd ref='-102942' />
    <nd ref='-102943' />
    <nd ref='-102944' />
    <nd ref='-102945' />
    <nd ref='-102946' />
    <nd ref='-102947' />
    <nd ref='-102948' />
    <nd ref='-102949' />
    <nd ref='-102950' />
    <nd ref='-102951' />
    <nd ref='-102952' />
    <nd ref='-102953' />
    <nd ref='-102954' />
    <nd ref='-102955' />
    <nd ref='-102956' />
    <nd ref='-102957' />
    <nd ref='-102958' />
    <nd ref='-102959' />
    <nd ref='-102960' />
    <nd ref='-102961' />
    <nd ref='-102962' />
    <nd ref='-102963' />
    <nd ref='-102964' />
    <nd ref='-102965' />
    <nd ref='-102966' />
    <nd ref='-102967' />
    <nd ref='-102968' />
    <nd ref='-102969' />
    <nd ref='-102970' />
    <nd ref='-103054' />
    <nd ref='-103055' />
    <nd ref='-103056' />
    <nd ref='-103057' />
    <nd ref='-103058' />
    <nd ref='-103059' />
    <nd ref='-103060' />
    <nd ref='-103061' />
    <nd ref='-103062' />
    <nd ref='-103063' />
    <nd ref='-103064' />
    <nd ref='-103065' />
    <nd ref='-103066' />
    <nd ref='-103003' />
  </way>
  <way id='-101784' action='modify' visible='true'>
    <nd ref='-102798' />
    <nd ref='-102799' />
    <nd ref='-102800' />
    <nd ref='-102801' />
    <nd ref='-102802' />
    <nd ref='-102803' />
    <nd ref='-102804' />
    <nd ref='-102805' />
    <nd ref='-102806' />
    <nd ref='-102807' />
    <nd ref='-102808' />
    <nd ref='-102809' />
    <nd ref='-102810' />
    <nd ref='-102811' />
    <nd ref='-102812' />
    <nd ref='-102813' />
    <nd ref='-102814' />
    <nd ref='-102815' />
    <nd ref='-102816' />
    <nd ref='-102817' />
    <nd ref='-102818' />
    <nd ref='-102819' />
    <nd ref='-102820' />
    <nd ref='-102821' />
    <nd ref='-102822' />
    <nd ref='-102823' />
    <nd ref='-102824' />
    <nd ref='-102825' />
    <nd ref='-102826' />
    <nd ref='-102827' />
    <nd ref='-102828' />
    <nd ref='-102829' />
    <nd ref='-102830' />
    <nd ref='-102831' />
    <nd ref='-102832' />
    <nd ref='-102833' />
    <nd ref='-102834' />
    <nd ref='-102835' />
    <nd ref='-102836' />
    <nd ref='-102837' />
    <nd ref='-102838' />
    <nd ref='-102839' />
    <nd ref='-102840' />
    <nd ref='-102841' />
    <nd ref='-102842' />
    <nd ref='-102843' />
    <nd ref='-102844' />
    <nd ref='-102845' />
    <nd ref='-102846' />
    <nd ref='-102847' />
    <nd ref='-102848' />
    <nd ref='-102849' />
    <nd ref='-102850' />
    <nd ref='-102851' />
    <nd ref='-102852' />
    <nd ref='-102853' />
    <nd ref='-102854' />
    <nd ref='-102855' />
    <nd ref='-102856' />
    <nd ref='-102857' />
    <nd ref='-102858' />
    <nd ref='-102859' />
    <nd ref='-102860' />
    <nd ref='-102861' />
    <nd ref='-102862' />
    <nd ref='-102863' />
    <nd ref='-102864' />
    <nd ref='-102865' />
    <nd ref='-102866' />
    <nd ref='-102867' />
    <nd ref='-102868' />
    <nd ref='-102869' />
    <nd ref='-102870' />
    <nd ref='-102871' />
    <nd ref='-102872' />
    <nd ref='-102873' />
    <nd ref='-102874' />
    <nd ref='-102875' />
    <nd ref='-102876' />
    <nd ref='-102877' />
    <nd ref='-102878' />
    <nd ref='-102879' />
    <nd ref='-102880' />
    <nd ref='-102881' />
    <nd ref='-102882' />
    <nd ref='-102883' />
    <nd ref='-102884' />
    <nd ref='-102885' />
    <nd ref='-102886' />
    <nd ref='-102887' />
    <nd ref='-102888' />
    <nd ref='-102889' />
    <nd ref='-102890' />
    <nd ref='-102891' />
    <nd ref='-102892' />
    <nd ref='-102893' />
    <nd ref='-102894' />
    <nd ref='-102895' />
    <nd ref='-102896' />
    <nd ref='-102897' />
    <nd ref='-102898' />
    <nd ref='-102899' />
    <nd ref='-102900' />
    <nd ref='-102901' />
    <nd ref='-102902' />
    <nd ref='-102903' />
    <nd ref='-102904' />
    <nd ref='-102905' />
    <nd ref='-102906' />
    <nd ref='-102907' />
    <nd ref='-102908' />
    <nd ref='-102909' />
    <nd ref='-103024' />
    <nd ref='-103025' />
    <nd ref='-103026' />
    <nd ref='-103027' />
    <nd ref='-103028' />
    <nd ref='-103029' />
    <nd ref='-103030' />
    <nd ref='-103031' />
    <nd ref='-103032' />
  </way>
  <way id='-101785' action='modify' visible='true'>
    <nd ref='-102421' />
    <nd ref='-102422' />
    <nd ref='-102423' />
    <nd ref='-102424' />
    <nd ref='-102425' />
    <nd ref='-102426' />
    <nd ref='-102427' />
    <nd ref='-102428' />
    <nd ref='-102429' />
    <nd ref='-102430' />
    <nd ref='-102431' />
    <nd ref='-102432' />
    <nd ref='-102433' />
    <nd ref='-102434' />
    <nd ref='-102435' />
    <nd ref='-102436' />
    <nd ref='-102437' />
    <nd ref='-102438' />
    <nd ref='-102439' />
    <nd ref='-102440' />
    <nd ref='-102441' />
    <nd ref='-102442' />
    <nd ref='-102443' />
    <nd ref='-102444' />
    <nd ref='-102445' />
    <nd ref='-102446' />
    <nd ref='-102447' />
    <nd ref='-102448' />
    <nd ref='-102449' />
    <nd ref='-102450' />
    <nd ref='-102451' />
    <nd ref='-102452' />
    <nd ref='-102453' />
    <nd ref='-102454' />
    <nd ref='-102455' />
    <nd ref='-102456' />
    <nd ref='-102457' />
    <nd ref='-102458' />
    <nd ref='-102459' />
    <nd ref='-102460' />
    <nd ref='-102461' />
    <nd ref='-102462' />
    <nd ref='-102463' />
    <nd ref='-102464' />
    <nd ref='-102465' />
    <nd ref='-102466' />
    <nd ref='-102467' />
    <nd ref='-102468' />
    <nd ref='-102469' />
    <nd ref='-102470' />
    <nd ref='-102471' />
    <nd ref='-102472' />
    <nd ref='-102473' />
    <nd ref='-102474' />
    <nd ref='-102475' />
    <nd ref='-102476' />
    <nd ref='-102477' />
    <nd ref='-102478' />
    <nd ref='-102479' />
    <nd ref='-102480' />
    <nd ref='-102481' />
    <nd ref='-102482' />
    <nd ref='-102483' />
    <nd ref='-102484' />
    <nd ref='-102485' />
    <nd ref='-102486' />
    <nd ref='-102487' />
    <nd ref='-102488' />
    <nd ref='-102489' />
    <nd ref='-102490' />
    <nd ref='-102491' />
    <nd ref='-102492' />
    <nd ref='-102493' />
    <nd ref='-102494' />
    <nd ref='-102495' />
    <nd ref='-102496' />
    <nd ref='-102497' />
    <nd ref='-102498' />
    <nd ref='-102499' />
    <nd ref='-102500' />
    <nd ref='-102501' />
    <nd ref='-102502' />
    <nd ref='-102503' />
    <nd ref='-102504' />
    <nd ref='-102505' />
    <nd ref='-102506' />
    <nd ref='-102507' />
    <nd ref='-102508' />
    <nd ref='-102509' />
    <nd ref='-102510' />
    <nd ref='-102511' />
    <nd ref='-102512' />
    <nd ref='-102513' />
    <nd ref='-102514' />
    <nd ref='-102515' />
    <nd ref='-102516' />
    <nd ref='-102517' />
    <nd ref='-102518' />
    <nd ref='-102519' />
    <nd ref='-102520' />
    <nd ref='-102521' />
    <nd ref='-102522' />
    <nd ref='-102523' />
    <nd ref='-102524' />
    <nd ref='-102525' />
    <nd ref='-102526' />
    <nd ref='-102527' />
    <nd ref='-102528' />
    <nd ref='-102529' />
    <nd ref='-102530' />
    <nd ref='-102531' />
    <nd ref='-102532' />
    <nd ref='-102533' />
    <nd ref='-102534' />
    <nd ref='-102535' />
    <nd ref='-102536' />
    <nd ref='-102537' />
    <nd ref='-102538' />
    <nd ref='-102539' />
    <nd ref='-102540' />
    <nd ref='-102541' />
    <nd ref='-102542' />
    <nd ref='-102543' />
    <nd ref='-102544' />
    <nd ref='-102545' />
    <nd ref='-102546' />
    <nd ref='-102547' />
    <nd ref='-102548' />
    <nd ref='-102549' />
    <nd ref='-102550' />
    <nd ref='-102551' />
    <nd ref='-102552' />
    <nd ref='-102553' />
    <nd ref='-102554' />
    <nd ref='-102555' />
    <nd ref='-102556' />
    <nd ref='-102557' />
    <nd ref='-102558' />
    <nd ref='-102559' />
    <nd ref='-102560' />
    <nd ref='-102561' />
    <nd ref='-102562' />
    <nd ref='-102563' />
    <nd ref='-102564' />
    <nd ref='-102565' />
    <nd ref='-102566' />
    <nd ref='-102567' />
    <nd ref='-102568' />
    <nd ref='-102569' />
    <nd ref='-102570' />
    <nd ref='-102571' />
    <nd ref='-102572' />
    <nd ref='-102573' />
    <nd ref='-102574' />
    <nd ref='-102575' />
    <nd ref='-102576' />
    <nd ref='-102577' />
    <nd ref='-102578' />
    <nd ref='-102579' />
    <nd ref='-102580' />
    <nd ref='-102581' />
    <nd ref='-102582' />
    <nd ref='-102583' />
    <nd ref='-102584' />
    <nd ref='-102585' />
    <nd ref='-102586' />
    <nd ref='-102587' />
    <nd ref='-102588' />
    <nd ref='-102589' />
    <nd ref='-102590' />
    <nd ref='-102591' />
    <nd ref='-102592' />
    <nd ref='-102593' />
    <nd ref='-102594' />
    <nd ref='-102595' />
    <nd ref='-102596' />
    <nd ref='-102597' />
    <nd ref='-102598' />
    <nd ref='-102599' />
    <nd ref='-102600' />
    <nd ref='-102601' />
    <nd ref='-102602' />
    <nd ref='-102603' />
    <nd ref='-102604' />
    <nd ref='-102605' />
    <nd ref='-102606' />
    <nd ref='-102607' />
    <nd ref='-102608' />
    <nd ref='-102609' />
    <nd ref='-102610' />
    <nd ref='-102611' />
    <nd ref='-102612' />
    <nd ref='-102613' />
    <nd ref='-102614' />
    <nd ref='-102615' />
    <nd ref='-102616' />
  </way>
  <way id='-101786' action='modify' visible='true'>
    <nd ref='-102287' />
    <nd ref='-102288' />
    <nd ref='-102289' />
    <nd ref='-102290' />
    <nd ref='-102291' />
    <nd ref='-102292' />
    <nd ref='-102293' />
    <nd ref='-102294' />
    <nd ref='-102295' />
    <nd ref='-102296' />
    <nd ref='-102297' />
    <nd ref='-102298' />
    <nd ref='-102299' />
    <nd ref='-102300' />
    <nd ref='-102301' />
    <nd ref='-102302' />
    <nd ref='-102303' />
    <nd ref='-102304' />
    <nd ref='-102305' />
    <nd ref='-102306' />
    <nd ref='-102307' />
    <nd ref='-102308' />
    <nd ref='-102309' />
    <nd ref='-102310' />
    <nd ref='-102311' />
    <nd ref='-102312' />
    <nd ref='-102313' />
    <nd ref='-102314' />
    <nd ref='-102315' />
    <nd ref='-102316' />
    <nd ref='-102317' />
    <nd ref='-102318' />
    <nd ref='-102319' />
    <nd ref='-102320' />
    <nd ref='-102321' />
    <nd ref='-102322' />
    <nd ref='-102323' />
    <nd ref='-102324' />
    <nd ref='-102325' />
    <nd ref='-102326' />
    <nd ref='-102327' />
    <nd ref='-102328' />
    <nd ref='-102329' />
    <nd ref='-102330' />
    <nd ref='-102331' />
    <nd ref='-102332' />
    <nd ref='-102333' />
    <nd ref='-102334' />
    <nd ref='-102335' />
    <nd ref='-102336' />
    <nd ref='-102337' />
    <nd ref='-102338' />
    <nd ref='-102339' />
    <nd ref='-102340' />
    <nd ref='-102341' />
    <nd ref='-102342' />
    <nd ref='-102343' />
    <nd ref='-102344' />
    <nd ref='-102345' />
    <nd ref='-102346' />
    <nd ref='-102347' />
    <nd ref='-102348' />
    <nd ref='-102349' />
    <nd ref='-102350' />
    <nd ref='-102351' />
    <nd ref='-102352' />
    <nd ref='-102353' />
    <nd ref='-102354' />
    <nd ref='-102355' />
    <nd ref='-102356' />
    <nd ref='-102357' />
    <nd ref='-102358' />
    <nd ref='-102359' />
    <nd ref='-102360' />
    <nd ref='-102361' />
    <nd ref='-102362' />
    <nd ref='-102363' />
    <nd ref='-102364' />
    <nd ref='-102365' />
    <nd ref='-102366' />
    <nd ref='-102367' />
    <nd ref='-102368' />
    <nd ref='-102369' />
    <nd ref='-102370' />
    <nd ref='-102371' />
    <nd ref='-102372' />
    <nd ref='-102373' />
    <nd ref='-102374' />
    <nd ref='-102375' />
    <nd ref='-102376' />
    <nd ref='-102377' />
    <nd ref='-102378' />
    <nd ref='-102379' />
    <nd ref='-102380' />
    <nd ref='-102381' />
    <nd ref='-102382' />
    <nd ref='-102383' />
    <nd ref='-102384' />
    <nd ref='-102385' />
    <nd ref='-102386' />
    <nd ref='-102387' />
    <nd ref='-102388' />
    <nd ref='-102389' />
    <nd ref='-102390' />
    <nd ref='-102391' />
    <nd ref='-102392' />
    <nd ref='-102393' />
    <nd ref='-102394' />
    <nd ref='-102395' />
    <nd ref='-102396' />
    <nd ref='-102397' />
    <nd ref='-102398' />
    <nd ref='-102399' />
    <nd ref='-102400' />
    <nd ref='-102401' />
    <nd ref='-102402' />
    <nd ref='-102403' />
    <nd ref='-102404' />
    <nd ref='-102405' />
    <nd ref='-102406' />
    <nd ref='-102407' />
    <nd ref='-102408' />
    <nd ref='-102409' />
    <nd ref='-102410' />
    <nd ref='-102411' />
    <nd ref='-102412' />
    <nd ref='-102413' />
    <nd ref='-102414' />
    <nd ref='-102415' />
    <nd ref='-102416' />
    <nd ref='-102417' />
    <nd ref='-102418' />
    <nd ref='-102419' />
    <nd ref='-102420' />
    <nd ref='-103039' />
    <nd ref='-103040' />
    <nd ref='-103041' />
    <nd ref='-103042' />
    <nd ref='-103043' />
    <nd ref='-103044' />
    <nd ref='-103045' />
    <nd ref='-103046' />
    <nd ref='-103047' />
    <nd ref='-102174' />
  </way>
  <way id='-101787' action='modify' visible='true'>
    <nd ref='-102450' />
    <nd ref='-103053' />
    <nd ref='-103052' />
    <nd ref='-103051' />
    <nd ref='-103050' />
    <nd ref='-103049' />
    <nd ref='-103048' />
    <nd ref='-102189' />
    <nd ref='-102190' />
    <nd ref='-102191' />
    <nd ref='-102192' />
    <nd ref='-102193' />
    <nd ref='-102194' />
    <nd ref='-102195' />
    <nd ref='-102196' />
    <nd ref='-102197' />
    <nd ref='-102198' />
    <nd ref='-102199' />
    <nd ref='-102200' />
    <nd ref='-102201' />
    <nd ref='-102202' />
    <nd ref='-102203' />
    <nd ref='-102204' />
    <nd ref='-102205' />
    <nd ref='-102206' />
    <nd ref='-102207' />
    <nd ref='-102208' />
    <nd ref='-102209' />
    <nd ref='-102210' />
    <nd ref='-102211' />
    <nd ref='-102212' />
    <nd ref='-102213' />
    <nd ref='-102214' />
    <nd ref='-102215' />
    <nd ref='-102216' />
    <nd ref='-102217' />
    <nd ref='-102218' />
    <nd ref='-102219' />
    <nd ref='-102220' />
    <nd ref='-102221' />
    <nd ref='-102222' />
    <nd ref='-102223' />
    <nd ref='-102224' />
    <nd ref='-102225' />
    <nd ref='-102226' />
    <nd ref='-102227' />
    <nd ref='-102228' />
    <nd ref='-102229' />
    <nd ref='-102230' />
    <nd ref='-102231' />
    <nd ref='-102232' />
    <nd ref='-102233' />
    <nd ref='-102234' />
    <nd ref='-102235' />
    <nd ref='-102236' />
    <nd ref='-102237' />
    <nd ref='-102238' />
    <nd ref='-102239' />
    <nd ref='-102240' />
    <nd ref='-102241' />
    <nd ref='-102242' />
    <nd ref='-102243' />
    <nd ref='-102244' />
    <nd ref='-102245' />
    <nd ref='-102246' />
    <nd ref='-102247' />
    <nd ref='-102248' />
    <nd ref='-102249' />
    <nd ref='-102250' />
    <nd ref='-102251' />
    <nd ref='-102252' />
    <nd ref='-102253' />
    <nd ref='-102254' />
    <nd ref='-102255' />
    <nd ref='-102256' />
    <nd ref='-102257' />
    <nd ref='-102258' />
    <nd ref='-102259' />
    <nd ref='-102260' />
    <nd ref='-102261' />
    <nd ref='-102262' />
    <nd ref='-102263' />
    <nd ref='-102264' />
    <nd ref='-102265' />
    <nd ref='-102266' />
    <nd ref='-102267' />
    <nd ref='-102268' />
    <nd ref='-102269' />
    <nd ref='-102270' />
    <nd ref='-102271' />
    <nd ref='-102272' />
    <nd ref='-102273' />
    <nd ref='-102274' />
    <nd ref='-102275' />
    <nd ref='-102276' />
    <nd ref='-102277' />
    <nd ref='-102278' />
    <nd ref='-102279' />
    <nd ref='-102280' />
    <nd ref='-102281' />
    <nd ref='-102282' />
    <nd ref='-102283' />
    <nd ref='-102284' />
    <nd ref='-102285' />
    <nd ref='-102286' />
    <nd ref='-103019' />
    <nd ref='-103020' />
    <nd ref='-103021' />
    <nd ref='-102689' />
  </way>
  <way id='-101788' action='modify' visible='true'>
    <nd ref='-103003' />
    <nd ref='-103008' />
    <nd ref='-103007' />
    <nd ref='-103006' />
    <nd ref='-102971' />
    <nd ref='-102972' />
    <nd ref='-102973' />
    <nd ref='-102974' />
    <nd ref='-102975' />
    <nd ref='-102976' />
    <nd ref='-102977' />
    <nd ref='-102978' />
    <nd ref='-102979' />
    <nd ref='-102980' />
    <nd ref='-102981' />
    <nd ref='-102982' />
    <nd ref='-102983' />
    <nd ref='-102984' />
    <nd ref='-102985' />
    <nd ref='-102986' />
    <nd ref='-102987' />
    <nd ref='-102988' />
    <nd ref='-102989' />
    <nd ref='-102990' />
    <nd ref='-102991' />
    <nd ref='-102992' />
    <nd ref='-102993' />
    <nd ref='-102994' />
    <nd ref='-102995' />
    <nd ref='-102996' />
    <nd ref='-102997' />
    <nd ref='-102998' />
    <nd ref='-102999' />
    <nd ref='-103000' />
    <nd ref='-103001' />
    <nd ref='-103002' />
  </way>
  <way id='-101789' action='modify' visible='true'>
    <nd ref='-102674' />
    <nd ref='-103018' />
    <nd ref='-103017' />
    <nd ref='-103016' />
    <nd ref='-103015' />
    <nd ref='-102692' />
    <nd ref='-102693' />
    <nd ref='-102694' />
    <nd ref='-102695' />
    <nd ref='-102696' />
    <nd ref='-102697' />
    <nd ref='-102698' />
    <nd ref='-102699' />
    <nd ref='-102700' />
    <nd ref='-102701' />
    <nd ref='-102702' />
    <nd ref='-102703' />
    <nd ref='-102704' />
    <nd ref='-102705' />
    <nd ref='-102706' />
    <nd ref='-102707' />
    <nd ref='-102708' />
    <nd ref='-102709' />
    <nd ref='-102710' />
    <nd ref='-102711' />
    <nd ref='-102712' />
    <nd ref='-102713' />
    <nd ref='-102714' />
    <nd ref='-102715' />
    <nd ref='-102716' />
    <nd ref='-102717' />
    <nd ref='-102718' />
    <nd ref='-102719' />
    <nd ref='-102720' />
    <nd ref='-102721' />
    <nd ref='-102722' />
    <nd ref='-102723' />
    <nd ref='-102724' />
    <nd ref='-102725' />
    <nd ref='-102726' />
    <nd ref='-102727' />
    <nd ref='-102728' />
    <nd ref='-102729' />
    <nd ref='-102730' />
    <nd ref='-102731' />
    <nd ref='-102732' />
    <nd ref='-102733' />
    <nd ref='-102734' />
    <nd ref='-102735' />
    <nd ref='-102736' />
    <nd ref='-102737' />
    <nd ref='-102738' />
    <nd ref='-102739' />
    <nd ref='-102740' />
    <nd ref='-102741' />
    <nd ref='-102742' />
    <nd ref='-102743' />
    <nd ref='-102744' />
    <nd ref='-102745' />
    <nd ref='-102746' />
    <nd ref='-102747' />
    <nd ref='-102748' />
    <nd ref='-102749' />
    <nd ref='-102750' />
    <nd ref='-102751' />
    <nd ref='-102752' />
    <nd ref='-102753' />
    <nd ref='-102754' />
    <nd ref='-102755' />
    <nd ref='-102756' />
    <nd ref='-102757' />
    <nd ref='-102758' />
    <nd ref='-102759' />
    <nd ref='-102760' />
    <nd ref='-102761' />
    <nd ref='-102762' />
    <nd ref='-102763' />
    <nd ref='-102764' />
    <nd ref='-102765' />
    <nd ref='-102766' />
    <nd ref='-102767' />
    <nd ref='-102768' />
    <nd ref='-102769' />
    <nd ref='-102770' />
    <nd ref='-102771' />
    <nd ref='-102772' />
    <nd ref='-102773' />
    <nd ref='-102774' />
    <nd ref='-102775' />
    <nd ref='-102776' />
    <nd ref='-102777' />
    <nd ref='-102778' />
    <nd ref='-102779' />
    <nd ref='-102780' />
    <nd ref='-102781' />
    <nd ref='-102782' />
    <nd ref='-102783' />
    <nd ref='-102784' />
    <nd ref='-102785' />
    <nd ref='-102786' />
    <nd ref='-102787' />
    <nd ref='-102788' />
    <nd ref='-103009' />
    <nd ref='-103010' />
    <nd ref='-103011' />
    <nd ref='-103012' />
    <nd ref='-103013' />
    <nd ref='-103014' />
    <nd ref='-102791' />
  </way>
  <way id='-101790' action='modify' visible='true'>
    <nd ref='-102910' />
    <nd ref='-102789' />
    <nd ref='-102790' />
    <nd ref='-102791' />
    <nd ref='-102792' />
    <nd ref='-102793' />
    <nd ref='-102794' />
    <nd ref='-102795' />
    <nd ref='-102796' />
    <nd ref='-102797' />
    <nd ref='-102798' />
  </way>
  <way id='-101791' action='modify' visible='true'>
    <nd ref='-102639' />
    <nd ref='-102640' />
    <nd ref='-102641' />
    <nd ref='-102642' />
    <nd ref='-102643' />
    <nd ref='-102644' />
    <nd ref='-102645' />
    <nd ref='-102646' />
    <nd ref='-102647' />
    <nd ref='-102648' />
    <nd ref='-102649' />
    <nd ref='-102650' />
    <nd ref='-102651' />
    <nd ref='-102652' />
    <nd ref='-102653' />
    <nd ref='-102654' />
    <nd ref='-102655' />
    <nd ref='-102656' />
    <nd ref='-102657' />
    <nd ref='-102658' />
    <nd ref='-102659' />
    <nd ref='-102660' />
    <nd ref='-102661' />
    <nd ref='-102662' />
    <nd ref='-102663' />
    <nd ref='-102664' />
    <nd ref='-102665' />
    <nd ref='-102666' />
    <nd ref='-102667' />
    <nd ref='-102668' />
    <nd ref='-102669' />
    <nd ref='-102670' />
    <nd ref='-102671' />
    <nd ref='-102672' />
    <nd ref='-102673' />
    <nd ref='-102674' />
    <nd ref='-102675' />
    <nd ref='-102676' />
    <nd ref='-102677' />
    <nd ref='-102678' />
    <nd ref='-102679' />
    <nd ref='-102680' />
    <nd ref='-102681' />
    <nd ref='-102682' />
    <nd ref='-102683' />
    <nd ref='-102684' />
    <nd ref='-102685' />
    <nd ref='-102686' />
    <nd ref='-102687' />
    <nd ref='-102688' />
    <nd ref='-102689' />
    <nd ref='-102690' />
    <nd ref='-102691' />
    <nd ref='-103022' />
    <nd ref='-103023' />
    <nd ref='-102287' />
  </way>
  <way id='-101792' action='modify' visible='true'>
    <nd ref='-103029' />
    <nd ref='-103033' />
    <nd ref='-103034' />
    <nd ref='-103035' />
    <nd ref='-103036' />
    <nd ref='-103037' />
    <nd ref='-103038' />
    <nd ref='-102630' />
  </way>
  <way id='-101793' action='modify' visible='true'>
    <nd ref='-102616' />
    <nd ref='-103075' />
    <nd ref='-103074' />
    <nd ref='-102617' />
    <nd ref='-102618' />
    <nd ref='-102619' />
    <nd ref='-102620' />
    <nd ref='-102621' />
    <nd ref='-102622' />
    <nd ref='-102623' />
    <nd ref='-102624' />
    <nd ref='-102625' />
    <nd ref='-102626' />
    <nd ref='-102627' />
    <nd ref='-102628' />
    <nd ref='-102629' />
    <nd ref='-103032' />
  </way>
  <way id='-101794' action='modify' visible='true'>
    <nd ref='-103003' />
    <nd ref='-103004' />
    <nd ref='-103005' />
    <nd ref='-101752' />
  </way>
  <way id='-101795' action='modify' visible='true'>
    <nd ref='-102060' />
    <nd ref='-102061' />
    <nd ref='-102062' />
    <nd ref='-102063' />
    <nd ref='-102064' />
    <nd ref='-102065' />
    <nd ref='-102066' />
    <nd ref='-102067' />
    <nd ref='-102068' />
    <nd ref='-102069' />
    <nd ref='-102070' />
    <nd ref='-102071' />
    <nd ref='-102072' />
    <nd ref='-102073' />
    <nd ref='-102074' />
    <nd ref='-102075' />
    <nd ref='-102076' />
    <nd ref='-102077' />
    <nd ref='-102078' />
    <nd ref='-102079' />
    <nd ref='-102080' />
    <nd ref='-102081' />
    <nd ref='-102082' />
    <nd ref='-102083' />
    <nd ref='-102084' />
    <nd ref='-102085' />
    <nd ref='-102086' />
    <nd ref='-102087' />
    <nd ref='-102088' />
    <nd ref='-102089' />
    <nd ref='-102090' />
    <nd ref='-102091' />
    <nd ref='-102092' />
    <nd ref='-102093' />
    <nd ref='-102094' />
    <nd ref='-102095' />
    <nd ref='-102096' />
    <nd ref='-102097' />
    <nd ref='-102098' />
    <nd ref='-102099' />
    <nd ref='-102100' />
    <nd ref='-102101' />
    <nd ref='-102102' />
    <nd ref='-102103' />
    <nd ref='-102104' />
    <nd ref='-102105' />
    <nd ref='-102106' />
    <nd ref='-102107' />
    <nd ref='-102108' />
    <nd ref='-102109' />
    <nd ref='-102110' />
    <nd ref='-102111' />
    <nd ref='-102112' />
    <nd ref='-102113' />
    <nd ref='-102114' />
    <nd ref='-102115' />
    <nd ref='-102116' />
    <nd ref='-102117' />
    <nd ref='-102118' />
    <nd ref='-102119' />
    <nd ref='-102120' />
    <nd ref='-102121' />
    <nd ref='-102122' />
    <nd ref='-102123' />
    <nd ref='-102124' />
    <nd ref='-102125' />
    <nd ref='-102126' />
    <nd ref='-102127' />
    <nd ref='-102128' />
    <nd ref='-102129' />
    <nd ref='-102130' />
    <nd ref='-102131' />
    <nd ref='-102132' />
    <nd ref='-102133' />
    <nd ref='-102134' />
    <nd ref='-102135' />
    <nd ref='-102136' />
    <nd ref='-102137' />
    <nd ref='-102138' />
    <nd ref='-102139' />
    <nd ref='-102140' />
    <nd ref='-102141' />
    <nd ref='-102142' />
    <nd ref='-102143' />
    <nd ref='-102144' />
    <nd ref='-102145' />
    <nd ref='-102146' />
    <nd ref='-102147' />
    <nd ref='-102148' />
    <nd ref='-102149' />
    <nd ref='-102150' />
    <nd ref='-102151' />
    <nd ref='-102152' />
    <nd ref='-102153' />
    <nd ref='-102154' />
    <nd ref='-102155' />
    <nd ref='-102156' />
    <nd ref='-102157' />
    <nd ref='-102158' />
    <nd ref='-102159' />
    <nd ref='-102160' />
    <nd ref='-102161' />
    <nd ref='-102162' />
    <nd ref='-102163' />
    <nd ref='-102164' />
    <nd ref='-102165' />
    <nd ref='-102166' />
    <nd ref='-102167' />
    <nd ref='-102168' />
    <nd ref='-102169' />
    <nd ref='-102170' />
    <nd ref='-102171' />
    <nd ref='-102172' />
    <nd ref='-102173' />
    <nd ref='-102174' />
    <nd ref='-102175' />
    <nd ref='-102176' />
    <nd ref='-102177' />
    <nd ref='-102178' />
    <nd ref='-102179' />
    <nd ref='-102180' />
    <nd ref='-102181' />
    <nd ref='-102182' />
    <nd ref='-102183' />
    <nd ref='-102184' />
    <nd ref='-102185' />
    <nd ref='-102186' />
    <nd ref='-102187' />
    <nd ref='-102188' />
    <nd ref='-102421' />
  </way>
  <way id='-101796' action='modify' visible='true'>
    <nd ref='-102630' />
    <nd ref='-102631' />
    <nd ref='-102632' />
    <nd ref='-102633' />
    <nd ref='-102634' />
    <nd ref='-102635' />
    <nd ref='-102636' />
    <nd ref='-102637' />
    <nd ref='-103067' />
    <nd ref='-103068' />
    <nd ref='-103069' />
    <nd ref='-103070' />
    <nd ref='-103071' />
    <nd ref='-103072' />
    <nd ref='-102638' />
    <nd ref='-103073' />
    <nd ref='-102639' />
  </way>
</osm>
